event_id,event_timestamp,event_name,company_id,job_id,candidate_id,city,category
E000001,2026-01-01 00:00:00.000000,company_signup,C0001,,,Gurgaon,
E000002,2026-01-01 04:19:27.567567,company_signup,C0002,,,Hyderabad,
E000003,2026-01-01 08:38:55.135135,company_signup,C0003,,,Pune,
E000004,2026-01-01 12:58:22.702702,company_signup,C0004,,,Gurgaon,
E000005,2026-01-01 17:17:50.270270,company_signup,C0005,,,Bangalore,
E000006,2026-01-01 21:37:17.837837,company_signup,C0006,,,Lucknow,
E000007,2026-01-02 01:56:45.405405,company_signup,C0007,,,Pune,
E000008,2026-01-02 06:16:12.972972,company_signup,C0008,,,Pune,
E000009,2026-01-02 10:35:40.540540,company_signup,C0009,,,Gurgaon,
E000010,2026-01-02 14:55:08.108108,company_signup,C0010,,,Mumbai,
E000011,2026-01-02 19:14:35.675675,company_signup,C0011,,,Bangalore,
E000012,2026-01-02 23:34:03.243243,company_signup,C0012,,,Gurgaon,
E000013,2026-01-03 03:53:30.810810,company_signup,C0013,,,Bangalore,
E000014,2026-01-03 08:12:58.378378,company_signup,C0014,,,Bangalore,
E001637,2026-01-03 10:35:40.540540,job_posted,C0009,J00637,,Gurgaon,Marketing
E000015,2026-01-03 12:32:25.945945,company_signup,C0015,,,Lucknow,
E000016,2026-01-03 16:51:53.513513,company_signup,C0016,,,Pune,
E000017,2026-01-03 21:11:21.081081,company_signup,C0017,,,Hyderabad,
E000018,2026-01-04 01:30:48.648648,company_signup,C0018,,,Lucknow,
E002143,2026-01-04 03:53:30.810810,job_posted,C0013,J01143,,Bangalore,Marketing
E000019,2026-01-04 05:50:16.216216,company_signup,C0019,,,Lucknow,
E000020,2026-01-04 10:09:43.783783,company_signup,C0020,,,Bangalore,
E002199,2026-01-04 12:58:22.702702,job_posted,C0004,J01199,,Lucknow,Marketing
E000021,2026-01-04 14:29:11.351351,company_signup,C0021,,,Noida,
E000022,2026-01-04 18:48:38.918918,company_signup,C0022,,,Pune,
E000023,2026-01-04 23:08:06.486486,company_signup,C0023,,,Mumbai,
E001832,2026-01-05 01:30:48.648648,job_posted,C0018,J00832,,Delhi,Data Analyst
E000024,2026-01-05 03:27:34.054054,company_signup,C0024,,,Lucknow,
E000025,2026-01-05 07:47:01.621621,company_signup,C0025,,,Hyderabad,
E000026,2026-01-05 12:06:29.189189,company_signup,C0026,,,Noida,
E001021,2026-01-05 14:29:11.351351,job_posted,C0021,J00021,,Delhi,HR
E000027,2026-01-05 16:25:56.756756,company_signup,C0027,,,Noida,
E001024,2026-01-05 18:48:38.918918,job_posted,C0022,J00024,,Pune,Marketing
E000028,2026-01-05 20:45:24.324324,company_signup,C0028,,,Mumbai,
E001481,2026-01-05 23:34:03.243243,job_posted,C0012,J00481,,Bangalore,Software Engineer
E000029,2026-01-06 01:04:51.891891,company_signup,C0029,,,Lucknow,
E000030,2026-01-06 05:24:19.459459,company_signup,C0030,,,Hyderabad,
E000031,2026-01-06 09:43:47.027027,company_signup,C0031,,,Pune,
E000032,2026-01-06 14:03:14.594594,company_signup,C0032,,,Delhi,
E001022,2026-01-06 14:29:11.351351,job_posted,C0021,J00022,,Gurgaon,HR
E001020,2026-01-06 14:29:11.351351,job_posted,C0021,J00020,,Pune,Business Analyst
E001437,2026-01-06 16:51:53.513513,job_posted,C0016,J00437,,Lucknow,Data Analyst
E000033,2026-01-06 18:22:42.162162,company_signup,C0033,,,Hyderabad,
E000034,2026-01-06 22:42:09.729729,company_signup,C0034,,,Mumbai,
E001949,2026-01-07 01:04:51.891891,job_posted,C0029,J00949,,Mumbai,Software Engineer
E001833,2026-01-07 01:30:48.648648,job_posted,C0018,J00833,,Hyderabad,Data Analyst
E000035,2026-01-07 03:01:37.297297,company_signup,C0035,,,Noida,
E001695,2026-01-07 04:19:27.567567,job_posted,C0002,J00695,,Lucknow,Sales
E000036,2026-01-07 07:21:04.864864,company_signup,C0036,,,Pune,
E001640,2026-01-07 08:12:58.378378,job_posted,C0014,J00640,,Bangalore,Software Engineer
E000037,2026-01-07 11:40:32.432432,company_signup,C0037,,,Hyderabad,
E001849,2026-01-07 14:03:14.594594,job_posted,C0032,J00849,,Lucknow,Business Analyst
E000038,2026-01-07 16:00:00.000000,company_signup,C0038,,,Delhi,
E003545,2026-01-07 16:51:53.513513,job_viewed,C0016,J00437,U2248,Lucknow,Data Analyst
E001122,2026-01-07 18:22:42.162162,job_posted,C0033,J00122,,Gurgaon,Software Engineer
E000039,2026-01-07 20:19:27.567567,company_signup,C0039,,,Delhi,
E003652,2026-01-07 23:34:03.243243,job_viewed,C0012,J00481,U1931,Bangalore,Software Engineer
E000040,2026-01-08 00:38:55.135135,company_signup,C0040,,,Bangalore,
E002144,2026-01-08 03:53:30.810810,job_posted,C0013,J01144,,Noida,HR
E000041,2026-01-08 04:58:22.702702,company_signup,C0041,,,Bangalore,
E000042,2026-01-08 09:17:50.270270,company_signup,C0042,,,Gurgaon,
E001077,2026-01-08 09:43:47.027027,job_posted,C0031,J00077,,Lucknow,HR
E001078,2026-01-08 09:43:47.027027,job_posted,C0031,J00078,,Gurgaon,Software Engineer
E006113,2026-01-08 11:34:03.243243,application_submitted,C0012,J00481,U1931,Bangalore,Software Engineer
E005746,2026-01-08 12:58:22.702702,job_viewed,C0004,J01199,U1103,Lucknow,Marketing
E005745,2026-01-08 12:58:22.702702,job_viewed,C0004,J01199,U2922,Lucknow,Marketing
E000043,2026-01-08 13:37:17.837837,company_signup,C0043,,,Mumbai,
E000044,2026-01-08 17:56:45.405405,company_signup,C0044,,,Lucknow,
E000045,2026-01-08 22:16:12.972972,company_signup,C0045,,,Hyderabad,
E003654,2026-01-08 23:34:03.243243,job_viewed,C0012,J00481,U2164,Bangalore,Software Engineer
E000046,2026-01-09 02:35:40.540540,company_signup,C0046,,,Hyderabad,
E001117,2026-01-09 03:27:34.054054,job_posted,C0024,J00117,,Gurgaon,Sales
E005589,2026-01-09 03:53:30.810810,job_viewed,C0013,J01143,U1110,Bangalore,Marketing
E001068,2026-01-09 05:24:19.459459,job_posted,C0030,J00068,,Bangalore,Marketing
E000047,2026-01-09 06:55:08.108108,company_signup,C0047,,,Lucknow,
E001679,2026-01-09 10:09:43.783783,job_posted,C0020,J00679,,Delhi,Software Engineer
E000048,2026-01-09 11:14:35.675675,company_signup,C0048,,,Gurgaon,
E002268,2026-01-09 14:29:11.351351,job_viewed,C0021,J00022,U2170,Gurgaon,HR
E000049,2026-01-09 15:34:03.243243,company_signup,C0049,,,Noida,
E002277,2026-01-09 18:48:38.918918,job_viewed,C0022,J00024,U0808,Pune,Marketing
E001978,2026-01-09 19:14:35.675675,job_posted,C0011,J00978,,Mumbai,Data Analyst
E000050,2026-01-09 19:53:30.810810,company_signup,C0050,,,Noida,
E000051,2026-01-10 00:12:58.378378,company_signup,C0051,,,Gurgaon,
E001948,2026-01-10 01:04:51.891891,job_posted,C0029,J00948,,Noida,Software Engineer
E000052,2026-01-10 04:32:25.945945,company_signup,C0052,,,Noida,
E001835,2026-01-10 05:50:16.216216,job_posted,C0019,J00835,,Delhi,Software Engineer
E000053,2026-01-10 08:51:53.513513,company_signup,C0053,,,Bangalore,
E002440,2026-01-10 09:43:47.027027,job_viewed,C0031,J00078,U2157,Gurgaon,Software Engineer
E000054,2026-01-10 13:11:21.081081,company_signup,C0054,,,Hyderabad,
E001439,2026-01-10 16:51:53.513513,job_posted,C0016,J00439,,Lucknow,Data Analyst
E000055,2026-01-10 17:30:48.648648,company_signup,C0055,,,Gurgaon,
E001474,2026-01-10 17:56:45.405405,job_posted,C0044,J00474,,Lucknow,Sales
E005099,2026-01-10 19:14:35.675675,job_viewed,C0011,J00978,U1706,Mumbai,Data Analyst
E000056,2026-01-10 21:50:16.216216,company_signup,C0056,,,Hyderabad,
E005021,2026-01-11 01:04:51.891891,job_viewed,C0029,J00949,U0027,Mumbai,Software Engineer
E006600,2026-01-11 01:53:30.810810,application_submitted,C0013,J01143,U1110,Bangalore,Marketing
E000057,2026-01-11 02:09:43.783783,company_signup,C0057,,,Lucknow,
E005586,2026-01-11 03:53:30.810810,job_viewed,C0013,J01143,U2423,Bangalore,Marketing
E001598,2026-01-11 04:58:22.702702,job_posted,C0041,J00598,,Pune,Software Engineer
E000058,2026-01-11 06:29:11.351351,company_signup,C0058,,,Delhi,
E001680,2026-01-11 10:09:43.783783,job_posted,C0020,J00680,,Mumbai,Marketing
E000059,2026-01-11 10:48:38.918918,company_signup,C0059,,,Bangalore,
E001374,2026-01-11 11:40:32.432432,job_posted,C0037,J00374,,Delhi,Marketing
E000060,2026-01-11 15:08:06.486486,company_signup,C0060,,,Pune,
E003544,2026-01-11 16:51:53.513513,job_viewed,C0016,J00437,U1782,Lucknow,Data Analyst
E003633,2026-01-11 17:56:45.405405,job_viewed,C0044,J00474,U0243,Lucknow,Sales
E000061,2026-01-11 19:27:34.054054,company_signup,C0061,,,Bangalore,
E001480,2026-01-11 23:34:03.243243,job_posted,C0012,J00480,,Bangalore,Sales
E000062,2026-01-11 23:47:01.621621,company_signup,C0062,,,Gurgaon,
E006459,2026-01-12 04:04:51.891891,application_submitted,C0029,J00949,U0027,Mumbai,Software Engineer
E000063,2026-01-12 04:06:29.189189,company_signup,C0063,,,Pune,
E001639,2026-01-12 08:12:58.378378,job_posted,C0014,J00639,,Gurgaon,Data Analyst
E000064,2026-01-12 08:25:56.756756,company_signup,C0064,,,Delhi,
E001678,2026-01-12 10:09:43.783783,job_posted,C0020,J00678,,Hyderabad,Business Analyst
E003375,2026-01-12 11:40:32.432432,job_viewed,C0037,J00374,U1664,Delhi,Marketing
E000065,2026-01-12 12:45:24.324324,company_signup,C0065,,,Gurgaon,
E000066,2026-01-12 17:04:51.891891,company_signup,C0066,,,Mumbai,
E001977,2026-01-12 19:14:35.675675,job_posted,C0011,J00977,,Delhi,Business Analyst
E001212,2026-01-12 19:53:30.810810,job_posted,C0050,J00212,,Lucknow,Sales
E000067,2026-01-12 21:24:19.459459,company_signup,C0067,,,Hyderabad,
E001479,2026-01-12 23:34:03.243243,job_posted,C0012,J00479,,Noida,Sales
E001834,2026-01-13 01:30:48.648648,job_posted,C0018,J00834,,Gurgaon,Software Engineer
E000068,2026-01-13 01:43:47.027027,company_signup,C0068,,,Delhi,
E000069,2026-01-13 06:03:14.594594,company_signup,C0069,,,Hyderabad,
E000070,2026-01-13 10:22:42.162162,company_signup,C0070,,,Noida,
E006046,2026-01-13 10:40:32.432432,application_submitted,C0037,J00374,U1664,Delhi,Marketing
E000071,2026-01-13 14:42:09.729729,company_signup,C0071,,,Mumbai,
E001802,2026-01-13 17:30:48.648648,job_posted,C0055,J00802,,Lucknow,Sales
E003631,2026-01-13 17:56:45.405405,job_viewed,C0044,J00474,U0101,Lucknow,Sales
E000072,2026-01-13 19:01:37.297297,company_signup,C0072,,,Mumbai,
E001594,2026-01-13 21:11:21.081081,job_posted,C0017,J00594,,Delhi,Marketing
E000073,2026-01-13 23:21:04.864864,company_signup,C0073,,,Delhi,
E001323,2026-01-13 23:47:01.621621,job_posted,C0062,J00323,,Gurgaon,Business Analyst
E001472,2026-01-14 02:09:43.783783,job_posted,C0057,J00472,,Delhi,Sales
E000074,2026-01-14 03:40:32.432432,company_signup,C0074,,,Mumbai,
E004000,2026-01-14 04:58:22.702702,job_viewed,C0041,J00598,U2365,Pune,Software Engineer
E000075,2026-01-14 08:00:00.000000,company_signup,C0075,,,Pune,
E000076,2026-01-14 12:19:27.567567,company_signup,C0076,,,Mumbai,
E002270,2026-01-14 14:29:11.351351,job_viewed,C0021,J00022,U1944,Gurgaon,HR
E000077,2026-01-14 16:38:55.135135,company_signup,C0077,,,Hyderabad,
E002875,2026-01-14 19:53:30.810810,job_viewed,C0050,J00212,U0670,Lucknow,Sales
E001213,2026-01-14 19:53:30.810810,job_posted,C0050,J00213,,Hyderabad,HR
E000078,2026-01-14 20:58:22.702702,company_signup,C0078,,,Hyderabad,
E003986,2026-01-14 21:11:21.081081,job_viewed,C0017,J00594,U1807,Delhi,Marketing
E001379,2026-01-14 22:16:12.972972,job_posted,C0045,J00379,,Delhi,Sales
E003645,2026-01-14 23:34:03.243243,job_viewed,C0012,J00479,U1071,Noida,Sales
E000079,2026-01-15 01:17:50.270270,company_signup,C0079,,,Gurgaon,
E004707,2026-01-15 01:30:48.648648,job_viewed,C0018,J00834,U0505,Gurgaon,Software Engineer
E004702,2026-01-15 01:30:48.648648,job_viewed,C0018,J00832,U1675,Delhi,Data Analyst
E001119,2026-01-15 03:27:34.054054,job_posted,C0024,J00119,,Hyderabad,Software Engineer
E000080,2026-01-15 05:37:17.837837,company_signup,C0080,,,Hyderabad,
E006106,2026-01-15 06:56:45.405405,application_submitted,C0044,J00474,U0101,Lucknow,Sales
E000081,2026-01-15 09:56:45.405405,company_signup,C0081,,,Gurgaon,
E004242,2026-01-15 10:09:43.783783,job_viewed,C0020,J00679,U2598,Delhi,Software Engineer
E001638,2026-01-15 10:35:40.540540,job_posted,C0009,J00638,,Lucknow,Marketing
E003379,2026-01-15 11:40:32.432432,job_viewed,C0037,J00374,U1700,Delhi,Marketing
E001590,2026-01-15 12:19:27.567567,job_posted,C0076,J00590,,Pune,Software Engineer
E000082,2026-01-15 14:16:12.972972,company_signup,C0082,,,Hyderabad,
E001054,2026-01-15 14:42:09.729729,job_posted,C0071,J00054,,Hyderabad,Software Engineer
E001583,2026-01-15 16:25:56.756756,job_posted,C0027,J00583,,Pune,Marketing
E001438,2026-01-15 16:51:53.513513,job_posted,C0016,J00438,,Bangalore,Sales
E005778,2026-01-15 18:29:11.351351,application_submitted,C0021,J00022,U1944,Gurgaon,HR
E000083,2026-01-15 18:35:40.540540,company_signup,C0083,,,Pune,
E002877,2026-01-15 19:53:30.810810,job_viewed,C0050,J00213,U2122,Hyderabad,HR
E003990,2026-01-15 21:11:21.081081,job_viewed,C0017,J00594,U2428,Delhi,Marketing
E000084,2026-01-15 22:55:08.108108,company_signup,C0084,,,Lucknow,
E005023,2026-01-16 01:04:51.891891,job_viewed,C0029,J00949,U0309,Mumbai,Software Engineer
E001422,2026-01-16 01:17:50.270270,job_posted,C0079,J00422,,Mumbai,HR
E001214,2026-01-16 03:01:37.297297,job_posted,C0035,J00214,,Noida,Marketing
E000085,2026-01-16 03:14:35.675675,company_signup,C0085,,,Gurgaon,
E005590,2026-01-16 03:53:30.810810,job_viewed,C0013,J01144,U0531,Noida,HR
E001128,2026-01-16 06:29:11.351351,job_posted,C0058,J00128,,Delhi,Software Engineer
E000086,2026-01-16 07:34:03.243243,company_signup,C0086,,,Bangalore,
E006194,2026-01-16 08:11:21.081081,application_submitted,C0017,J00594,U1807,Delhi,Marketing
E002073,2026-01-16 09:17:50.270270,job_posted,C0042,J01073,,Hyderabad,Sales
E004237,2026-01-16 10:09:43.783783,job_viewed,C0020,J00679,U2259,Delhi,Software Engineer
E004239,2026-01-16 10:09:43.783783,job_viewed,C0020,J00679,U1506,Delhi,Software Engineer
E003378,2026-01-16 11:40:32.432432,job_viewed,C0037,J00374,U2229,Delhi,Marketing
E000087,2026-01-16 11:53:30.810810,company_signup,C0087,,,Noida,
E002265,2026-01-16 14:29:11.351351,job_viewed,C0021,J00021,U2799,Delhi,HR
E006366,2026-01-16 15:30:48.648648,application_submitted,C0018,J00832,U1675,Delhi,Data Analyst
E000088,2026-01-16 16:12:58.378378,company_signup,C0088,,,Delhi,
E006111,2026-01-16 17:34:03.243243,application_submitted,C0012,J00479,U1071,Noida,Sales
E005098,2026-01-16 19:14:35.675675,job_viewed,C0011,J00977,U1911,Delhi,Business Analyst
E002876,2026-01-16 19:53:30.810810,job_viewed,C0050,J00212,U0917,Lucknow,Sales
E000089,2026-01-16 20:32:25.945945,company_signup,C0089,,,Hyderabad,
E006253,2026-01-16 22:09:43.783783,application_submitted,C0020,J00679,U2598,Delhi,Software Engineer
E003223,2026-01-16 23:47:01.621621,job_viewed,C0062,J00323,U1503,Gurgaon,Business Analyst
E000090,2026-01-17 00:51:53.513513,company_signup,C0090,,,Mumbai,
E000091,2026-01-17 05:11:21.081081,company_signup,C0091,,,Lucknow,
E006601,2026-01-17 07:53:30.810810,application_submitted,C0013,J01144,U0531,Noida,HR
E000092,2026-01-17 09:30:48.648648,company_signup,C0092,,,Hyderabad,
E001375,2026-01-17 11:40:32.432432,job_posted,C0037,J00375,,Lucknow,Marketing
E000093,2026-01-17 13:50:16.216216,company_signup,C0093,,,Mumbai,
E002266,2026-01-17 14:29:11.351351,job_viewed,C0021,J00021,U2467,Delhi,HR
E000094,2026-01-17 18:09:43.783783,company_signup,C0094,,,Noida,
E005100,2026-01-17 19:14:35.675675,job_viewed,C0011,J00978,U0353,Mumbai,Data Analyst
E002072,2026-01-17 20:32:25.945945,job_posted,C0089,J01072,,Lucknow,HR
E003987,2026-01-17 21:11:21.081081,job_viewed,C0017,J00594,U2236,Delhi,Marketing
E000095,2026-01-17 22:29:11.351351,company_signup,C0095,,,Noida,
E003226,2026-01-17 23:47:01.621621,job_viewed,C0062,J00323,U0814,Gurgaon,Business Analyst
E001423,2026-01-18 01:17:50.270270,job_posted,C0079,J00423,,Noida,HR
E003507,2026-01-18 01:17:50.270270,job_viewed,C0079,J00422,U2214,Mumbai,HR
E001295,2026-01-18 01:43:47.027027,job_posted,C0068,J00295,,Pune,Sales
E000096,2026-01-18 02:48:38.918918,company_signup,C0096,,,Noida,
E001118,2026-01-18 03:27:34.054054,job_posted,C0024,J00118,,Hyderabad,Software Engineer
E000097,2026-01-18 07:08:06.486486,company_signup,C0097,,,Mumbai,
E004245,2026-01-18 10:09:43.783783,job_viewed,C0020,J00680,U0987,Mumbai,Marketing
E004243,2026-01-18 10:09:43.783783,job_viewed,C0020,J00679,U1892,Delhi,Software Engineer
E004121,2026-01-18 10:35:40.540540,job_viewed,C0009,J00637,U2917,Gurgaon,Marketing
E001652,2026-01-18 10:48:38.918918,job_posted,C0059,J00652,,Bangalore,Sales
E001654,2026-01-18 10:48:38.918918,job_posted,C0059,J00654,,Delhi,Data Analyst
E000098,2026-01-18 11:27:34.054054,company_signup,C0098,,,Hyderabad,
E000099,2026-01-18 15:47:01.621621,company_signup,C0099,,,Noida,
E000100,2026-01-18 20:06:29.189189,company_signup,C0100,,,Pune,
E005381,2026-01-18 20:32:25.945945,job_viewed,C0089,J01072,U1609,Lucknow,HR
E001889,2026-01-18 22:55:08.108108,job_posted,C0084,J00889,,Noida,Business Analyst
E000101,2026-01-19 00:25:56.756756,company_signup,C0101,,,Gurgaon,
E000102,2026-01-19 04:45:24.324324,company_signup,C0102,,,Mumbai,
E001599,2026-01-19 04:58:22.702702,job_posted,C0041,J00599,,Hyderabad,Business Analyst
E001469,2026-01-19 05:37:17.837837,job_posted,C0080,J00469,,Noida,HR
E001702,2026-01-19 07:21:04.864864,job_posted,C0036,J00702,,Bangalore,Business Analyst
E001564,2026-01-19 08:25:56.756756,job_posted,C0064,J00564,,Lucknow,Business Analyst
E000103,2026-01-19 09:04:51.891891,company_signup,C0103,,,Mumbai,
E003978,2026-01-19 12:19:27.567567,job_viewed,C0076,J00590,U2805,Pune,Software Engineer
E000104,2026-01-19 13:24:19.459459,company_signup,C0104,,,Hyderabad,
E001696,2026-01-19 14:16:12.972972,job_posted,C0082,J00696,,Pune,Marketing
E001153,2026-01-19 16:00:00.000000,job_posted,C0038,J00153,,Bangalore,Business Analyst
E001582,2026-01-19 16:25:56.756756,job_posted,C0027,J00582,,Mumbai,Marketing
E001109,2026-01-19 17:04:51.891891,job_posted,C0066,J00109,,Bangalore,Sales
E000105,2026-01-19 17:43:47.027027,company_signup,C0105,,,Mumbai,
E006081,2026-01-19 21:17:50.270270,application_submitted,C0079,J00422,U2214,Mumbai,HR
E000106,2026-01-19 22:03:14.594594,company_signup,C0106,,,Mumbai,
E006189,2026-01-20 00:19:27.567567,application_submitted,C0076,J00590,U2805,Pune,Software Engineer
E000107,2026-01-20 02:22:42.162162,company_signup,C0107,,,Noida,
E001744,2026-01-20 02:48:38.918918,job_posted,C0096,J00744,,Pune,HR
E002559,2026-01-20 03:27:34.054054,job_viewed,C0024,J00118,U2653,Hyderabad,Software Engineer
E001468,2026-01-20 05:37:17.837837,job_posted,C0080,J00468,,Pune,Sales
E001467,2026-01-20 05:37:17.837837,job_posted,C0080,J00467,,Bangalore,Data Analyst
E000108,2026-01-20 06:42:09.729729,company_signup,C0108,,,Hyderabad,
E001703,2026-01-20 07:21:04.864864,job_posted,C0036,J00703,,Delhi,Data Analyst
E003901,2026-01-20 08:25:56.756756,job_viewed,C0064,J00564,U1165,Lucknow,Business Analyst
E000109,2026-01-20 11:01:37.297297,company_signup,C0109,,,Noida,
E001791,2026-01-20 11:53:30.810810,job_posted,C0087,J00791,,Gurgaon,Software Engineer
E002263,2026-01-20 14:29:11.351351,job_viewed,C0021,J00020,U1486,Pune,Business Analyst
E000110,2026-01-20 15:21:04.864864,company_signup,C0110,,,Gurgaon,
E001892,2026-01-20 15:34:03.243243,job_posted,C0049,J00892,,Hyderabad,Software Engineer
E001266,2026-01-20 16:38:55.135135,job_posted,C0077,J00266,,Gurgaon,Marketing
E002540,2026-01-20 17:04:51.891891,job_viewed,C0066,J00109,U2431,Bangalore,Sales
E002276,2026-01-20 18:48:38.918918,job_viewed,C0022,J00024,U2046,Pune,Marketing
E000111,2026-01-20 19:40:32.432432,company_signup,C0111,,,Lucknow,
E000112,2026-01-21 00:00:00.000000,company_signup,C0112,,,Gurgaon,
E002163,2026-01-21 00:51:53.513513,job_posted,C0090,J01163,,Mumbai,HR
E002561,2026-01-21 03:27:34.054054,job_viewed,C0024,J00119,U1450,Hyderabad,Software Engineer
E000113,2026-01-21 04:19:27.567567,company_signup,C0113,,,Lucknow,
E003999,2026-01-21 04:58:22.702702,job_viewed,C0041,J00598,U0992,Pune,Software Engineer
E000114,2026-01-21 08:38:55.135135,company_signup,C0114,,,Noida,
E000115,2026-01-21 12:58:22.702702,company_signup,C0115,,,Gurgaon,
E000116,2026-01-21 17:17:50.270270,company_signup,C0116,,,Hyderabad,
E002275,2026-01-21 18:48:38.918918,job_viewed,C0022,J00024,U0463,Pune,Marketing
E000117,2026-01-21 21:37:17.837837,company_signup,C0117,,,Delhi,
E001891,2026-01-21 22:55:08.108108,job_posted,C0084,J00891,,Delhi,Business Analyst
E001711,2026-01-22 00:00:00.000000,job_posted,C0112,J00711,,Hyderabad,Sales
E001477,2026-01-22 00:25:56.756756,job_posted,C0101,J00477,,Noida,Sales
E000118,2026-01-22 01:56:45.405405,company_signup,C0118,,,Noida,
E002557,2026-01-22 03:27:34.054054,job_viewed,C0024,J00118,U0891,Hyderabad,Software Engineer
E005588,2026-01-22 03:53:30.810810,job_viewed,C0013,J01143,U0188,Bangalore,Marketing
E001150,2026-01-22 05:11:21.081081,job_posted,C0091,J00150,,Mumbai,Marketing
E003620,2026-01-22 05:37:17.837837,job_viewed,C0080,J00469,U0395,Noida,HR
E000119,2026-01-22 06:16:12.972972,company_signup,C0119,,,Lucknow,
E004248,2026-01-22 10:09:43.783783,job_viewed,C0020,J00680,U1404,Mumbai,Marketing
E000120,2026-01-22 10:35:40.540540,company_signup,C0120,,,Pune,
E004573,2026-01-22 11:53:30.810810,job_viewed,C0087,J00791,U0710,Gurgaon,Software Engineer
E002052,2026-01-22 13:24:19.459459,job_posted,C0104,J01052,,Noida,Sales
E004302,2026-01-22 14:16:12.972972,job_viewed,C0082,J00696,U1579,Pune,Marketing
E002269,2026-01-22 14:29:11.351351,job_viewed,C0021,J00022,U2092,Gurgaon,HR
E002267,2026-01-22 14:29:11.351351,job_viewed,C0021,J00021,U2467,Delhi,HR
E002378,2026-01-22 14:42:09.729729,job_viewed,C0071,J00054,U0580,Hyderabad,Software Engineer
E000121,2026-01-22 14:55:08.108108,company_signup,C0121,,,Lucknow,
E001893,2026-01-22 15:34:03.243243,job_posted,C0049,J00893,,Hyderabad,Data Analyst
E001108,2026-01-22 17:04:51.891891,job_posted,C0066,J00108,,Pune,Data Analyst
E001401,2026-01-22 17:17:50.270270,job_posted,C0116,J00401,,Mumbai,Marketing
E001154,2026-01-22 18:09:43.783783,job_posted,C0094,J00154,,Gurgaon,Business Analyst
E000122,2026-01-22 19:14:35.675675,company_signup,C0122,,,Pune,
E001211,2026-01-22 19:53:30.810810,job_posted,C0050,J00211,,Gurgaon,HR
E001380,2026-01-22 22:16:12.972972,job_posted,C0045,J00380,,Hyderabad,HR
E004835,2026-01-22 22:55:08.108108,job_viewed,C0084,J00889,U1110,Noida,Business Analyst
E005844,2026-01-22 23:27:34.054054,application_submitted,C0024,J00119,U1450,Hyderabad,Software Engineer
E000123,2026-01-22 23:34:03.243243,company_signup,C0123,,,Mumbai,
E005020,2026-01-23 01:04:51.891891,job_viewed,C0029,J00949,U0234,Mumbai,Software Engineer
E005591,2026-01-23 03:53:30.810810,job_viewed,C0013,J01144,U0963,Noida,HR
E000124,2026-01-23 03:53:30.810810,company_signup,C0124,,,Gurgaon,
E005585,2026-01-23 03:53:30.810810,job_viewed,C0013,J01143,U1188,Bangalore,Marketing
E001263,2026-01-23 04:32:25.945945,job_posted,C0052,J00263,,Noida,Marketing
E002663,2026-01-23 05:11:21.081081,job_viewed,C0091,J00150,U1555,Mumbai,Marketing
E004708,2026-01-23 05:50:16.216216,job_viewed,C0019,J00835,U2788,Delhi,Software Engineer
E001485,2026-01-23 06:42:09.729729,job_posted,C0108,J00485,,Gurgaon,HR
E004320,2026-01-23 07:21:04.864864,job_viewed,C0036,J00702,U2868,Bangalore,Business Analyst
E004326,2026-01-23 07:21:04.864864,job_viewed,C0036,J00703,U1897,Delhi,Data Analyst
E000125,2026-01-23 08:12:58.378378,company_signup,C0125,,,Pune,
E001749,2026-01-23 09:30:48.648648,job_posted,C0092,J00749,,Noida,Sales
E004123,2026-01-23 10:35:40.540540,job_viewed,C0009,J00637,U1957,Gurgaon,Marketing
E000126,2026-01-23 12:32:25.945945,company_signup,C0126,,,Lucknow,
E004298,2026-01-23 14:16:12.972972,job_viewed,C0082,J00696,U1597,Pune,Marketing
E001141,2026-01-23 15:08:06.486486,job_posted,C0060,J00141,,Pune,Data Analyst
E001248,2026-01-23 15:21:04.864864,job_posted,C0110,J00248,,Pune,Business Analyst
E000127,2026-01-23 16:51:53.513513,company_signup,C0127,,,Mumbai,
E002537,2026-01-23 17:04:51.891891,job_viewed,C0066,J00109,U1554,Bangalore,Sales
E002673,2026-01-23 18:09:43.783783,job_viewed,C0094,J00154,U0481,Gurgaon,Business Analyst
E000128,2026-01-23 21:11:21.081081,company_signup,C0128,,,Delhi,
E003989,2026-01-23 21:11:21.081081,job_viewed,C0017,J00594,U2153,Delhi,Marketing
E004834,2026-01-23 22:55:08.108108,job_viewed,C0084,J00889,U1470,Noida,Business Analyst
E005777,2026-01-23 23:29:11.351351,application_submitted,C0021,J00021,U2467,Delhi,HR
E003657,2026-01-23 23:34:03.243243,job_viewed,C0012,J00481,U2514,Bangalore,Software Engineer
E001710,2026-01-24 00:00:00.000000,job_posted,C0112,J00710,,Gurgaon,Sales
E003636,2026-01-24 00:25:56.756756,job_viewed,C0101,J00477,U0770,Noida,Sales
E000129,2026-01-24 01:30:48.648648,company_signup,C0129,,,Hyderabad,
E006599,2026-01-24 02:53:30.810810,application_submitted,C0013,J01143,U0188,Bangalore,Marketing
E003023,2026-01-24 04:32:25.945945,job_viewed,C0052,J00263,U2188,Noida,Marketing
E001264,2026-01-24 04:32:25.945945,job_posted,C0052,J00264,,Gurgaon,Software Engineer
E000130,2026-01-24 05:50:16.216216,company_signup,C0130,,,Hyderabad,
E000131,2026-01-24 10:09:43.783783,company_signup,C0131,,,Hyderabad,
E004124,2026-01-24 10:35:40.540540,job_viewed,C0009,J00638,U1191,Lucknow,Marketing
E001653,2026-01-24 10:48:38.918918,job_posted,C0059,J00653,,Gurgaon,Marketing
E005836,2026-01-24 11:04:51.891891,application_submitted,C0066,J00109,U1554,Bangalore,Sales
E003377,2026-01-24 11:40:32.432432,job_viewed,C0037,J00374,U1396,Delhi,Marketing
E000132,2026-01-24 14:29:11.351351,company_signup,C0132,,,Pune,
E002377,2026-01-24 14:42:09.729729,job_viewed,C0071,J00054,U0618,Hyderabad,Software Engineer
E001741,2026-01-24 16:12:58.378378,job_posted,C0088,J00741,,Noida,HR
E001267,2026-01-24 16:38:55.135135,job_posted,C0077,J00267,,Gurgaon,Software Engineer
E002677,2026-01-24 18:09:43.783783,job_viewed,C0094,J00154,U0345,Gurgaon,Business Analyst
E001155,2026-01-24 18:09:43.783783,job_posted,C0094,J00155,,Lucknow,Marketing
E002674,2026-01-24 18:09:43.783783,job_viewed,C0094,J00154,U1872,Gurgaon,Business Analyst
E000133,2026-01-24 18:48:38.918918,company_signup,C0133,,,Delhi,
E004841,2026-01-24 22:55:08.108108,job_viewed,C0084,J00891,U0803,Delhi,Business Analyst
E000134,2026-01-24 23:08:06.486486,company_signup,C0134,,,Pune,
E003650,2026-01-24 23:34:03.243243,job_viewed,C0012,J00479,U1337,Noida,Sales
E004351,2026-01-25 00:00:00.000000,job_viewed,C0112,J00710,U1486,Gurgaon,Sales
E001503,2026-01-25 01:30:48.648648,job_posted,C0129,J00503,,Mumbai,Data Analyst
E000135,2026-01-25 03:27:34.054054,company_signup,C0135,,,Gurgaon,
E001129,2026-01-25 06:29:11.351351,job_posted,C0058,J00129,,Hyderabad,Software Engineer
E000136,2026-01-25 07:47:01.621621,company_signup,C0136,,,Pune,
E004127,2026-01-25 08:12:58.378378,job_viewed,C0014,J00639,U0924,Gurgaon,Data Analyst
E001818,2026-01-25 08:38:55.135135,job_posted,C0114,J00818,,Gurgaon,Data Analyst
E004241,2026-01-25 10:09:43.783783,job_viewed,C0020,J00679,U0296,Delhi,Software Engineer
E001143,2026-01-25 10:22:42.162162,job_posted,C0070,J00143,,Noida,Software Engineer
E000137,2026-01-25 12:06:29.189189,company_signup,C0137,,,Delhi,
E002625,2026-01-25 15:08:06.486486,job_viewed,C0060,J00141,U0127,Pune,Data Analyst
E002978,2026-01-25 15:21:04.864864,job_viewed,C0110,J00248,U2568,Pune,Business Analyst
E001742,2026-01-25 16:12:58.378378,job_posted,C0088,J00742,,Gurgaon,Data Analyst
E000138,2026-01-25 16:25:56.756756,company_signup,C0138,,,Delhi,
E001265,2026-01-25 16:38:55.135135,job_posted,C0077,J00265,,Pune,Sales
E000139,2026-01-25 20:45:24.324324,company_signup,C0139,,,Gurgaon,
E001649,2026-01-25 21:11:21.081081,job_posted,C0128,J00649,,Mumbai,Software Engineer
E003399,2026-01-25 22:16:12.972972,job_viewed,C0045,J00380,U0506,Hyderabad,HR
E001890,2026-01-25 22:55:08.108108,job_posted,C0084,J00890,,Delhi,Data Analyst
E003635,2026-01-26 00:25:56.756756,job_viewed,C0101,J00477,U1261,Noida,Sales
E000140,2026-01-26 01:04:51.891891,company_signup,C0140,,,Delhi,
E003502,2026-01-26 01:17:50.270270,job_viewed,C0079,J00422,U2025,Mumbai,HR
E003504,2026-01-26 01:17:50.270270,job_viewed,C0079,J00422,U1216,Mumbai,HR
E006108,2026-01-26 01:25:56.756756,application_submitted,C0101,J00477,U1261,Noida,Sales
E004705,2026-01-26 01:30:48.648648,job_viewed,C0018,J00834,U2562,Gurgaon,Software Engineer
E005593,2026-01-26 03:53:30.810810,job_viewed,C0013,J01144,U1406,Noida,HR
E000141,2026-01-26 05:24:19.459459,company_signup,C0141,,,Lucknow,
E003614,2026-01-26 05:37:17.837837,job_viewed,C0080,J00467,U0059,Bangalore,Data Analyst
E002020,2026-01-26 07:08:06.486486,job_posted,C0097,J01020,,Pune,Business Analyst
E004327,2026-01-26 07:21:04.864864,job_viewed,C0036,J00703,U0117,Delhi,Data Analyst
E003899,2026-01-26 08:25:56.756756,job_viewed,C0064,J00564,U1316,Lucknow,Business Analyst
E004657,2026-01-26 08:38:55.135135,job_viewed,C0114,J00818,U2930,Gurgaon,Data Analyst
E000142,2026-01-26 09:43:47.027027,company_signup,C0142,,,Delhi,
E004247,2026-01-26 10:09:43.783783,job_viewed,C0020,J00680,U1037,Mumbai,Marketing
E004246,2026-01-26 10:09:43.783783,job_viewed,C0020,J00680,U0761,Mumbai,Marketing
E004122,2026-01-26 10:35:40.540540,job_viewed,C0009,J00637,U0076,Gurgaon,Marketing
E000143,2026-01-26 14:03:14.594594,company_signup,C0143,,,Hyderabad,
E002626,2026-01-26 15:08:06.486486,job_viewed,C0060,J00141,U1192,Pune,Data Analyst
E002539,2026-01-26 17:04:51.891891,job_viewed,C0066,J00109,U2301,Bangalore,Sales
E000144,2026-01-26 18:22:42.162162,company_signup,C0144,,,Lucknow,
E005382,2026-01-26 20:32:25.945945,job_viewed,C0089,J01072,U1142,Lucknow,HR
E004166,2026-01-26 21:11:21.081081,job_viewed,C0128,J00649,U2394,Mumbai,Software Engineer
E000145,2026-01-26 22:42:09.729729,company_signup,C0145,,,Lucknow,
E004840,2026-01-26 22:55:08.108108,job_viewed,C0084,J00891,U0485,Delhi,Business Analyst
E001973,2026-01-26 23:08:06.486486,job_posted,C0134,J00973,,Pune,Marketing
E001331,2026-01-26 23:34:03.243243,job_posted,C0123,J00331,,Lucknow,Business Analyst
E005837,2026-01-27 00:04:51.891891,application_submitted,C0066,J00109,U2301,Bangalore,Sales
E001476,2026-01-27 00:25:56.756756,job_posted,C0101,J00476,,Noida,Business Analyst
E003503,2026-01-27 01:17:50.270270,job_viewed,C0079,J00422,U1744,Mumbai,HR
E003717,2026-01-27 01:30:48.648648,job_viewed,C0129,J00503,U2796,Mumbai,Data Analyst
E000146,2026-01-27 03:01:37.297297,company_signup,C0146,,,Gurgaon,
E002560,2026-01-27 03:27:34.054054,job_viewed,C0024,J00119,U0383,Hyderabad,Software Engineer
E001149,2026-01-27 05:11:21.081081,job_posted,C0091,J00149,,Delhi,HR
E001988,2026-01-27 05:50:16.216216,job_posted,C0130,J00988,,Bangalore,Software Engineer
E003668,2026-01-27 06:42:09.729729,job_viewed,C0108,J00485,U1514,Gurgaon,HR
E000147,2026-01-27 07:21:04.864864,company_signup,C0147,,,Bangalore,
E001233,2026-01-27 07:47:01.621621,job_posted,C0136,J00233,,Bangalore,Software Engineer
E001751,2026-01-27 09:30:48.648648,job_posted,C0092,J00751,,Noida,Marketing
E001300,2026-01-27 09:43:47.027027,job_posted,C0142,J00300,,Hyderabad,Sales
E000148,2026-01-27 11:40:32.432432,company_signup,C0148,,,Bangalore,
E001792,2026-01-27 11:53:30.810810,job_posted,C0087,J00792,,Bangalore,Data Analyst
E006174,2026-01-27 14:25:56.756756,application_submitted,C0064,J00564,U1316,Lucknow,Business Analyst
E002375,2026-01-27 14:42:09.729729,job_viewed,C0071,J00054,U1826,Hyderabad,Software Engineer
E000149,2026-01-27 16:00:00.000000,company_signup,C0149,,,Delhi,
E006273,2026-01-27 16:21:04.864864,application_submitted,C0036,J00703,U0117,Delhi,Data Analyst
E003543,2026-01-27 16:51:53.513513,job_viewed,C0016,J00437,U2516,Lucknow,Data Analyst
E002532,2026-01-27 17:04:51.891891,job_viewed,C0066,J00108,U1553,Pune,Data Analyst
E000150,2026-01-27 20:19:27.567567,company_signup,C0150,,,Lucknow,
E006602,2026-01-27 20:53:30.810810,application_submitted,C0013,J01144,U1406,Noida,HR
E006080,2026-01-27 21:17:50.270270,application_submitted,C0079,J00422,U1744,Mumbai,HR
E001330,2026-01-27 23:34:03.243243,job_posted,C0123,J00330,,Bangalore,Data Analyst
E003646,2026-01-27 23:34:03.243243,job_viewed,C0012,J00479,U1739,Noida,Sales
E003653,2026-01-27 23:34:03.243243,job_viewed,C0012,J00481,U0746,Bangalore,Software Engineer
E003227,2026-01-27 23:47:01.621621,job_viewed,C0062,J00323,U1165,Gurgaon,Business Analyst
E000151,2026-01-28 00:38:55.135135,company_signup,C0151,,,Bangalore,
E006004,2026-01-28 00:47:01.621621,application_submitted,C0062,J00323,U1165,Gurgaon,Business Analyst
E006135,2026-01-28 01:30:48.648648,application_submitted,C0129,J00503,U2796,Mumbai,Data Analyst
E001247,2026-01-28 03:40:32.432432,job_posted,C0074,J00247,,Mumbai,HR
E006228,2026-01-28 04:35:40.540540,application_submitted,C0009,J00637,U0076,Gurgaon,Marketing
E006356,2026-01-28 04:38:55.135135,application_submitted,C0114,J00818,U2930,Gurgaon,Data Analyst
E001482,2026-01-28 04:45:24.324324,job_posted,C0102,J00482,,Hyderabad,HR
E004002,2026-01-28 04:58:22.702702,job_viewed,C0041,J00598,U1519,Pune,Software Engineer
E000152,2026-01-28 04:58:22.702702,company_signup,C0152,,,Bangalore,
E003617,2026-01-28 05:37:17.837837,job_viewed,C0080,J00468,U1437,Pune,Sales
E002935,2026-01-28 07:47:01.621621,job_viewed,C0136,J00233,U2829,Bangalore,Software Engineer
E001160,2026-01-28 08:12:58.378378,job_posted,C0125,J00160,,Hyderabad,Sales
E000153,2026-01-28 09:17:50.270270,company_signup,C0153,,,Delhi,
E004179,2026-01-28 10:48:38.918918,job_viewed,C0059,J00654,U1300,Delhi,Data Analyst
E004574,2026-01-28 11:53:30.810810,job_viewed,C0087,J00791,U0228,Gurgaon,Software Engineer
E000154,2026-01-28 13:37:17.837837,company_signup,C0154,,,Bangalore,
E006117,2026-01-28 13:42:09.729729,application_submitted,C0108,J00485,U1514,Gurgaon,HR
E002264,2026-01-28 14:29:11.351351,job_viewed,C0021,J00021,U0019,Delhi,HR
E002376,2026-01-28 14:42:09.729729,job_viewed,C0071,J00054,U1834,Hyderabad,Software Engineer
E005935,2026-01-28 14:47:01.621621,application_submitted,C0136,J00233,U2829,Bangalore,Software Engineer
E006235,2026-01-28 15:11:21.081081,application_submitted,C0128,J00649,U2394,Mumbai,Software Engineer
E003548,2026-01-28 16:51:53.513513,job_viewed,C0016,J00438,U0551,Bangalore,Sales
E001953,2026-01-28 16:51:53.513513,job_posted,C0127,J00953,,Mumbai,Data Analyst
E002534,2026-01-28 17:04:51.891891,job_viewed,C0066,J00109,U2590,Bangalore,Sales
E000155,2026-01-28 17:56:45.405405,company_signup,C0155,,,Pune,
E006091,2026-01-28 20:51:53.513513,application_submitted,C0016,J00438,U0551,Bangalore,Sales
E000156,2026-01-28 22:16:12.972972,company_signup,C0156,,,Mumbai,
E003651,2026-01-28 23:34:03.243243,job_viewed,C0012,J00481,U2005,Bangalore,Software Engineer
E004704,2026-01-29 01:30:48.648648,job_viewed,C0018,J00834,U0276,Gurgaon,Software Engineer
E000157,2026-01-29 02:35:40.540540,company_signup,C0157,,,Gurgaon,
E001277,2026-01-29 03:53:30.810810,job_posted,C0124,J00277,,Mumbai,Marketing
E001148,2026-01-29 05:11:21.081081,job_posted,C0091,J00148,,Pune,Marketing
E000158,2026-01-29 06:55:08.108108,company_signup,C0158,,,Mumbai,
E002937,2026-01-29 07:47:01.621621,job_viewed,C0136,J00233,U2796,Bangalore,Software Engineer
E003898,2026-01-29 08:25:56.756756,job_viewed,C0064,J00564,U0551,Lucknow,Business Analyst
E004656,2026-01-29 08:38:55.135135,job_viewed,C0114,J00818,U1091,Gurgaon,Data Analyst
E006112,2026-01-29 09:34:03.243243,application_submitted,C0012,J00481,U2005,Bangalore,Software Engineer
E004238,2026-01-29 10:09:43.783783,job_viewed,C0020,J00679,U1786,Delhi,Software Engineer
E001799,2026-01-29 10:09:43.783783,job_posted,C0131,J00799,,Noida,HR
E000159,2026-01-29 11:14:35.675675,company_signup,C0159,,,Delhi,
E003977,2026-01-29 12:19:27.567567,job_viewed,C0076,J00590,U2212,Pune,Software Engineer
E005744,2026-01-29 12:58:22.702702,job_viewed,C0004,J01199,U0090,Lucknow,Marketing
E002058,2026-01-29 14:03:14.594594,job_posted,C0143,J01058,,Bangalore,Software Engineer
E000160,2026-01-29 15:34:03.243243,company_signup,C0160,,,Hyderabad,
E003034,2026-01-29 16:38:55.135135,job_viewed,C0077,J00267,U1927,Gurgaon,Software Engineer
E002533,2026-01-29 17:04:51.891891,job_viewed,C0066,J00108,U0304,Pune,Data Analyst
E003439,2026-01-29 17:17:50.270270,job_viewed,C0116,J00401,U1378,Mumbai,Marketing
E001203,2026-01-29 17:56:45.405405,job_posted,C0155,J00203,,Bangalore,Software Engineer
E000161,2026-01-29 19:53:30.810810,company_signup,C0161,,,Gurgaon,
E004162,2026-01-29 21:11:21.081081,job_viewed,C0128,J00649,U0910,Mumbai,Software Engineer
E004165,2026-01-29 21:11:21.081081,job_viewed,C0128,J00649,U2432,Mumbai,Software Engineer
E001919,2026-01-29 21:37:17.837837,job_posted,C0117,J00919,,Noida,Business Analyst
E003397,2026-01-29 22:16:12.972972,job_viewed,C0045,J00380,U0270,Hyderabad,HR
E006234,2026-01-30 00:11:21.081081,application_submitted,C0128,J00649,U2432,Mumbai,Software Engineer
E000162,2026-01-30 00:12:58.378378,company_signup,C0162,,,Delhi,
E005022,2026-01-30 01:04:51.891891,job_viewed,C0029,J00949,U0093,Mumbai,Software Engineer
E001425,2026-01-30 03:27:34.054054,job_posted,C0135,J00425,,Bangalore,Business Analyst
E002973,2026-01-30 03:40:32.432432,job_viewed,C0074,J00247,U1105,Mumbai,HR
E000163,2026-01-30 04:32:25.945945,company_signup,C0163,,,Lucknow,
E002661,2026-01-30 05:11:21.081081,job_viewed,C0091,J00150,U0771,Mumbai,Marketing
E006460,2026-01-30 07:04:51.891891,application_submitted,C0029,J00949,U0093,Mumbai,Software Engineer
E004322,2026-01-30 07:21:04.864864,job_viewed,C0036,J00702,U0112,Bangalore,Business Analyst
E003897,2026-01-30 08:25:56.756756,job_viewed,C0064,J00564,U2316,Lucknow,Business Analyst
E004661,2026-01-30 08:38:55.135135,job_viewed,C0114,J00818,U1495,Gurgaon,Data Analyst
E000164,2026-01-30 08:51:53.513513,company_signup,C0164,,,Hyderabad,
E004178,2026-01-30 10:48:38.918918,job_viewed,C0059,J00654,U1399,Delhi,Data Analyst
E002004,2026-01-30 11:14:35.675675,job_posted,C0159,J01004,,Delhi,HR
E006272,2026-01-30 11:21:04.864864,application_submitted,C0036,J00702,U0112,Bangalore,Business Analyst
E003376,2026-01-30 11:40:32.432432,job_viewed,C0037,J00374,U0619,Delhi,Marketing
E000165,2026-01-30 13:11:21.081081,company_signup,C0165,,,Mumbai,
E005349,2026-01-30 14:03:14.594594,job_viewed,C0143,J01058,U0205,Bangalore,Software Engineer
E006188,2026-01-30 15:19:27.567567,application_submitted,C0076,J00590,U2212,Pune,Software Engineer
E001550,2026-01-30 16:00:00.000000,job_posted,C0149,J00550,,Hyderabad,Sales
E001743,2026-01-30 16:12:58.378378,job_posted,C0088,J00743,,Mumbai,Software Engineer
E003546,2026-01-30 16:51:53.513513,job_viewed,C0016,J00437,U1970,Lucknow,Data Analyst
E001400,2026-01-30 17:17:50.270270,job_posted,C0116,J00400,,Pune,Data Analyst
E000166,2026-01-30 17:30:48.648648,company_signup,C0166,,,Delhi,
E006241,2026-01-30 17:48:38.918918,application_submitted,C0059,J00654,U1399,Delhi,Data Analyst
E002679,2026-01-30 18:09:43.783783,job_viewed,C0094,J00155,U1888,Lucknow,Marketing
E001567,2026-01-30 19:14:35.675675,job_posted,C0122,J00567,,Hyderabad,Marketing
E006367,2026-01-30 19:30:48.648648,application_submitted,C0018,J00834,U0276,Gurgaon,Software Engineer
E000167,2026-01-30 21:50:16.216216,company_signup,C0167,,,Lucknow,
E005077,2026-01-30 23:08:06.486486,job_viewed,C0134,J00973,U1908,Pune,Marketing
E006173,2026-01-30 23:25:56.756756,application_submitted,C0064,J00564,U0551,Lucknow,Business Analyst
E003649,2026-01-30 23:34:03.243243,job_viewed,C0012,J00479,U0556,Noida,Sales
E001709,2026-01-31 00:00:00.000000,job_posted,C0112,J00709,,Bangalore,Data Analyst
E005652,2026-01-31 00:51:53.513513,job_viewed,C0090,J01163,U2165,Mumbai,HR
E005019,2026-01-31 01:04:51.891891,job_viewed,C0029,J00948,U2319,Noida,Software Engineer
E000168,2026-01-31 02:09:43.783783,company_signup,C0168,,,Gurgaon,
E005873,2026-01-31 02:11:21.081081,application_submitted,C0091,J00150,U0771,Mumbai,Marketing
E002023,2026-01-31 02:35:40.540540,job_posted,C0157,J01023,,Mumbai,HR
E003618,2026-01-31 05:37:17.837837,job_viewed,C0080,J00468,U2487,Pune,Sales
E003616,2026-01-31 05:37:17.837837,job_viewed,C0080,J00467,U2972,Bangalore,Data Analyst
E000169,2026-01-31 06:29:11.351351,company_signup,C0169,,,Gurgaon,
E004328,2026-01-31 07:21:04.864864,job_viewed,C0036,J00703,U0880,Delhi,Data Analyst
E004325,2026-01-31 07:21:04.864864,job_viewed,C0036,J00703,U2974,Delhi,Data Analyst
E001544,2026-01-31 08:51:53.513513,job_posted,C0164,J00544,,Hyderabad,Software Engineer
E001750,2026-01-31 09:30:48.648648,job_posted,C0092,J00750,,Mumbai,Sales
E002442,2026-01-31 09:43:47.027027,job_viewed,C0031,J00078,U0616,Gurgaon,Software Engineer
E004236,2026-01-31 10:09:43.783783,job_viewed,C0020,J00678,U0798,Hyderabad,Business Analyst
E001800,2026-01-31 10:09:43.783783,job_posted,C0131,J00800,,Mumbai,HR
E000170,2026-01-31 10:48:38.918918,company_signup,C0170,,,Noida,
E001886,2026-01-31 11:40:32.432432,job_posted,C0148,J00886,,Hyderabad,Business Analyst
E002051,2026-01-31 13:24:19.459459,job_posted,C0104,J01051,,Lucknow,Marketing
E004300,2026-01-31 14:16:12.972972,job_viewed,C0082,J00696,U1468,Pune,Marketing
E002077,2026-01-31 14:29:11.351351,job_posted,C0132,J01077,,Bangalore,Business Analyst
E000171,2026-01-31 15:08:06.486486,company_signup,C0171,,,Lucknow,
E002536,2026-01-31 17:04:51.891891,job_viewed,C0066,J00109,U2316,Bangalore,Sales
E003632,2026-01-31 17:56:45.405405,job_viewed,C0044,J00474,U1682,Lucknow,Sales
E000172,2026-01-31 19:27:34.054054,company_signup,C0172,,,Pune,
E001168,2026-01-31 20:06:29.189189,job_posted,C0100,J00168,,Mumbai,HR
E000173,2026-01-31 23:47:01.621621,company_signup,C0173,,,Bangalore,
E005251,2026-02-01 02:35:40.540540,job_viewed,C0157,J01023,U2878,Mumbai,HR
E004465,2026-02-01 02:48:38.918918,job_viewed,C0096,J00744,U1032,Pune,HR
E005587,2026-02-01 03:53:30.810810,job_viewed,C0013,J01143,U1708,Bangalore,Marketing
E000174,2026-02-01 04:06:29.189189,company_signup,C0174,,,Hyderabad,
E001280,2026-02-01 06:29:11.351351,job_posted,C0169,J00280,,Mumbai,HR
E001848,2026-02-01 06:55:08.108108,job_posted,C0158,J00848,,Noida,Data Analyst
E000175,2026-02-01 08:25:56.756756,company_signup,C0175,,,Lucknow,
E000176,2026-02-01 12:45:24.324324,company_signup,C0176,,,Noida,
E001643,2026-02-01 12:58:22.702702,job_posted,C0115,J00643,,Bangalore,Business Analyst
E004851,2026-02-01 15:34:03.243243,job_viewed,C0049,J00893,U0167,Hyderabad,Data Analyst
E000177,2026-02-01 17:04:51.891891,company_signup,C0177,,,Bangalore,
E001839,2026-02-01 18:22:42.162162,job_posted,C0144,J00839,,Hyderabad,HR
E002278,2026-02-01 18:48:38.918918,job_viewed,C0022,J00024,U1744,Pune,Marketing
E003912,2026-02-01 19:14:35.675675,job_viewed,C0122,J00567,U1896,Hyderabad,Marketing
E002155,2026-02-01 20:45:24.324324,job_posted,C0139,J01155,,Pune,Data Analyst
E000178,2026-02-01 21:24:19.459459,company_signup,C0178,,,Bangalore,
E001918,2026-02-01 21:37:17.837837,job_posted,C0117,J00918,,Gurgaon,Marketing
E003401,2026-02-01 22:16:12.972972,job_viewed,C0045,J00380,U1873,Hyderabad,HR
E003400,2026-02-01 22:16:12.972972,job_viewed,C0045,J00380,U2080,Hyderabad,HR
E004356,2026-02-02 00:00:00.000000,job_viewed,C0112,J00711,U0464,Hyderabad,Sales
E004359,2026-02-02 00:00:00.000000,job_viewed,C0112,J00711,U0841,Hyderabad,Sales
E001475,2026-02-02 00:25:56.756756,job_posted,C0101,J00475,,Hyderabad,Marketing
E001502,2026-02-02 01:30:48.648648,job_posted,C0129,J00502,,Hyderabad,Business Analyst
E000179,2026-02-02 01:43:47.027027,company_signup,C0179,,,Delhi,
E002972,2026-02-02 03:40:32.432432,job_viewed,C0074,J00247,U0019,Mumbai,HR
E003075,2026-02-02 03:53:30.810810,job_viewed,C0124,J00277,U2911,Mumbai,Marketing
E001278,2026-02-02 03:53:30.810810,job_posted,C0124,J00278,,Pune,Data Analyst
E001124,2026-02-02 04:06:29.189189,job_posted,C0174,J00124,,Mumbai,Data Analyst
E001272,2026-02-02 04:32:25.945945,job_posted,C0163,J00272,,Delhi,HR
E002658,2026-02-02 05:11:21.081081,job_viewed,C0091,J00149,U2297,Delhi,HR
E001989,2026-02-02 05:50:16.216216,job_posted,C0130,J00989,,Pune,Business Analyst
E000180,2026-02-02 06:03:14.594594,company_signup,C0180,,,Bangalore,
E004318,2026-02-02 07:21:04.864864,job_viewed,C0036,J00702,U1482,Bangalore,Business Analyst
E004126,2026-02-02 08:12:58.378378,job_viewed,C0014,J00639,U2057,Gurgaon,Data Analyst
E001817,2026-02-02 08:38:55.135135,job_posted,C0114,J00817,,Noida,Business Analyst
E003134,2026-02-02 09:43:47.027027,job_viewed,C0142,J00300,U0694,Hyderabad,Sales
E000181,2026-02-02 10:22:42.162162,company_signup,C0181,,,Pune,
E001737,2026-02-02 10:35:40.540540,job_posted,C0120,J00737,,Pune,Business Analyst
E003381,2026-02-02 11:40:32.432432,job_viewed,C0037,J00375,U0914,Lucknow,Marketing
E005747,2026-02-02 12:58:22.702702,job_viewed,C0004,J01199,U2942,Lucknow,Marketing
E002053,2026-02-02 13:24:19.459459,job_posted,C0104,J01053,,Lucknow,Software Engineer
E000182,2026-02-02 14:42:09.729729,company_signup,C0182,,,Gurgaon,
E006280,2026-02-02 15:00:00.000000,application_submitted,C0112,J00711,U0464,Hyderabad,Sales
E002680,2026-02-02 18:09:43.783783,job_viewed,C0094,J00155,U2096,Lucknow,Marketing
E002279,2026-02-02 18:48:38.918918,job_viewed,C0022,J00024,U1936,Pune,Marketing
E000183,2026-02-02 19:01:37.297297,company_signup,C0183,,,Noida,
E001901,2026-02-02 19:53:30.810810,job_posted,C0161,J00901,,Delhi,Marketing
E001399,2026-02-02 21:50:16.216216,job_posted,C0167,J00399,,Delhi,Marketing
E001896,2026-02-02 22:16:12.972972,job_posted,C0156,J00896,,Bangalore,Sales
E000184,2026-02-02 23:21:04.864864,company_signup,C0184,,,Bangalore,
E003656,2026-02-02 23:34:03.243243,job_viewed,C0012,J00481,U2427,Bangalore,Software Engineer
E004703,2026-02-03 01:30:48.648648,job_viewed,C0018,J00832,U0273,Delhi,Data Analyst
E003517,2026-02-03 03:27:34.054054,job_viewed,C0135,J00425,U1564,Bangalore,Business Analyst
E000185,2026-02-03 03:40:32.432432,company_signup,C0185,,,Delhi,
E002975,2026-02-03 03:40:32.432432,job_viewed,C0074,J00247,U0392,Mumbai,HR
E003071,2026-02-03 03:53:30.810810,job_viewed,C0124,J00277,U0221,Mumbai,Marketing
E002169,2026-02-03 04:19:27.567567,job_posted,C0113,J01169,,Noida,Data Analyst
E001486,2026-02-03 06:42:09.729729,job_posted,C0108,J00486,,Lucknow,Sales
E005249,2026-02-03 07:08:06.486486,job_viewed,C0097,J01020,U1197,Pune,Business Analyst
E000186,2026-02-03 08:00:00.000000,company_signup,C0186,,,Pune,
E001161,2026-02-03 08:12:58.378378,job_posted,C0125,J00161,,Pune,HR
E001591,2026-02-03 09:17:50.270270,job_posted,C0153,J00591,,Pune,Business Analyst
E004240,2026-02-03 10:09:43.783783,job_viewed,C0020,J00679,U1047,Delhi,Software Engineer
E000187,2026-02-03 12:19:27.567567,company_signup,C0187,,,Mumbai,
E002379,2026-02-03 14:42:09.729729,job_viewed,C0071,J00054,U0490,Hyderabad,Software Engineer
E001373,2026-02-03 15:08:06.486486,job_posted,C0171,J00373,,Pune,Marketing
E004850,2026-02-03 15:34:03.243243,job_viewed,C0049,J00893,U0211,Hyderabad,Data Analyst
E001333,2026-02-03 15:34:03.243243,job_posted,C0160,J00333,,Lucknow,Sales
E004852,2026-02-03 15:34:03.243243,job_viewed,C0049,J00893,U2964,Hyderabad,Data Analyst
E000188,2026-02-03 16:38:55.135135,company_signup,C0188,,,Gurgaon,
E005033,2026-02-03 16:51:53.513513,job_viewed,C0127,J00953,U2805,Mumbai,Data Analyst
E002682,2026-02-03 18:09:43.783783,job_viewed,C0094,J00155,U1034,Lucknow,Marketing
E002675,2026-02-03 18:09:43.783783,job_viewed,C0094,J00154,U2920,Gurgaon,Business Analyst
E001566,2026-02-03 19:14:35.675675,job_posted,C0122,J00566,,Delhi,Software Engineer
E004873,2026-02-03 19:53:30.810810,job_viewed,C0161,J00901,U0662,Delhi,Marketing
E002718,2026-02-03 20:06:29.189189,job_viewed,C0100,J00168,U2231,Mumbai,HR
E000189,2026-02-03 20:58:22.702702,company_signup,C0189,,,Gurgaon,
E004915,2026-02-03 21:37:17.837837,job_viewed,C0117,J00918,U0554,Gurgaon,Marketing
E003647,2026-02-03 23:34:03.243243,job_viewed,C0012,J00479,U0758,Noida,Sales
E003655,2026-02-03 23:34:03.243243,job_viewed,C0012,J00481,U1066,Bangalore,Software Engineer
E006417,2026-02-03 23:53:30.810810,application_submitted,C0161,J00901,U0662,Delhi,Marketing
E004350,2026-02-04 00:00:00.000000,job_viewed,C0112,J00710,U1567,Gurgaon,Sales
E005651,2026-02-04 00:51:53.513513,job_viewed,C0090,J01163,U1712,Mumbai,HR
E002168,2026-02-04 01:04:51.891891,job_posted,C0140,J01168,,Lucknow,HR
E000190,2026-02-04 01:17:50.270270,company_signup,C0190,,,Noida,
E003505,2026-02-04 01:17:50.270270,job_viewed,C0079,J00422,U0770,Mumbai,HR
E003710,2026-02-04 01:30:48.648648,job_viewed,C0129,J00502,U1326,Hyderabad,Business Analyst
E005946,2026-02-04 01:40:32.432432,application_submitted,C0074,J00247,U0392,Mumbai,HR
E005592,2026-02-04 03:53:30.810810,job_viewed,C0013,J01144,U1170,Noida,HR
E003070,2026-02-04 03:53:30.810810,job_viewed,C0124,J00277,U2447,Mumbai,Marketing
E002659,2026-02-04 05:11:21.081081,job_viewed,C0091,J00150,U1099,Mumbai,Marketing
E000191,2026-02-04 05:37:17.837837,company_signup,C0191,,,Gurgaon,
E005119,2026-02-04 05:50:16.216216,job_viewed,C0130,J00988,U0448,Bangalore,Software Engineer
E006620,2026-02-04 05:51:53.513513,application_submitted,C0090,J01163,U1712,Mumbai,HR
E004319,2026-02-04 07:21:04.864864,job_viewed,C0036,J00702,U0647,Bangalore,Business Analyst
E001712,2026-02-04 07:21:04.864864,job_posted,C0147,J00712,,Pune,Business Analyst
E005990,2026-02-04 07:43:47.027027,application_submitted,C0142,J00300,U0694,Hyderabad,Sales
E006512,2026-02-04 09:08:06.486486,application_submitted,C0097,J01020,U1197,Pune,Business Analyst
E001592,2026-02-04 09:17:50.270270,job_posted,C0153,J00592,,Bangalore,Business Analyst
E002443,2026-02-04 09:43:47.027027,job_viewed,C0031,J00078,U2254,Gurgaon,Software Engineer
E002441,2026-02-04 09:43:47.027027,job_viewed,C0031,J00078,U0372,Gurgaon,Software Engineer
E000192,2026-02-04 09:56:45.405405,company_signup,C0192,,,Bangalore,
E004176,2026-02-04 10:48:38.918918,job_viewed,C0059,J00654,U0204,Delhi,Data Analyst
E001642,2026-02-04 12:58:22.702702,job_posted,C0115,J00642,,Gurgaon,Sales
E000193,2026-02-04 14:16:12.972972,company_signup,C0193,,,Delhi,
E002271,2026-02-04 14:29:11.351351,job_viewed,C0021,J00022,U2429,Gurgaon,HR
E002977,2026-02-04 15:21:04.864864,job_viewed,C0110,J00248,U2889,Pune,Business Analyst
E004460,2026-02-04 16:12:58.378378,job_viewed,C0088,J00742,U2240,Gurgaon,Data Analyst
E001954,2026-02-04 16:51:53.513513,job_posted,C0127,J00954,,Gurgaon,Business Analyst
E003547,2026-02-04 16:51:53.513513,job_viewed,C0016,J00438,U0332,Bangalore,Sales
E001204,2026-02-04 17:56:45.405405,job_posted,C0155,J00204,,Noida,HR
E002681,2026-02-04 18:09:43.783783,job_viewed,C0094,J00155,U2599,Lucknow,Marketing
E001838,2026-02-04 18:22:42.162162,job_posted,C0144,J00838,,Pune,Sales
E004722,2026-02-04 18:22:42.162162,job_viewed,C0144,J00839,U0082,Hyderabad,HR
E000194,2026-02-04 18:35:40.540540,company_signup,C0194,,,Gurgaon,
E005638,2026-02-04 20:45:24.324324,job_viewed,C0139,J01155,U0787,Pune,Data Analyst
E006306,2026-02-04 21:12:58.378378,application_submitted,C0088,J00742,U2240,Gurgaon,Data Analyst
E001784,2026-02-04 21:24:19.459459,job_posted,C0178,J00784,,Bangalore,Data Analyst
E000195,2026-02-04 22:55:08.108108,company_signup,C0195,,,Gurgaon,
E004837,2026-02-04 22:55:08.108108,job_viewed,C0084,J00889,U1650,Noida,Business Analyst
E004355,2026-02-05 00:00:00.000000,job_viewed,C0112,J00711,U1973,Hyderabad,Sales
E004354,2026-02-05 00:00:00.000000,job_viewed,C0112,J00711,U0047,Hyderabad,Sales
E001794,2026-02-05 00:12:58.378378,job_posted,C0162,J00794,,Mumbai,Marketing
E001716,2026-02-05 00:38:55.135135,job_posted,C0151,J00716,,Hyderabad,Software Engineer
E001569,2026-02-05 01:17:50.270270,job_posted,C0190,J00569,,Gurgaon,HR
E000196,2026-02-05 03:14:35.675675,company_signup,C0196,,,Mumbai,
E002558,2026-02-05 03:27:34.054054,job_viewed,C0024,J00118,U0881,Hyderabad,Software Engineer
E003516,2026-02-05 03:27:34.054054,job_viewed,C0135,J00425,U0556,Bangalore,Business Analyst
E001321,2026-02-05 03:40:32.432432,job_posted,C0185,J00321,,Mumbai,Marketing
E002655,2026-02-05 05:11:21.081081,job_viewed,C0091,J00149,U1986,Delhi,HR
E002660,2026-02-05 05:11:21.081081,job_viewed,C0091,J00150,U2882,Mumbai,Marketing
E001962,2026-02-05 05:24:19.459459,job_posted,C0141,J00962,,Bangalore,Sales
E001905,2026-02-05 06:03:14.594594,job_posted,C0180,J00905,,Hyderabad,Business Analyst
E003081,2026-02-05 06:29:11.351351,job_viewed,C0169,J00280,U0429,Mumbai,HR
E001713,2026-02-05 07:21:04.864864,job_posted,C0147,J00713,,Hyderabad,Software Engineer
E000197,2026-02-05 07:34:03.243243,company_signup,C0197,,,Mumbai,
E001115,2026-02-05 08:00:00.000000,job_posted,C0186,J00115,,Pune,Data Analyst
E005875,2026-02-05 10:09:43.783783,application_submitted,C0094,J00155,U1034,Lucknow,Marketing
E004244,2026-02-05 10:09:43.783783,job_viewed,C0020,J00680,U2292,Mumbai,Marketing
E004175,2026-02-05 10:48:38.918918,job_viewed,C0059,J00654,U0743,Delhi,Data Analyst
E004174,2026-02-05 10:48:38.918918,job_viewed,C0059,J00653,U1855,Gurgaon,Marketing
E003373,2026-02-05 11:40:32.432432,job_viewed,C0037,J00374,U1616,Delhi,Marketing
E000198,2026-02-05 11:53:30.810810,company_signup,C0198,,,Hyderabad,
E001540,2026-02-05 12:19:27.567567,job_posted,C0187,J00540,,Mumbai,Software Engineer
E001415,2026-02-05 12:45:24.324324,job_posted,C0176,J00415,,Mumbai,HR
E004133,2026-02-05 12:58:22.702702,job_viewed,C0115,J00642,U0664,Gurgaon,Sales
E006239,2026-02-05 13:48:38.918918,application_submitted,C0059,J00654,U0204,Delhi,Data Analyst
E002059,2026-02-05 14:03:14.594594,job_posted,C0143,J01059,,Pune,Business Analyst
E004299,2026-02-05 14:16:12.972972,job_viewed,C0082,J00696,U1585,Pune,Marketing
E002628,2026-02-05 15:08:06.486486,job_viewed,C0060,J00141,U1367,Pune,Data Analyst
E001549,2026-02-05 16:00:00.000000,job_posted,C0149,J00549,,Delhi,HR
E000199,2026-02-05 16:12:58.378378,company_signup,C0199,,,Pune,
E003032,2026-02-05 16:38:55.135135,job_viewed,C0077,J00265,U1132,Pune,Sales
E001698,2026-02-05 16:38:55.135135,job_posted,C0188,J00698,,Bangalore,HR
E003033,2026-02-05 16:38:55.135135,job_viewed,C0077,J00267,U1282,Gurgaon,Software Engineer
E001697,2026-02-05 16:38:55.135135,job_posted,C0188,J00697,,Delhi,HR
E005871,2026-02-05 17:11:21.081081,application_submitted,C0091,J00149,U1986,Delhi,HR
E001205,2026-02-05 17:56:45.405405,job_posted,C0155,J00205,,Noida,HR
E000200,2026-02-05 20:32:25.945945,company_signup,C0200,,,Bangalore,
E006254,2026-02-05 21:09:43.783783,application_submitted,C0020,J00680,U2292,Mumbai,Marketing
E001650,2026-02-05 21:11:21.081081,job_posted,C0128,J00650,,Lucknow,HR
E004916,2026-02-05 21:37:17.837837,job_viewed,C0117,J00919,U2291,Noida,Business Analyst
E004836,2026-02-05 22:55:08.108108,job_viewed,C0084,J00889,U1251,Noida,Business Analyst
E005864,2026-02-05 23:08:06.486486,application_submitted,C0060,J00141,U1367,Pune,Data Analyst
E003648,2026-02-05 23:34:03.243243,job_viewed,C0012,J00479,U0321,Noida,Sales
E003637,2026-02-06 00:25:56.756756,job_viewed,C0101,J00477,U0407,Noida,Sales
E004383,2026-02-06 00:38:55.135135,job_viewed,C0151,J00716,U1124,Hyderabad,Software Engineer
E005960,2026-02-06 00:38:55.135135,application_submitted,C0077,J00265,U1132,Pune,Sales
E004381,2026-02-06 00:38:55.135135,job_viewed,C0151,J00716,U2515,Hyderabad,Software Engineer
E000201,2026-02-06 00:51:53.513513,company_signup,C0201,,,Gurgaon,
E004706,2026-02-06 01:30:48.648648,job_viewed,C0018,J00834,U0923,Gurgaon,Software Engineer
E000202,2026-02-06 05:11:21.081081,company_signup,C0202,,,Lucknow,
E003666,2026-02-06 06:42:09.729729,job_viewed,C0108,J00485,U2101,Gurgaon,HR
E001847,2026-02-06 06:55:08.108108,job_posted,C0158,J00847,,Bangalore,Marketing
E004324,2026-02-06 07:21:04.864864,job_viewed,C0036,J00703,U0493,Delhi,Data Analyst
E002693,2026-02-06 08:12:58.378378,job_viewed,C0125,J00161,U0191,Pune,HR
E003902,2026-02-06 08:25:56.756756,job_viewed,C0064,J00564,U0314,Lucknow,Business Analyst
E000203,2026-02-06 09:30:48.648648,company_signup,C0203,,,Gurgaon,
E004447,2026-02-06 10:35:40.540540,job_viewed,C0120,J00737,U2398,Pune,Business Analyst
E003374,2026-02-06 11:40:32.432432,job_viewed,C0037,J00374,U2643,Delhi,Marketing
E004140,2026-02-06 12:58:22.702702,job_viewed,C0115,J00643,U1599,Bangalore,Business Analyst
E002088,2026-02-06 13:11:21.081081,job_posted,C0165,J01088,,Lucknow,Sales
E005337,2026-02-06 13:24:19.459459,job_viewed,C0104,J01053,U1186,Lucknow,Software Engineer
E000204,2026-02-06 13:50:16.216216,company_signup,C0204,,,Delhi,
E005387,2026-02-06 14:29:11.351351,job_viewed,C0132,J01077,U0248,Bangalore,Business Analyst
E003949,2026-02-06 16:25:56.756756,job_viewed,C0027,J00583,U2213,Pune,Marketing
E001955,2026-02-06 16:51:53.513513,job_posted,C0127,J00955,,Delhi,Sales
E002531,2026-02-06 17:04:51.891891,job_viewed,C0066,J00108,U2308,Pune,Data Analyst
E000205,2026-02-06 18:09:43.783783,company_signup,C0205,,,Hyderabad,
E003904,2026-02-06 19:14:35.675675,job_viewed,C0122,J00566,U0811,Delhi,Software Engineer
E005637,2026-02-06 20:45:24.324324,job_viewed,C0139,J01155,U0899,Pune,Data Analyst
E002156,2026-02-06 20:45:24.324324,job_posted,C0139,J01156,,Delhi,Marketing
E004855,2026-02-06 22:16:12.972972,job_viewed,C0156,J00896,U0688,Bangalore,Sales
E000206,2026-02-06 22:29:11.351351,company_signup,C0206,,,Pune,
E003224,2026-02-06 23:47:01.621621,job_viewed,C0062,J00323,U2668,Gurgaon,Business Analyst
E006182,2026-02-07 01:25:56.756756,application_submitted,C0027,J00583,U2213,Pune,Marketing
E006614,2026-02-07 01:45:24.324324,application_submitted,C0139,J01155,U0899,Pune,Data Analyst
E006175,2026-02-07 02:14:35.675675,application_submitted,C0122,J00566,U0811,Delhi,Software Engineer
E006535,2026-02-07 02:24:19.459459,application_submitted,C0104,J01053,U1186,Lucknow,Software Engineer
E005254,2026-02-07 02:35:40.540540,job_viewed,C0157,J01023,U1190,Mumbai,HR
E000207,2026-02-07 02:48:38.918918,company_signup,C0207,,,Lucknow,
E005974,2026-02-07 03:29:11.351351,application_submitted,C0169,J00280,U0429,Mumbai,HR
E002974,2026-02-07 03:40:32.432432,job_viewed,C0074,J00247,U0866,Mumbai,HR
E003216,2026-02-07 03:40:32.432432,job_viewed,C0185,J00321,U2648,Mumbai,Marketing
E003058,2026-02-07 04:32:25.945945,job_viewed,C0163,J00272,U0256,Delhi,HR
E004001,2026-02-07 04:58:22.702702,job_viewed,C0041,J00598,U2847,Pune,Software Engineer
E003619,2026-02-07 05:37:17.837837,job_viewed,C0080,J00468,U2166,Pune,Sales
E000208,2026-02-07 07:08:06.486486,company_signup,C0208,,,Hyderabad,
E004364,2026-02-07 07:21:04.864864,job_viewed,C0147,J00712,U0826,Pune,Business Analyst
E001543,2026-02-07 08:51:53.513513,job_posted,C0164,J00543,,Hyderabad,Data Analyst
E001556,2026-02-07 10:22:42.162162,job_posted,C0181,J00556,,Pune,Sales
E000209,2026-02-07 11:27:34.054054,company_signup,C0209,,,Noida,
E001885,2026-02-07 11:40:32.432432,job_posted,C0148,J00885,,Delhi,Sales
E003383,2026-02-07 11:40:32.432432,job_viewed,C0037,J00375,U1636,Lucknow,Marketing
E003380,2026-02-07 11:40:32.432432,job_viewed,C0037,J00375,U2482,Lucknow,Marketing
E003485,2026-02-07 12:45:24.324324,job_viewed,C0176,J00415,U1075,Mumbai,HR
E001560,2026-02-07 14:16:12.972972,job_posted,C0193,J00560,,Pune,Data Analyst
E004849,2026-02-07 15:34:03.243243,job_viewed,C0049,J00893,U1951,Hyderabad,Data Analyst
E006301,2026-02-07 15:35:40.540540,application_submitted,C0120,J00737,U2398,Pune,Business Analyst
E000210,2026-02-07 15:47:01.621621,company_signup,C0210,,,Pune,
E001551,2026-02-07 16:00:00.000000,job_posted,C0149,J00551,,Pune,Software Engineer
E003027,2026-02-07 16:38:55.135135,job_viewed,C0077,J00265,U1363,Pune,Sales
E006549,2026-02-07 17:29:11.351351,application_submitted,C0132,J01077,U0248,Bangalore,Business Analyst
E000211,2026-02-07 20:06:29.189189,company_signup,C0211,,,Gurgaon,
E001017,2026-02-07 20:19:27.567567,job_posted,C0150,J00017,,Hyderabad,Sales
E001398,2026-02-07 21:50:16.216216,job_posted,C0167,J00398,,Delhi,Business Analyst
E004838,2026-02-07 22:55:08.108108,job_viewed,C0084,J00890,U1342,Delhi,Data Analyst
E005075,2026-02-07 23:08:06.486486,job_viewed,C0134,J00973,U2210,Pune,Marketing
E003225,2026-02-07 23:47:01.621621,job_viewed,C0062,J00323,U2509,Gurgaon,Business Analyst
E002181,2026-02-07 23:47:01.621621,job_posted,C0173,J01181,,Hyderabad,Business Analyst
E000212,2026-02-08 00:25:56.756756,company_signup,C0212,,,Gurgaon,
E003715,2026-02-08 01:30:48.648648,job_viewed,C0129,J00502,U1160,Hyderabad,Business Analyst
E002042,2026-02-08 01:43:47.027027,job_posted,C0179,J01042,,Mumbai,Software Engineer
E001322,2026-02-08 03:40:32.432432,job_posted,C0185,J00322,,Gurgaon,HR
E006410,2026-02-08 04:34:03.243243,application_submitted,C0049,J00893,U1951,Hyderabad,Data Analyst
E000213,2026-02-08 04:45:24.324324,company_signup,C0213,,,Pune,
E003671,2026-02-08 06:42:09.729729,job_viewed,C0108,J00486,U0835,Lucknow,Sales
E004363,2026-02-08 07:21:04.864864,job_viewed,C0147,J00712,U1188,Pune,Business Analyst
E001689,2026-02-08 07:34:03.243243,job_posted,C0197,J00689,,Gurgaon,Software Engineer
E004128,2026-02-08 08:12:58.378378,job_viewed,C0014,J00639,U1843,Gurgaon,Data Analyst
E003900,2026-02-08 08:25:56.756756,job_viewed,C0064,J00564,U1823,Lucknow,Business Analyst
E004660,2026-02-08 08:38:55.135135,job_viewed,C0114,J00818,U2404,Gurgaon,Data Analyst
E000214,2026-02-08 09:04:51.891891,company_signup,C0214,,,Gurgaon,
E004177,2026-02-08 10:48:38.918918,job_viewed,C0059,J00654,U0974,Delhi,Data Analyst
E003382,2026-02-08 11:40:32.432432,job_viewed,C0037,J00375,U2114,Lucknow,Marketing
E004134,2026-02-08 12:58:22.702702,job_viewed,C0115,J00642,U1779,Gurgaon,Sales
E000215,2026-02-08 13:24:19.459459,company_signup,C0215,,,Bangalore,
E004301,2026-02-08 14:16:12.972972,job_viewed,C0082,J00696,U0434,Pune,Marketing
E001934,2026-02-08 14:42:09.729729,job_posted,C0182,J00934,,Lucknow,Marketing
E002627,2026-02-08 15:08:06.486486,job_viewed,C0060,J00141,U0294,Pune,Data Analyst
E003855,2026-02-08 16:00:00.000000,job_viewed,C0149,J00549,U2514,Delhi,HR
E003867,2026-02-08 16:00:00.000000,job_viewed,C0149,J00551,U2318,Pune,Software Engineer
E003038,2026-02-08 16:38:55.135135,job_viewed,C0077,J00267,U1421,Gurgaon,Software Engineer
E000216,2026-02-08 17:43:47.027027,company_signup,C0216,,,Pune,
E002188,2026-02-08 18:35:40.540540,job_posted,C0194,J01188,,Gurgaon,HR
E004874,2026-02-08 19:53:30.810810,job_viewed,C0161,J00901,U2291,Delhi,Marketing
E001015,2026-02-08 20:19:27.567567,job_posted,C0150,J00015,,Lucknow,HR
E001877,2026-02-08 20:58:22.702702,job_posted,C0189,J00877,,Mumbai,Software Engineer
E001785,2026-02-08 21:24:19.459459,job_posted,C0178,J00785,,Bangalore,Software Engineer
E000217,2026-02-08 22:03:14.594594,company_signup,C0217,,,Hyderabad,
E001895,2026-02-08 22:16:12.972972,job_posted,C0156,J00895,,Noida,Business Analyst
E004844,2026-02-08 22:55:08.108108,job_viewed,C0084,J00891,U2938,Delhi,Business Analyst
E004346,2026-02-09 00:00:00.000000,job_viewed,C0112,J00709,U2029,Bangalore,Data Analyst
E004352,2026-02-09 00:00:00.000000,job_viewed,C0112,J00710,U1441,Gurgaon,Sales
E001568,2026-02-09 01:17:50.270270,job_posted,C0190,J00568,,Lucknow,Data Analyst
E003506,2026-02-09 01:17:50.270270,job_viewed,C0079,J00422,U1239,Mumbai,HR
E002041,2026-02-09 01:43:47.027027,job_posted,C0179,J01041,,Lucknow,Marketing
E000218,2026-02-09 02:22:42.162162,company_signup,C0218,,,Pune,
E003515,2026-02-09 03:27:34.054054,job_viewed,C0135,J00425,U0379,Bangalore,Business Analyst
E003026,2026-02-09 04:32:25.945945,job_viewed,C0052,J00264,U0005,Gurgaon,Software Engineer
E006165,2026-02-09 05:00:00.000000,application_submitted,C0149,J00549,U2514,Delhi,HR
E002664,2026-02-09 05:11:21.081081,job_viewed,C0091,J00150,U1984,Mumbai,Marketing
E003670,2026-02-09 06:42:09.729729,job_viewed,C0108,J00486,U0668,Lucknow,Sales
E000219,2026-02-09 06:42:09.729729,company_signup,C0219,,,Lucknow,
E005248,2026-02-09 07:08:06.486486,job_viewed,C0097,J01020,U0343,Pune,Business Analyst
E004362,2026-02-09 07:21:04.864864,job_viewed,C0147,J00712,U2283,Pune,Business Analyst
E004285,2026-02-09 07:34:03.243243,job_viewed,C0197,J00689,U2287,Gurgaon,Software Engineer
E004286,2026-02-09 07:34:03.243243,job_viewed,C0197,J00689,U0038,Gurgaon,Software Engineer
E004659,2026-02-09 08:38:55.135135,job_viewed,C0114,J00818,U0468,Gurgaon,Data Analyst
E003836,2026-02-09 08:51:53.513513,job_viewed,C0164,J00543,U1895,Hyderabad,Data Analyst
E005384,2026-02-09 09:17:50.270270,job_viewed,C0042,J01073,U0627,Hyderabad,Sales
E004602,2026-02-09 10:09:43.783783,job_viewed,C0131,J00799,U0317,Noida,HR
E006161,2026-02-09 10:51:53.513513,application_submitted,C0164,J00543,U1895,Hyderabad,Data Analyst
E000220,2026-02-09 11:01:37.297297,company_signup,C0220,,,Gurgaon,
E002003,2026-02-09 11:14:35.675675,job_posted,C0159,J01003,,Mumbai,Sales
E004968,2026-02-09 14:42:09.729729,job_viewed,C0182,J00934,U2348,Lucknow,Marketing
E006240,2026-02-09 14:48:38.918918,application_submitted,C0059,J00654,U0974,Delhi,Data Analyst
E000221,2026-02-09 15:21:04.864864,company_signup,C0221,,,Bangalore,
E006230,2026-02-09 16:12:58.378378,application_submitted,C0014,J00639,U1843,Gurgaon,Data Analyst
E003036,2026-02-09 16:38:55.135135,job_viewed,C0077,J00267,U0936,Gurgaon,Software Engineer
E006267,2026-02-09 17:16:12.972972,application_submitted,C0082,J00696,U0434,Pune,Marketing
E006134,2026-02-09 17:30:48.648648,application_submitted,C0129,J00502,U1160,Hyderabad,Business Analyst
E004716,2026-02-09 18:22:42.162162,job_viewed,C0144,J00838,U2900,Pune,Sales
E005097,2026-02-09 19:14:35.675675,job_viewed,C0011,J00977,U2515,Delhi,Business Analyst
E003905,2026-02-09 19:14:35.675675,job_viewed,C0122,J00566,U1080,Delhi,Software Engineer
E002145,2026-02-09 19:27:34.054054,job_posted,C0172,J01145,,Gurgaon,Sales
E000222,2026-02-09 19:40:32.432432,company_signup,C0222,,,Bangalore,
E001016,2026-02-09 20:19:27.567567,job_posted,C0150,J00016,,Pune,Marketing
E005641,2026-02-09 20:45:24.324324,job_viewed,C0139,J01155,U1811,Pune,Data Analyst
E004816,2026-02-09 20:58:22.702702,job_viewed,C0189,J00877,U2066,Mumbai,Software Engineer
E003228,2026-02-09 23:47:01.621621,job_viewed,C0062,J00323,U2310,Gurgaon,Business Analyst
E000223,2026-02-10 00:00:00.000000,company_signup,C0223,,,Noida,
E004357,2026-02-10 00:00:00.000000,job_viewed,C0112,J00711,U1873,Hyderabad,Sales
E003712,2026-02-10 01:30:48.648648,job_viewed,C0129,J00502,U0807,Hyderabad,Business Analyst
E005962,2026-02-10 01:38:55.135135,application_submitted,C0077,J00267,U0936,Gurgaon,Software Engineer
E005303,2026-02-10 01:43:47.027027,job_viewed,C0179,J01041,U1760,Lucknow,Marketing
E006418,2026-02-10 01:53:30.810810,application_submitted,C0161,J00901,U2291,Delhi,Marketing
E002142,2026-02-10 02:09:43.783783,job_posted,C0168,J01142,,Bangalore,Business Analyst
E003074,2026-02-10 03:53:30.810810,job_viewed,C0124,J00277,U1014,Mumbai,Marketing
E000224,2026-02-10 04:19:27.567567,company_signup,C0224,,,Hyderabad,
E003080,2026-02-10 06:29:11.351351,job_viewed,C0169,J00280,U1998,Mumbai,HR
E003669,2026-02-10 06:42:09.729729,job_viewed,C0108,J00485,U1388,Gurgaon,HR
E003667,2026-02-10 06:42:09.729729,job_viewed,C0108,J00485,U0486,Gurgaon,HR
E002936,2026-02-10 07:47:01.621621,job_viewed,C0136,J00233,U1752,Bangalore,Software Engineer
E000225,2026-02-10 08:38:55.135135,company_signup,C0225,,,Mumbai,
E001010,2026-02-10 09:30:48.648648,job_posted,C0203,J00010,,Delhi,Business Analyst
E003132,2026-02-10 09:43:47.027027,job_viewed,C0142,J00300,U0983,Hyderabad,Sales
E004603,2026-02-10 10:09:43.783783,job_viewed,C0131,J00799,U1860,Noida,HR
E004601,2026-02-10 10:09:43.783783,job_viewed,C0131,J00799,U0547,Noida,HR
E003879,2026-02-10 10:22:42.162162,job_viewed,C0181,J00556,U1584,Pune,Sales
E004125,2026-02-10 10:35:40.540540,job_viewed,C0009,J00638,U2690,Lucknow,Marketing
E006617,2026-02-10 10:45:24.324324,application_submitted,C0139,J01155,U1811,Pune,Data Analyst
E002005,2026-02-10 11:14:35.675675,job_posted,C0159,J01005,,Mumbai,Marketing
E006264,2026-02-10 11:34:03.243243,application_submitted,C0197,J00689,U0038,Gurgaon,Software Engineer
E001539,2026-02-10 12:19:27.567567,job_posted,C0187,J00539,,Delhi,HR
E005936,2026-02-10 12:47:01.621621,application_submitted,C0136,J00233,U1752,Bangalore,Software Engineer
E000226,2026-02-10 12:58:22.702702,company_signup,C0226,,,Mumbai,
E001057,2026-02-10 13:50:16.216216,job_posted,C0204,J00057,,Noida,Software Engineer
E005386,2026-02-10 14:29:11.351351,job_viewed,C0132,J01077,U1401,Bangalore,Business Analyst
E003240,2026-02-10 15:34:03.243243,job_viewed,C0160,J00333,U2165,Lucknow,Sales
E004462,2026-02-10 16:12:58.378378,job_viewed,C0088,J00743,U0097,Mumbai,Software Engineer
E003951,2026-02-10 16:25:56.756756,job_viewed,C0027,J00583,U2262,Pune,Marketing
E002535,2026-02-10 17:04:51.891891,job_viewed,C0066,J00109,U1090,Bangalore,Sales
E000227,2026-02-10 17:17:50.270270,company_signup,C0227,,,Pune,
E002672,2026-02-10 18:09:43.783783,job_viewed,C0094,J00154,U2889,Gurgaon,Business Analyst
E005594,2026-02-10 19:27:34.054054,job_viewed,C0172,J01145,U2474,Gurgaon,Sales
E001852,2026-02-10 20:06:29.189189,job_posted,C0211,J00852,,Bangalore,HR
E000228,2026-02-10 21:37:17.837837,company_signup,C0228,,,Noida,
E003434,2026-02-10 21:50:16.216216,job_viewed,C0167,J00398,U2074,Delhi,Business Analyst
E004842,2026-02-10 22:55:08.108108,job_viewed,C0084,J00891,U1916,Delhi,Business Analyst
E005701,2026-02-10 23:47:01.621621,job_viewed,C0173,J01181,U0126,Hyderabad,Business Analyst
E004347,2026-02-11 00:00:00.000000,job_viewed,C0112,J00710,U2621,Gurgaon,Sales
E004349,2026-02-11 00:00:00.000000,job_viewed,C0112,J00710,U2290,Gurgaon,Sales
E004584,2026-02-11 00:12:58.378378,job_viewed,C0162,J00794,U1463,Mumbai,Marketing
E005654,2026-02-11 00:51:53.513513,job_viewed,C0090,J01163,U2812,Mumbai,HR
E003718,2026-02-11 01:30:48.648648,job_viewed,C0129,J00503,U1902,Mumbai,Data Analyst
E000229,2026-02-11 01:56:45.405405,company_signup,C0229,,,Delhi,
E003222,2026-02-11 03:40:32.432432,job_viewed,C0185,J00322,U2372,Gurgaon,HR
E003020,2026-02-11 04:32:25.945945,job_viewed,C0052,J00263,U0954,Noida,Marketing
E001526,2026-02-11 04:58:22.702702,job_posted,C0152,J00526,,Mumbai,Business Analyst
E005054,2026-02-11 05:24:19.459459,job_viewed,C0141,J00962,U1676,Bangalore,Sales
E003613,2026-02-11 05:37:17.837837,job_viewed,C0080,J00467,U2866,Bangalore,Data Analyst
E004890,2026-02-11 06:03:14.594594,job_viewed,C0180,J00905,U2629,Hyderabad,Business Analyst
E000230,2026-02-11 06:16:12.972972,company_signup,C0230,,,Pune,
E004745,2026-02-11 06:55:08.108108,job_viewed,C0158,J00848,U0783,Noida,Data Analyst
E004366,2026-02-11 07:21:04.864864,job_viewed,C0147,J00712,U1114,Pune,Business Analyst
E004323,2026-02-11 07:21:04.864864,job_viewed,C0036,J00703,U1655,Delhi,Data Analyst
E004321,2026-02-11 07:21:04.864864,job_viewed,C0036,J00702,U0473,Bangalore,Business Analyst
E002556,2026-02-11 08:00:00.000000,job_viewed,C0186,J00115,U1445,Pune,Data Analyst
E003837,2026-02-11 08:51:53.513513,job_viewed,C0164,J00543,U1867,Hyderabad,Data Analyst
E006281,2026-02-11 09:00:00.000000,application_submitted,C0112,J00711,U1873,Hyderabad,Sales
E000231,2026-02-11 10:35:40.540540,company_signup,C0231,,,Noida,
E006229,2026-02-11 11:35:40.540540,application_submitted,C0009,J00638,U2690,Lucknow,Marketing
E003886,2026-02-11 14:16:12.972972,job_viewed,C0193,J00560,U0216,Pune,Data Analyst
E000232,2026-02-11 14:55:08.108108,company_signup,C0232,,,Hyderabad,
E006132,2026-02-11 16:30:48.648648,application_submitted,C0129,J00502,U0807,Hyderabad,Business Analyst
E001533,2026-02-11 17:17:50.270270,job_posted,C0227,J00533,,Lucknow,HR
E004720,2026-02-11 18:22:42.162162,job_viewed,C0144,J00839,U0473,Hyderabad,HR
E006058,2026-02-11 18:50:16.216216,application_submitted,C0167,J00398,U2074,Delhi,Business Analyst
E000233,2026-02-11 19:14:35.675675,company_signup,C0233,,,Hyderabad,
E006372,2026-02-11 19:22:42.162162,application_submitted,C0144,J00839,U0473,Hyderabad,HR
E001453,2026-02-11 20:32:25.945945,job_posted,C0200,J00453,,Bangalore,HR
E003988,2026-02-11 21:11:21.081081,job_viewed,C0017,J00594,U1940,Delhi,Marketing
E004167,2026-02-11 21:11:21.081081,job_viewed,C0128,J00649,U1216,Mumbai,Software Engineer
E000234,2026-02-11 23:34:03.243243,company_signup,C0234,,,Hyderabad,
E005703,2026-02-11 23:47:01.621621,job_viewed,C0173,J01181,U1228,Hyderabad,Business Analyst
E006103,2026-02-12 03:37:17.837837,application_submitted,C0080,J00467,U2866,Bangalore,Data Analyst
E005989,2026-02-12 03:43:47.027027,application_submitted,C0142,J00300,U0983,Hyderabad,Sales
E000235,2026-02-12 03:53:30.810810,company_signup,C0235,,,Hyderabad,
E002569,2026-02-12 04:06:29.189189,job_viewed,C0174,J00124,U0890,Mumbai,Data Analyst
E003056,2026-02-12 04:32:25.945945,job_viewed,C0163,J00272,U2348,Delhi,HR
E006381,2026-02-12 04:55:08.108108,application_submitted,C0158,J00848,U0783,Noida,Data Analyst
E006271,2026-02-12 06:21:04.864864,application_submitted,C0036,J00702,U0473,Bangalore,Business Analyst
E002554,2026-02-12 08:00:00.000000,job_viewed,C0186,J00115,U1707,Pune,Data Analyst
E000236,2026-02-12 08:12:58.378378,company_signup,C0236,,,Hyderabad,
E002692,2026-02-12 08:12:58.378378,job_viewed,C0125,J00161,U1032,Pune,HR
E002695,2026-02-12 08:12:58.378378,job_viewed,C0125,J00161,U0990,Pune,HR
E001826,2026-02-12 08:25:56.756756,job_posted,C0175,J00826,,Gurgaon,Software Engineer
E003982,2026-02-12 09:17:50.270270,job_viewed,C0153,J00592,U2790,Bangalore,Business Analyst
E003131,2026-02-12 09:43:47.027027,job_viewed,C0142,J00300,U1848,Hyderabad,Sales
E001354,2026-02-12 10:48:38.918918,job_posted,C0170,J00354,,Bangalore,Data Analyst
E005186,2026-02-12 11:14:35.675675,job_viewed,C0159,J01005,U1920,Mumbai,Marketing
E005967,2026-02-12 11:32:25.945945,application_submitted,C0163,J00272,U2348,Delhi,HR
E000237,2026-02-12 12:32:25.945945,company_signup,C0237,,,Noida,
E001669,2026-02-12 12:58:22.702702,job_posted,C0226,J00669,,Lucknow,Sales
E004137,2026-02-12 12:58:22.702702,job_viewed,C0115,J00643,U1726,Bangalore,Business Analyst
E005420,2026-02-12 13:11:21.081081,job_viewed,C0165,J01088,U2420,Lucknow,Sales
E006334,2026-02-12 13:12:58.378378,application_submitted,C0162,J00794,U1463,Mumbai,Marketing
E001058,2026-02-12 13:50:16.216216,job_posted,C0204,J00058,,Mumbai,Business Analyst
E002384,2026-02-12 13:50:16.216216,job_viewed,C0204,J00057,U2242,Noida,Software Engineer
E002382,2026-02-12 13:50:16.216216,job_viewed,C0204,J00057,U0187,Noida,Software Engineer
E005388,2026-02-12 14:29:11.351351,job_viewed,C0132,J01077,U1342,Bangalore,Business Analyst
E001536,2026-02-12 14:55:08.108108,job_posted,C0232,J00536,,Pune,Software Engineer
E004847,2026-02-12 15:34:03.243243,job_viewed,C0049,J00893,U2616,Hyderabad,Data Analyst
E005988,2026-02-12 15:43:47.027027,application_submitted,C0142,J00300,U1848,Hyderabad,Sales
E006136,2026-02-12 16:30:48.648648,application_submitted,C0129,J00503,U1902,Mumbai,Data Analyst
E000238,2026-02-12 16:51:53.513513,company_signup,C0238,,,Noida,
E003441,2026-02-12 17:17:50.270270,job_viewed,C0116,J00401,U2148,Mumbai,Marketing
E006283,2026-02-12 18:21:04.864864,application_submitted,C0147,J00712,U1114,Pune,Business Analyst
E004718,2026-02-12 18:22:42.162162,job_viewed,C0144,J00838,U2886,Pune,Sales
E005726,2026-02-12 18:35:40.540540,job_viewed,C0194,J01188,U1233,Gurgaon,HR
E001816,2026-02-12 19:40:32.432432,job_posted,C0222,J00816,,Noida,HR
E005843,2026-02-12 20:00:00.000000,application_submitted,C0186,J00115,U1445,Pune,Data Analyst
E002717,2026-02-12 20:06:29.189189,job_viewed,C0100,J00168,U2999,Mumbai,HR
E005383,2026-02-12 20:32:25.945945,job_viewed,C0089,J01072,U0209,Lucknow,HR
E000239,2026-02-12 21:11:21.081081,company_signup,C0239,,,Bangalore,
E006640,2026-02-12 21:35:40.540540,application_submitted,C0194,J01188,U1233,Gurgaon,HR
E004856,2026-02-12 22:16:12.972972,job_viewed,C0156,J00896,U1747,Bangalore,Sales
E004854,2026-02-12 22:16:12.972972,job_viewed,C0156,J00896,U2889,Bangalore,Sales
E001320,2026-02-12 22:29:11.351351,job_posted,C0206,J00320,,Hyderabad,Marketing
E006371,2026-02-12 23:22:42.162162,application_submitted,C0144,J00838,U2886,Pune,Sales
E003634,2026-02-13 00:25:56.756756,job_viewed,C0101,J00475,U2274,Hyderabad,Marketing
E006559,2026-02-13 01:11:21.081081,application_submitted,C0165,J01088,U2420,Lucknow,Sales
E003501,2026-02-13 01:17:50.270270,job_viewed,C0079,J00422,U0351,Mumbai,HR
E000240,2026-02-13 01:30:48.648648,company_signup,C0240,,,Lucknow,
E003713,2026-02-13 01:30:48.648648,job_viewed,C0129,J00502,U2723,Hyderabad,Business Analyst
E003025,2026-02-13 04:32:25.945945,job_viewed,C0052,J00263,U1017,Noida,Marketing
E001924,2026-02-13 05:11:21.081081,job_posted,C0202,J00924,,Delhi,HR
E002654,2026-02-13 05:11:21.081081,job_viewed,C0091,J00149,U0028,Delhi,HR
E001276,2026-02-13 05:37:17.837837,job_posted,C0191,J00276,,Pune,HR
E000241,2026-02-13 05:50:16.216216,company_signup,C0241,,,Mumbai,
E004888,2026-02-13 06:03:14.594594,job_viewed,C0180,J00905,U1383,Hyderabad,Business Analyst
E001310,2026-02-13 06:16:12.972972,job_posted,C0230,J00310,,Noida,HR
E003673,2026-02-13 06:42:09.729729,job_viewed,C0108,J00486,U0250,Lucknow,Sales
E005845,2026-02-13 07:06:29.189189,application_submitted,C0174,J00124,U0890,Mumbai,Data Analyst
E001336,2026-02-13 07:08:06.486486,job_posted,C0208,J00336,,Mumbai,Software Engineer
E002691,2026-02-13 08:12:58.378378,job_viewed,C0125,J00161,U1119,Pune,HR
E002173,2026-02-13 08:38:55.135135,job_posted,C0225,J01173,,Bangalore,Business Analyst
E004655,2026-02-13 08:38:55.135135,job_viewed,C0114,J00818,U0081,Gurgaon,Data Analyst
E000242,2026-02-13 10:09:43.783783,company_signup,C0242,,,Gurgaon,
E004135,2026-02-13 12:58:22.702702,job_viewed,C0115,J00642,U1380,Gurgaon,Sales
E004139,2026-02-13 12:58:22.702702,job_viewed,C0115,J00643,U2032,Bangalore,Business Analyst
E002089,2026-02-13 13:11:21.081081,job_posted,C0165,J01089,,Bangalore,Marketing
E004303,2026-02-13 14:16:12.972972,job_viewed,C0082,J00696,U0964,Pune,Marketing
E000243,2026-02-13 14:29:11.351351,company_signup,C0243,,,Hyderabad,
E001935,2026-02-13 14:42:09.729729,job_posted,C0182,J00935,,Noida,HR
E003862,2026-02-13 16:00:00.000000,job_viewed,C0149,J00551,U0500,Pune,Software Engineer
E003950,2026-02-13 16:25:56.756756,job_viewed,C0027,J00583,U1361,Pune,Marketing
E005037,2026-02-13 16:51:53.513513,job_viewed,C0127,J00954,U2660,Gurgaon,Business Analyst
E001209,2026-02-13 16:51:53.513513,job_posted,C0238,J00209,,Lucknow,HR
E001534,2026-02-13 17:17:50.270270,job_posted,C0227,J00534,,Hyderabad,Marketing
E005727,2026-02-13 18:35:40.540540,job_viewed,C0194,J01188,U2476,Gurgaon,HR
E000244,2026-02-13 18:48:38.918918,company_signup,C0244,,,Delhi,
E003908,2026-02-13 19:14:35.675675,job_viewed,C0122,J00566,U1446,Delhi,Software Engineer
E004817,2026-02-13 20:58:22.702702,job_viewed,C0189,J00877,U1549,Mumbai,Software Engineer
E003437,2026-02-13 21:50:16.216216,job_viewed,C0167,J00398,U0811,Delhi,Business Analyst
E000245,2026-02-13 23:08:06.486486,company_signup,C0245,,,Gurgaon,
E005653,2026-02-14 00:51:53.513513,job_viewed,C0090,J01163,U0746,Mumbai,HR
E002012,2026-02-14 03:14:35.675675,job_posted,C0196,J01012,,Gurgaon,HR
E000246,2026-02-14 03:27:34.054054,company_signup,C0246,,,Noida,
E003022,2026-02-14 04:32:25.945945,job_viewed,C0052,J00263,U1744,Noida,Marketing
E003057,2026-02-14 04:32:25.945945,job_viewed,C0163,J00272,U1626,Delhi,HR
E002651,2026-02-14 05:11:21.081081,job_viewed,C0091,J00148,U1613,Pune,Marketing
E002662,2026-02-14 05:11:21.081081,job_viewed,C0091,J00150,U1379,Mumbai,Marketing
E002657,2026-02-14 05:11:21.081081,job_viewed,C0091,J00149,U0297,Delhi,HR
E006176,2026-02-14 05:14:35.675675,application_submitted,C0122,J00566,U1446,Delhi,Software Engineer
E003676,2026-02-14 06:42:09.729729,job_viewed,C0108,J00486,U0872,Lucknow,Sales
E006107,2026-02-14 07:25:56.756756,application_submitted,C0101,J00475,U2274,Hyderabad,Marketing
E000247,2026-02-14 07:47:01.621621,company_signup,C0247,,,Delhi,
E003834,2026-02-14 08:51:53.513513,job_viewed,C0164,J00543,U2575,Hyderabad,Data Analyst
E003983,2026-02-14 09:17:50.270270,job_viewed,C0153,J00592,U1125,Bangalore,Business Analyst
E006355,2026-02-14 09:38:55.135135,application_submitted,C0114,J00818,U0081,Gurgaon,Data Analyst
E005870,2026-02-14 10:11:21.081081,application_submitted,C0091,J00149,U0028,Delhi,HR
E006550,2026-02-14 10:29:11.351351,application_submitted,C0132,J01077,U1342,Bangalore,Business Analyst
E001355,2026-02-14 10:48:38.918918,job_posted,C0170,J00355,,Bangalore,Sales
E001291,2026-02-14 11:01:37.297297,job_posted,C0220,J00291,,Lucknow,Software Engineer
E000248,2026-02-14 12:06:29.189189,company_signup,C0248,,,Delhi,
E003828,2026-02-14 12:19:27.567567,job_viewed,C0187,J00539,U1764,Delhi,HR
E003482,2026-02-14 12:45:24.324324,job_viewed,C0176,J00415,U0079,Mumbai,HR
E001863,2026-02-14 13:24:19.459459,job_posted,C0215,J00863,,Delhi,Marketing
E004972,2026-02-14 14:42:09.729729,job_viewed,C0182,J00935,U2037,Noida,HR
E004967,2026-02-14 14:42:09.729729,job_viewed,C0182,J00934,U0311,Lucknow,Marketing
E001409,2026-02-14 15:21:04.864864,job_posted,C0221,J00409,,Mumbai,Sales
E003856,2026-02-14 16:00:00.000000,job_viewed,C0149,J00549,U2766,Delhi,HR
E000249,2026-02-14 16:25:56.756756,company_signup,C0249,,,Delhi,
E002869,2026-02-14 16:51:53.513513,job_viewed,C0238,J00209,U2217,Lucknow,HR
E002538,2026-02-14 17:04:51.891891,job_viewed,C0066,J00109,U0693,Bangalore,Sales
E002678,2026-02-14 18:09:43.783783,job_viewed,C0094,J00155,U1658,Lucknow,Marketing
E002676,2026-02-14 18:09:43.783783,job_viewed,C0094,J00154,U1426,Gurgaon,Business Analyst
E003906,2026-02-14 19:14:35.675675,job_viewed,C0122,J00566,U1645,Delhi,Software Engineer
E006079,2026-02-14 19:17:50.270270,application_submitted,C0079,J00422,U0351,Mumbai,HR
E002719,2026-02-14 20:06:29.189189,job_viewed,C0100,J00168,U2993,Mumbai,HR
E002244,2026-02-14 20:19:27.567567,job_viewed,C0150,J00015,U2659,Lucknow,HR
E001452,2026-02-14 20:32:25.945945,job_posted,C0200,J00452,,Pune,Software Engineer
E000250,2026-02-14 20:45:24.324324,company_signup,C0250,,,Bangalore,
E004168,2026-02-14 21:11:21.081081,job_viewed,C0128,J00649,U0719,Mumbai,Software Engineer
E003398,2026-02-14 22:16:12.972972,job_viewed,C0045,J00380,U1036,Hyderabad,HR
E003206,2026-02-14 22:29:11.351351,job_viewed,C0206,J00320,U0710,Hyderabad,Marketing
E004833,2026-02-14 22:55:08.108108,job_viewed,C0084,J00889,U1022,Noida,Business Analyst
E006404,2026-02-14 22:58:22.702702,application_submitted,C0189,J00877,U1549,Mumbai,Software Engineer
E001120,2026-02-14 23:08:06.486486,job_posted,C0245,J00120,,Gurgaon,Marketing
E000251,2026-02-15 01:04:51.891891,company_signup,C0251,,,Noida,
E003914,2026-02-15 01:17:50.270270,job_viewed,C0190,J00568,U2654,Lucknow,Data Analyst
E006183,2026-02-15 01:25:56.756756,application_submitted,C0027,J00583,U1361,Pune,Marketing
E003021,2026-02-15 04:32:25.945945,job_viewed,C0052,J00263,U1275,Noida,Marketing
E002652,2026-02-15 05:11:21.081081,job_viewed,C0091,J00148,U2391,Pune,Marketing
E000252,2026-02-15 05:24:19.459459,company_signup,C0252,,,Delhi,
E003615,2026-02-15 05:37:17.837837,job_viewed,C0080,J00467,U2931,Bangalore,Data Analyst
E006119,2026-02-15 05:42:09.729729,application_submitted,C0108,J00486,U0250,Lucknow,Sales
E003672,2026-02-15 06:42:09.729729,job_viewed,C0108,J00486,U2415,Lucknow,Sales
E006178,2026-02-15 07:17:50.270270,application_submitted,C0190,J00568,U2654,Lucknow,Data Analyst
E006641,2026-02-15 08:35:40.540540,application_submitted,C0194,J01188,U2476,Gurgaon,HR
E000253,2026-02-15 09:43:47.027027,company_signup,C0253,,,Hyderabad,
E004607,2026-02-15 10:09:43.783783,job_viewed,C0131,J00800,U0001,Mumbai,HR
E001647,2026-02-15 11:27:34.054054,job_posted,C0209,J00647,,Delhi,Software Engineer
E003832,2026-02-15 12:19:27.567567,job_viewed,C0187,J00539,U0344,Delhi,HR
E001416,2026-02-15 12:45:24.324324,job_posted,C0176,J00416,,Hyderabad,Sales
E005335,2026-02-15 13:24:19.459459,job_viewed,C0104,J01051,U1493,Lucknow,Marketing
E000254,2026-02-15 14:03:14.594594,company_signup,C0254,,,Pune,
E005348,2026-02-15 14:03:14.594594,job_viewed,C0143,J01058,U1965,Bangalore,Software Engineer
E001559,2026-02-15 14:16:12.972972,job_posted,C0193,J00559,,Mumbai,HR
E006060,2026-02-15 14:50:16.216216,application_submitted,C0167,J00398,U0811,Delhi,Business Analyst
E006538,2026-02-15 15:03:14.594594,application_submitted,C0143,J01058,U1965,Bangalore,Software Engineer
E004845,2026-02-15 15:34:03.243243,job_viewed,C0049,J00892,U2864,Hyderabad,Software Engineer
E004463,2026-02-15 16:12:58.378378,job_viewed,C0088,J00743,U2709,Mumbai,Software Engineer
E005032,2026-02-15 16:51:53.513513,job_viewed,C0127,J00953,U2197,Mumbai,Data Analyst
E005039,2026-02-15 16:51:53.513513,job_viewed,C0127,J00955,U1861,Delhi,Sales
E005034,2026-02-15 16:51:53.513513,job_viewed,C0127,J00953,U2668,Mumbai,Data Analyst
E002851,2026-02-15 17:56:45.405405,job_viewed,C0155,J00205,U2482,Noida,HR
E000255,2026-02-15 18:22:42.162162,company_signup,C0255,,,Delhi,
E006160,2026-02-15 19:19:27.567567,application_submitted,C0187,J00539,U0344,Delhi,HR
E002714,2026-02-15 20:06:29.189189,job_viewed,C0100,J00168,U0144,Mumbai,HR
E002716,2026-02-15 20:06:29.189189,job_viewed,C0100,J00168,U0217,Mumbai,HR
E005639,2026-02-15 20:45:24.324324,job_viewed,C0139,J01155,U1361,Pune,Data Analyst
E004163,2026-02-15 21:11:21.081081,job_viewed,C0128,J00649,U0362,Mumbai,Software Engineer
E001786,2026-02-15 21:24:19.459459,job_posted,C0178,J00786,,Delhi,Software Engineer
E003211,2026-02-15 22:29:11.351351,job_viewed,C0206,J00320,U2563,Hyderabad,Marketing
E000256,2026-02-15 22:42:09.729729,company_signup,C0256,,,Bangalore,
E001686,2026-02-15 23:34:03.243243,job_posted,C0234,J00686,,Bangalore,Business Analyst
E005702,2026-02-15 23:47:01.621621,job_viewed,C0173,J01181,U1574,Hyderabad,Business Analyst
E004348,2026-02-16 00:00:00.000000,job_viewed,C0112,J00710,U0770,Gurgaon,Sales
E005959,2026-02-16 00:32:25.945945,application_submitted,C0052,J00263,U1744,Noida,Marketing
E005869,2026-02-16 01:11:21.081081,application_submitted,C0091,J00148,U1613,Pune,Marketing
E003709,2026-02-16 01:30:48.648648,job_viewed,C0129,J00502,U0152,Hyderabad,Business Analyst
E006073,2026-02-16 01:45:24.324324,application_submitted,C0176,J00415,U0079,Mumbai,HR
E000257,2026-02-16 03:01:37.297297,company_signup,C0257,,,Gurgaon,
E002011,2026-02-16 03:14:35.675675,job_posted,C0196,J01011,,Gurgaon,HR
E005216,2026-02-16 03:14:35.675675,job_viewed,C0196,J01012,U0607,Gurgaon,HR
E006157,2026-02-16 03:19:27.567567,application_submitted,C0187,J00539,U1764,Delhi,HR
E003076,2026-02-16 03:53:30.810810,job_viewed,C0124,J00277,U0848,Mumbai,Marketing
E005661,2026-02-16 04:19:27.567567,job_viewed,C0113,J01169,U0507,Noida,Data Analyst
E005660,2026-02-16 04:19:27.567567,job_viewed,C0113,J01169,U0595,Noida,Data Analyst
E003024,2026-02-16 04:32:25.945945,job_viewed,C0052,J00263,U0546,Noida,Marketing
E001275,2026-02-16 05:37:17.837837,job_posted,C0191,J00275,,Mumbai,Business Analyst
E005120,2026-02-16 05:50:16.216216,job_viewed,C0130,J00988,U0841,Bangalore,Software Engineer
E001335,2026-02-16 07:08:06.486486,job_posted,C0208,J00335,,Hyderabad,HR
E000258,2026-02-16 07:21:04.864864,company_signup,C0258,,,Noida,
E004370,2026-02-16 07:21:04.864864,job_viewed,C0147,J00713,U1649,Hyderabad,Software Engineer
E004360,2026-02-16 07:21:04.864864,job_viewed,C0147,J00712,U0023,Pune,Business Analyst
E003133,2026-02-16 09:43:47.027027,job_viewed,C0142,J00300,U0916,Hyderabad,Sales
E005181,2026-02-16 11:14:35.675675,job_viewed,C0159,J01003,U0960,Mumbai,Sales
E004153,2026-02-16 11:27:34.054054,job_viewed,C0209,J00647,U1722,Delhi,Software Engineer
E000259,2026-02-16 11:40:32.432432,company_signup,C0259,,,Lucknow,
E002047,2026-02-16 11:53:30.810810,job_posted,C0198,J01047,,Bangalore,Marketing
E006615,2026-02-16 13:45:24.324324,application_submitted,C0139,J01155,U1361,Pune,Data Analyst
E001558,2026-02-16 14:16:12.972972,job_posted,C0193,J00558,,Pune,Sales
E006465,2026-02-16 14:51:53.513513,application_submitted,C0127,J00955,U1861,Delhi,Sales
E004846,2026-02-16 15:34:03.243243,job_viewed,C0049,J00893,U0520,Hyderabad,Data Analyst
E000260,2026-02-16 16:00:00.000000,company_signup,C0260,,,Bangalore,
E001435,2026-02-16 16:12:58.378378,job_posted,C0199,J00435,,Pune,HR
E002867,2026-02-16 16:51:53.513513,job_viewed,C0238,J00209,U1879,Lucknow,HR
E002871,2026-02-16 16:51:53.513513,job_viewed,C0238,J00209,U2080,Lucknow,HR
E003811,2026-02-16 17:17:50.270270,job_viewed,C0227,J00533,U0872,Lucknow,HR
E003813,2026-02-16 17:17:50.270270,job_viewed,C0227,J00534,U2642,Hyderabad,Marketing
E006279,2026-02-16 19:00:00.000000,application_submitted,C0112,J00710,U0770,Gurgaon,Sales
E005973,2026-02-16 19:53:30.810810,application_submitted,C0124,J00277,U0848,Mumbai,Marketing
E001854,2026-02-16 20:06:29.189189,job_posted,C0211,J00854,,Hyderabad,HR
E002246,2026-02-16 20:19:27.567567,job_viewed,C0150,J00015,U2750,Lucknow,HR
E000261,2026-02-16 20:19:27.567567,company_signup,C0261,,,Delhi,
E003571,2026-02-16 20:32:25.945945,job_viewed,C0200,J00452,U0596,Pune,Software Engineer
E004917,2026-02-16 21:37:17.837837,job_viewed,C0117,J00919,U1069,Noida,Business Analyst
E004839,2026-02-16 22:55:08.108108,job_viewed,C0084,J00890,U2447,Delhi,Data Analyst
E003235,2026-02-16 23:34:03.243243,job_viewed,C0123,J00331,U0493,Lucknow,Business Analyst
E005700,2026-02-16 23:47:01.621621,job_viewed,C0173,J01181,U2303,Hyderabad,Business Analyst
E000262,2026-02-17 00:38:55.135135,company_signup,C0262,,,Noida,
E005657,2026-02-17 01:04:51.891891,job_viewed,C0140,J01168,U0044,Lucknow,HR
E005305,2026-02-17 01:43:47.027027,job_viewed,C0179,J01042,U1987,Mumbai,Software Engineer
E005304,2026-02-17 01:43:47.027027,job_viewed,C0179,J01041,U0790,Lucknow,Marketing
E005881,2026-02-17 02:06:29.189189,application_submitted,C0100,J00168,U0144,Mumbai,HR
E006118,2026-02-17 02:42:09.729729,application_submitted,C0108,J00486,U2415,Lucknow,Sales
E001629,2026-02-17 03:27:34.054054,job_posted,C0246,J00629,,Noida,Software Engineer
E003213,2026-02-17 03:40:32.432432,job_viewed,C0185,J00321,U0688,Mumbai,Marketing
E003073,2026-02-17 03:53:30.810810,job_viewed,C0124,J00277,U2570,Mumbai,Marketing
E003072,2026-02-17 03:53:30.810810,job_viewed,C0124,J00277,U0182,Mumbai,Marketing
E002570,2026-02-17 04:06:29.189189,job_viewed,C0174,J00124,U0925,Mumbai,Data Analyst
E000263,2026-02-17 04:58:22.702702,company_signup,C0263,,,Pune,
E002653,2026-02-17 05:11:21.081081,job_viewed,C0091,J00149,U1628,Delhi,HR
E004367,2026-02-17 07:21:04.864864,job_viewed,C0147,J00713,U2305,Hyderabad,Software Engineer
E004371,2026-02-17 07:21:04.864864,job_viewed,C0147,J00713,U0672,Hyderabad,Software Engineer
E006431,2026-02-17 07:37:17.837837,application_submitted,C0117,J00919,U1069,Noida,Business Analyst
E002694,2026-02-17 08:12:58.378378,job_viewed,C0125,J00161,U2816,Pune,HR
E004681,2026-02-17 08:25:56.756756,job_viewed,C0175,J00826,U0055,Gurgaon,Software Engineer
E000264,2026-02-17 09:17:50.270270,company_signup,C0264,,,Delhi,
E006361,2026-02-17 09:25:56.756756,application_submitted,C0175,J00826,U0055,Gurgaon,Software Engineer
E005919,2026-02-17 10:51:53.513513,application_submitted,C0238,J00209,U2080,Lucknow,HR
E006408,2026-02-17 11:34:03.243243,application_submitted,C0049,J00892,U2864,Hyderabad,Software Engineer
E002151,2026-02-17 11:40:32.432432,job_posted,C0259,J01151,,Lucknow,Software Engineer
E000265,2026-02-17 13:37:17.837837,company_signup,C0265,,,Bangalore,
E005346,2026-02-17 14:03:14.594594,job_viewed,C0143,J01058,U1672,Bangalore,Software Engineer
E006155,2026-02-17 14:17:50.270270,application_submitted,C0227,J00534,U2642,Hyderabad,Marketing
E006131,2026-02-17 14:30:48.648648,application_submitted,C0129,J00502,U0152,Hyderabad,Business Analyst
E006622,2026-02-17 15:19:27.567567,application_submitted,C0113,J01169,U0595,Noida,Data Analyst
E002976,2026-02-17 15:21:04.864864,job_viewed,C0110,J00248,U2943,Pune,Business Analyst
E003537,2026-02-17 16:12:58.378378,job_viewed,C0199,J00435,U0819,Pune,HR
E003440,2026-02-17 17:17:50.270270,job_viewed,C0116,J00401,U2706,Mumbai,Marketing
E002848,2026-02-17 17:56:45.405405,job_viewed,C0155,J00204,U2500,Noida,HR
E000266,2026-02-17 17:56:45.405405,company_signup,C0266,,,Mumbai,
E005728,2026-02-17 18:35:40.540540,job_viewed,C0194,J01188,U0826,Gurgaon,HR
E004872,2026-02-17 19:53:30.810810,job_viewed,C0161,J00901,U0972,Delhi,Marketing
E004756,2026-02-17 20:06:29.189189,job_viewed,C0211,J00854,U0820,Hyderabad,HR
E005972,2026-02-17 21:53:30.810810,application_submitted,C0124,J00277,U0182,Mumbai,Marketing
E000267,2026-02-17 22:16:12.972972,company_signup,C0267,,,Hyderabad,
E004358,2026-02-18 00:00:00.000000,job_viewed,C0112,J00711,U2182,Hyderabad,Sales
E000268,2026-02-18 02:35:40.540540,company_signup,C0268,,,Lucknow,
E005913,2026-02-18 02:56:45.405405,application_submitted,C0155,J00204,U2500,Noida,HR
E003218,2026-02-18 03:40:32.432432,job_viewed,C0185,J00322,U0717,Gurgaon,HR
E003215,2026-02-18 03:40:32.432432,job_viewed,C0185,J00321,U1400,Mumbai,Marketing
E001625,2026-02-18 03:53:30.810810,job_posted,C0235,J00625,,Bangalore,Business Analyst
E003059,2026-02-18 04:32:25.945945,job_viewed,C0163,J00272,U2401,Delhi,HR
E004932,2026-02-18 05:11:21.081081,job_viewed,C0202,J00924,U2613,Delhi,HR
E001260,2026-02-18 05:50:16.216216,job_posted,C0241,J00260,,Hyderabad,Sales
E000269,2026-02-18 06:55:08.108108,company_signup,C0269,,,Gurgaon,
E005846,2026-02-18 07:06:29.189189,application_submitted,C0174,J00124,U0925,Mumbai,Data Analyst
E005250,2026-02-18 07:08:06.486486,job_viewed,C0097,J01020,U1203,Pune,Business Analyst
E003246,2026-02-18 07:08:06.486486,job_viewed,C0208,J00335,U1970,Hyderabad,HR
E004281,2026-02-18 07:34:03.243243,job_viewed,C0197,J00689,U0498,Gurgaon,Software Engineer
E004280,2026-02-18 07:34:03.243243,job_viewed,C0197,J00689,U0560,Gurgaon,Software Engineer
E002172,2026-02-18 08:38:55.135135,job_posted,C0225,J01172,,Mumbai,Sales
E001805,2026-02-18 09:17:50.270270,job_posted,C0264,J00805,,Bangalore,Business Analyst
E004604,2026-02-18 10:09:43.783783,job_viewed,C0131,J00800,U0900,Mumbai,HR
E003110,2026-02-18 11:01:37.297297,job_viewed,C0220,J00291,U0868,Lucknow,Software Engineer
E000270,2026-02-18 11:14:35.675675,company_signup,C0270,,,Bangalore,
E005185,2026-02-18 11:14:35.675675,job_viewed,C0159,J01003,U1677,Mumbai,Sales
E002048,2026-02-18 11:53:30.810810,job_posted,C0198,J01048,,Delhi,Business Analyst
E005771,2026-02-18 13:19:27.567567,application_submitted,C0150,J00015,U2750,Lucknow,HR
E006386,2026-02-18 15:06:29.189189,application_submitted,C0211,J00854,U0820,Hyderabad,HR
E002624,2026-02-18 15:08:06.486486,job_viewed,C0060,J00141,U1635,Pune,Data Analyst
E001410,2026-02-18 15:21:04.864864,job_posted,C0221,J00410,,Mumbai,Software Engineer
E000271,2026-02-18 15:34:03.243243,company_signup,C0271,,,Noida,
E004848,2026-02-18 15:34:03.243243,job_viewed,C0049,J00893,U0652,Hyderabad,Data Analyst
E001431,2026-02-18 16:00:00.000000,job_posted,C0260,J00431,,Gurgaon,Business Analyst
E006003,2026-02-18 16:40:32.432432,application_submitted,C0185,J00321,U1400,Mumbai,Marketing
E006407,2026-02-18 16:55:08.108108,application_submitted,C0084,J00890,U2447,Delhi,Data Analyst
E002849,2026-02-18 17:56:45.405405,job_viewed,C0155,J00204,U2638,Noida,HR
E002683,2026-02-18 18:09:43.783783,job_viewed,C0094,J00155,U2804,Lucknow,Marketing
E006090,2026-02-18 19:12:58.378378,application_submitted,C0199,J00435,U0819,Pune,HR
E003909,2026-02-18 19:14:35.675675,job_viewed,C0122,J00566,U1081,Delhi,Software Engineer
E004653,2026-02-18 19:40:32.432432,job_viewed,C0222,J00816,U1505,Noida,HR
E000272,2026-02-18 19:53:30.810810,company_signup,C0272,,,Lucknow,
E001853,2026-02-18 20:06:29.189189,job_posted,C0211,J00853,,Bangalore,Software Engineer
E002148,2026-02-18 20:19:27.567567,job_posted,C0261,J01148,,Delhi,HR
E004818,2026-02-18 20:58:22.702702,job_viewed,C0189,J00877,U0741,Mumbai,Software Engineer
E003210,2026-02-18 22:29:11.351351,job_viewed,C0206,J00320,U1440,Hyderabad,Marketing
E004843,2026-02-18 22:55:08.108108,job_viewed,C0084,J00891,U1758,Delhi,Business Analyst
E005078,2026-02-18 23:08:06.486486,job_viewed,C0134,J00973,U2522,Pune,Marketing
E005699,2026-02-18 23:47:01.621621,job_viewed,C0173,J01181,U1509,Hyderabad,Business Analyst
E004345,2026-02-19 00:00:00.000000,job_viewed,C0112,J00709,U0007,Bangalore,Data Analyst
E000273,2026-02-19 00:12:58.378378,company_signup,C0273,,,Lucknow,
E006002,2026-02-19 00:40:32.432432,application_submitted,C0185,J00321,U0688,Mumbai,Marketing
E003915,2026-02-19 01:17:50.270270,job_viewed,C0190,J00568,U2181,Lucknow,Data Analyst
E003714,2026-02-19 01:30:48.648648,job_viewed,C0129,J00502,U1326,Hyderabad,Business Analyst
E005584,2026-02-19 02:09:43.783783,job_viewed,C0168,J01142,U2023,Bangalore,Business Analyst
E001963,2026-02-19 02:22:42.162162,job_posted,C0218,J00963,,Gurgaon,HR
E002971,2026-02-19 03:40:32.432432,job_viewed,C0074,J00247,U2898,Mumbai,HR
E000274,2026-02-19 04:32:25.945945,company_signup,C0274,,,Lucknow,
E006409,2026-02-19 04:34:03.243243,application_submitted,C0049,J00893,U0652,Hyderabad,Data Analyst
E001719,2026-02-19 04:58:22.702702,job_posted,C0263,J00719,,Pune,Sales
E002648,2026-02-19 05:11:21.081081,job_viewed,C0091,J00148,U2157,Pune,Marketing
E004931,2026-02-19 05:11:21.081081,job_viewed,C0202,J00924,U1415,Delhi,HR
E006503,2026-02-19 05:14:35.675675,application_submitted,C0159,J01003,U1677,Mumbai,Sales
E005057,2026-02-19 05:24:19.459459,job_viewed,C0141,J00962,U2549,Bangalore,Sales
E005053,2026-02-19 05:24:19.459459,job_viewed,C0141,J00962,U1608,Bangalore,Sales
E001259,2026-02-19 05:50:16.216216,job_posted,C0241,J00259,,Gurgaon,Software Engineer
E006642,2026-02-19 06:35:40.540540,application_submitted,C0194,J01188,U0826,Gurgaon,HR
E003675,2026-02-19 06:42:09.729729,job_viewed,C0108,J00486,U2428,Lucknow,Sales
E004679,2026-02-19 08:25:56.756756,job_viewed,C0175,J00826,U0836,Gurgaon,Software Engineer
E000275,2026-02-19 08:51:53.513513,company_signup,C0275,,,Delhi,
E001011,2026-02-19 09:30:48.648648,job_posted,C0203,J00011,,Delhi,Marketing
E004822,2026-02-19 11:40:32.432432,job_viewed,C0148,J00885,U2346,Delhi,Sales
E003827,2026-02-19 12:19:27.567567,job_viewed,C0187,J00539,U0035,Delhi,HR
E004138,2026-02-19 12:58:22.702702,job_viewed,C0115,J00643,U2654,Bangalore,Business Analyst
E000276,2026-02-19 13:11:21.081081,company_signup,C0276,,,Hyderabad,
E001862,2026-02-19 13:24:19.459459,job_posted,C0215,J00862,,Hyderabad,Data Analyst
E003887,2026-02-19 14:16:12.972972,job_viewed,C0193,J00560,U2603,Pune,Data Analyst
E003468,2026-02-19 15:21:04.864864,job_viewed,C0221,J00410,U0753,Mumbai,Software Engineer
E001436,2026-02-19 16:12:58.378378,job_posted,C0199,J00436,,Noida,Sales
E003035,2026-02-19 16:38:55.135135,job_viewed,C0077,J00267,U1228,Gurgaon,Software Engineer
E004304,2026-02-19 16:38:55.135135,job_viewed,C0188,J00697,U1194,Delhi,HR
E006432,2026-02-19 17:11:21.081081,application_submitted,C0202,J00924,U1415,Delhi,HR
E003816,2026-02-19 17:17:50.270270,job_viewed,C0227,J00534,U0784,Hyderabad,Marketing
E000277,2026-02-19 17:30:48.648648,company_signup,C0277,,,Delhi,
E002847,2026-02-19 17:56:45.405405,job_viewed,C0155,J00204,U2862,Noida,HR
E004719,2026-02-19 18:22:42.162162,job_viewed,C0144,J00839,U2291,Hyderabad,HR
E001917,2026-02-19 18:48:38.918918,job_posted,C0244,J00917,,Gurgaon,Business Analyst
E003911,2026-02-19 19:14:35.675675,job_viewed,C0122,J00567,U0600,Hyderabad,Marketing
E005596,2026-02-19 19:27:34.054054,job_viewed,C0172,J01145,U0133,Gurgaon,Sales
E004654,2026-02-19 19:40:32.432432,job_viewed,C0222,J00816,U2444,Noida,HR
E006340,2026-02-19 20:09:43.783783,application_submitted,C0131,J00800,U0900,Mumbai,HR
E005605,2026-02-19 20:19:27.567567,job_viewed,C0261,J01148,U0684,Delhi,HR
E005961,2026-02-19 20:38:55.135135,application_submitted,C0077,J00267,U1228,Gurgaon,Software Engineer
E005968,2026-02-19 21:32:25.945945,application_submitted,C0163,J00272,U2401,Delhi,HR
E004914,2026-02-19 21:37:17.837837,job_viewed,C0117,J00918,U0158,Gurgaon,Marketing
E004913,2026-02-19 21:37:17.837837,job_viewed,C0117,J00918,U0099,Gurgaon,Marketing
E000278,2026-02-19 21:50:16.216216,company_signup,C0278,,,Noida,
E004858,2026-02-19 22:16:12.972972,job_viewed,C0156,J00896,U2697,Bangalore,Sales
E001121,2026-02-19 23:08:06.486486,job_posted,C0245,J00121,,Pune,Sales
E004269,2026-02-19 23:34:03.243243,job_viewed,C0234,J00686,U1592,Bangalore,Business Analyst
E005704,2026-02-19 23:47:01.621621,job_viewed,C0173,J01181,U1759,Hyderabad,Business Analyst
E004353,2026-02-20 00:00:00.000000,job_viewed,C0112,J00711,U0688,Hyderabad,Sales
E004344,2026-02-20 00:00:00.000000,job_viewed,C0112,J00709,U0653,Bangalore,Data Analyst
E003638,2026-02-20 00:25:56.756756,job_viewed,C0101,J00477,U1873,Noida,Sales
E000279,2026-02-20 02:09:43.783783,company_signup,C0279,,,Delhi,
E003514,2026-02-20 03:27:34.054054,job_viewed,C0135,J00425,U0283,Bangalore,Business Analyst
E001430,2026-02-20 04:45:24.324324,job_posted,C0213,J00430,,Hyderabad,Sales
E003008,2026-02-20 05:50:16.216216,job_viewed,C0241,J00259,U1237,Gurgaon,Software Engineer
E004889,2026-02-20 06:03:14.594594,job_viewed,C0180,J00905,U2622,Hyderabad,Business Analyst
E000280,2026-02-20 06:29:11.351351,company_signup,C0280,,,Mumbai,
E001578,2026-02-20 06:42:09.729729,job_posted,C0219,J00578,,Pune,HR
E001159,2026-02-20 06:55:08.108108,job_posted,C0269,J00159,,Noida,Marketing
E005247,2026-02-20 07:08:06.486486,job_viewed,C0097,J01020,U0483,Pune,Business Analyst
E006000,2026-02-20 07:29:11.351351,application_submitted,C0206,J00320,U1440,Hyderabad,Marketing
E003833,2026-02-20 08:51:53.513513,job_viewed,C0164,J00543,U1922,Hyderabad,Data Analyst
E006231,2026-02-20 08:58:22.702702,application_submitted,C0115,J00643,U2654,Bangalore,Business Analyst
E003981,2026-02-20 09:17:50.270270,job_viewed,C0153,J00592,U0819,Bangalore,Business Analyst
E003980,2026-02-20 09:17:50.270270,job_viewed,C0153,J00592,U0716,Bangalore,Business Analyst
E006133,2026-02-20 09:30:48.648648,application_submitted,C0129,J00502,U1326,Hyderabad,Business Analyst
E000281,2026-02-20 10:48:38.918918,company_signup,C0281,,,Hyderabad,
E005319,2026-02-20 11:53:30.810810,job_viewed,C0198,J01048,U0209,Delhi,Business Analyst
E001635,2026-02-20 12:32:25.945945,job_posted,C0237,J00635,,Gurgaon,Sales
E002015,2026-02-20 14:03:14.594594,job_posted,C0254,J01015,,Lucknow,Software Engineer
E005389,2026-02-20 14:29:11.351351,job_viewed,C0132,J01077,U1859,Bangalore,Business Analyst
E000282,2026-02-20 15:08:06.486486,company_signup,C0282,,,Hyderabad,
E006354,2026-02-20 15:40:32.432432,application_submitted,C0222,J00816,U1505,Noida,HR
E003859,2026-02-20 16:00:00.000000,job_viewed,C0149,J00550,U2705,Hyderabad,Sales
E003031,2026-02-20 16:38:55.135135,job_viewed,C0077,J00265,U2946,Pune,Sales
E003029,2026-02-20 16:38:55.135135,job_viewed,C0077,J00265,U2664,Pune,Sales
E004305,2026-02-20 16:38:55.135135,job_viewed,C0188,J00697,U0417,Delhi,HR
E001210,2026-02-20 16:51:53.513513,job_posted,C0238,J00210,,Hyderabad,Business Analyst
E005876,2026-02-20 17:09:43.783783,application_submitted,C0094,J00155,U2804,Lucknow,Marketing
E003809,2026-02-20 17:17:50.270270,job_viewed,C0227,J00533,U0702,Lucknow,HR
E002850,2026-02-20 17:56:45.405405,job_viewed,C0155,J00204,U0327,Noida,HR
E000283,2026-02-20 19:27:34.054054,company_signup,C0283,,,Noida,
E004760,2026-02-20 20:06:29.189189,job_viewed,C0211,J00854,U1692,Hyderabad,HR
E006069,2026-02-20 20:21:04.864864,application_submitted,C0221,J00410,U0753,Mumbai,Software Engineer
E003569,2026-02-20 20:32:25.945945,job_viewed,C0200,J00452,U0995,Pune,Software Engineer
E005076,2026-02-20 23:08:06.486486,job_viewed,C0134,J00973,U0253,Pune,Marketing
E000284,2026-02-20 23:47:01.621621,company_signup,C0284,,,Gurgaon,
E005582,2026-02-21 02:09:43.783783,job_viewed,C0168,J01142,U0329,Bangalore,Business Analyst
E001470,2026-02-21 02:09:43.783783,job_posted,C0279,J00470,,Gurgaon,Data Analyst
E006475,2026-02-21 03:08:06.486486,application_submitted,C0134,J00973,U0253,Pune,Marketing
E000285,2026-02-21 04:06:29.189189,company_signup,C0285,,,Mumbai,
E006261,2026-02-21 04:34:03.243243,application_submitted,C0234,J00686,U1592,Bangalore,Business Analyst
E002656,2026-02-21 05:11:21.081081,job_viewed,C0091,J00149,U0058,Delhi,HR
E001088,2026-02-21 05:24:19.459459,job_posted,C0252,J00088,,Hyderabad,Marketing
E003009,2026-02-21 05:50:16.216216,job_viewed,C0241,J00259,U0530,Gurgaon,Software Engineer
E004284,2026-02-21 07:34:03.243243,job_viewed,C0197,J00689,U0257,Gurgaon,Software Engineer
E000286,2026-02-21 08:25:56.756756,company_signup,C0286,,,Bangalore,
E004658,2026-02-21 08:38:55.135135,job_viewed,C0114,J00818,U0757,Gurgaon,Data Analyst
E004606,2026-02-21 10:09:43.783783,job_viewed,C0131,J00800,U0703,Mumbai,HR
E006191,2026-02-21 10:17:50.270270,application_submitted,C0153,J00592,U0716,Bangalore,Business Analyst
E002092,2026-02-21 11:14:35.675675,job_posted,C0270,J01092,,Bangalore,HR
E001167,2026-02-21 12:06:29.189189,job_posted,C0248,J00167,,Gurgaon,Data Analyst
E006605,2026-02-21 12:19:27.567567,application_submitted,C0261,J01148,U0684,Delhi,HR
E004117,2026-02-21 12:32:25.945945,job_viewed,C0237,J00635,U0731,Gurgaon,Sales
E000287,2026-02-21 12:45:24.324324,company_signup,C0287,,,Delhi,
E005347,2026-02-21 14:03:14.594594,job_viewed,C0143,J01058,U0253,Bangalore,Software Engineer
E006192,2026-02-21 15:17:50.270270,application_submitted,C0153,J00592,U0819,Bangalore,Business Analyst
E001961,2026-02-21 15:47:01.621621,job_posted,C0210,J00961,,Delhi,Sales
E003860,2026-02-21 16:00:00.000000,job_viewed,C0149,J00550,U1533,Hyderabad,Sales
E003541,2026-02-21 16:12:58.378378,job_viewed,C0199,J00436,U1229,Noida,Sales
E004464,2026-02-21 16:12:58.378378,job_viewed,C0088,J00743,U2057,Mumbai,Software Engineer
E003538,2026-02-21 16:12:58.378378,job_viewed,C0199,J00435,U0013,Pune,HR
E003030,2026-02-21 16:38:55.135135,job_viewed,C0077,J00265,U2746,Pune,Sales
E003037,2026-02-21 16:38:55.135135,job_viewed,C0077,J00267,U0329,Gurgaon,Software Engineer
E004306,2026-02-21 16:38:55.135135,job_viewed,C0188,J00697,U2187,Delhi,HR
E002873,2026-02-21 16:51:53.513513,job_viewed,C0238,J00210,U2318,Hyderabad,Business Analyst
E005040,2026-02-21 16:51:53.513513,job_viewed,C0127,J00955,U1711,Delhi,Sales
E005038,2026-02-21 16:51:53.513513,job_viewed,C0127,J00954,U2111,Gurgaon,Business Analyst
E000288,2026-02-21 17:04:51.891891,company_signup,C0288,,,Pune,
E003812,2026-02-21 17:17:50.270270,job_viewed,C0227,J00534,U1811,Hyderabad,Marketing
E006430,2026-02-21 17:37:17.837837,application_submitted,C0117,J00918,U0158,Gurgaon,Marketing
E003910,2026-02-21 19:14:35.675675,job_viewed,C0122,J00566,U2119,Delhi,Software Engineer
E004876,2026-02-21 19:53:30.810810,job_viewed,C0161,J00901,U2755,Delhi,Marketing
E004875,2026-02-21 19:53:30.810810,job_viewed,C0161,J00901,U0415,Delhi,Marketing
E002245,2026-02-21 20:19:27.567567,job_viewed,C0150,J00015,U1232,Lucknow,HR
E003572,2026-02-21 20:32:25.945945,job_viewed,C0200,J00453,U0344,Bangalore,HR
E000289,2026-02-21 21:24:19.459459,company_signup,C0289,,,Delhi,
E004911,2026-02-21 21:37:17.837837,job_viewed,C0117,J00918,U2846,Gurgaon,Marketing
E006153,2026-02-22 00:17:50.270270,application_submitted,C0227,J00533,U0702,Lucknow,HR
E003716,2026-02-22 01:30:48.648648,job_viewed,C0129,J00503,U1832,Mumbai,Data Analyst
E000290,2026-02-22 01:43:47.027027,company_signup,C0290,,,Lucknow,
E005213,2026-02-22 03:14:35.675675,job_viewed,C0196,J01011,U0390,Gurgaon,HR
E003214,2026-02-22 03:40:32.432432,job_viewed,C0185,J00321,U1543,Mumbai,Marketing
E003217,2026-02-22 03:40:32.432432,job_viewed,C0185,J00321,U1076,Mumbai,Marketing
E005659,2026-02-22 04:19:27.567567,job_viewed,C0113,J01169,U0454,Noida,Data Analyst
E003524,2026-02-22 04:45:24.324324,job_viewed,C0213,J00430,U2776,Hyderabad,Sales
E000291,2026-02-22 06:03:14.594594,company_signup,C0291,,,Delhi,
E003161,2026-02-22 06:16:12.972972,job_viewed,C0230,J00310,U2244,Noida,HR
E003244,2026-02-22 07:08:06.486486,job_viewed,C0208,J00335,U2495,Hyderabad,HR
E001357,2026-02-22 07:21:04.864864,job_posted,C0258,J00357,,Pune,HR
E002934,2026-02-22 07:47:01.621621,job_viewed,C0136,J00233,U0556,Bangalore,Software Engineer
E002171,2026-02-22 08:38:55.135135,job_posted,C0225,J01171,,Delhi,Business Analyst
E004605,2026-02-22 10:09:43.783783,job_viewed,C0131,J00800,U1190,Mumbai,HR
E000292,2026-02-22 10:22:42.162162,company_signup,C0292,,,Bangalore,
E004448,2026-02-22 10:35:40.540540,job_viewed,C0120,J00737,U0387,Pune,Business Analyst
E005934,2026-02-22 10:47:01.621621,application_submitted,C0136,J00233,U0556,Bangalore,Software Engineer
E006307,2026-02-22 12:12:58.378378,application_submitted,C0088,J00743,U2057,Mumbai,Software Engineer
E002014,2026-02-22 14:03:14.594594,job_posted,C0254,J01014,,Gurgaon,Business Analyst
E005352,2026-02-22 14:03:14.594594,job_viewed,C0143,J01059,U2116,Pune,Business Analyst
E000293,2026-02-22 14:42:09.729729,company_signup,C0293,,,Delhi,
E006539,2026-02-22 15:03:14.594594,application_submitted,C0143,J01059,U2116,Pune,Business Analyst
E005872,2026-02-22 16:11:21.081081,application_submitted,C0091,J00149,U0058,Delhi,HR
E002870,2026-02-22 16:51:53.513513,job_viewed,C0238,J00209,U2631,Lucknow,HR
E004721,2026-02-22 18:22:42.162162,job_viewed,C0144,J00839,U0494,Hyderabad,HR
E001769,2026-02-22 18:22:42.162162,job_posted,C0255,J00769,,Delhi,Business Analyst
E006419,2026-02-22 18:53:30.810810,application_submitted,C0161,J00901,U2755,Delhi,Marketing
E000294,2026-02-22 19:01:37.297297,company_signup,C0294,,,Mumbai,
E001815,2026-02-22 19:40:32.432432,job_posted,C0222,J00815,,Hyderabad,Business Analyst
E004918,2026-02-22 21:37:17.837837,job_viewed,C0117,J00919,U2419,Noida,Business Analyst
E006598,2026-02-22 23:09:43.783783,application_submitted,C0168,J01142,U0329,Bangalore,Business Analyst
E000295,2026-02-22 23:21:04.864864,company_signup,C0295,,,Mumbai,
E001471,2026-02-23 02:09:43.783783,job_posted,C0279,J00471,,Hyderabad,Marketing
E005220,2026-02-23 03:14:35.675675,job_viewed,C0196,J01012,U1224,Gurgaon,HR
E000296,2026-02-23 03:40:32.432432,company_signup,C0296,,,Hyderabad,
E002649,2026-02-23 05:11:21.081081,job_viewed,C0091,J00148,U2581,Pune,Marketing
E001309,2026-02-23 06:16:12.972972,job_posted,C0230,J00309,,Mumbai,Data Analyst
E003674,2026-02-23 06:42:09.729729,job_viewed,C0108,J00486,U1619,Lucknow,Sales
E003248,2026-02-23 07:08:06.486486,job_viewed,C0208,J00335,U1575,Hyderabad,HR
E000297,2026-02-23 08:00:00.000000,company_signup,C0297,,,Noida,
E002555,2026-02-23 08:00:00.000000,job_viewed,C0186,J00115,U1772,Pune,Data Analyst
E006154,2026-02-23 08:17:50.270270,application_submitted,C0227,J00534,U1811,Hyderabad,Marketing
E001478,2026-02-23 08:51:53.513513,job_posted,C0275,J00478,,Delhi,Data Analyst
E001292,2026-02-23 11:01:37.297297,job_posted,C0220,J00292,,Hyderabad,Business Analyst
E005321,2026-02-23 11:53:30.810810,job_viewed,C0198,J01048,U1451,Delhi,Business Analyst
E000298,2026-02-23 12:19:27.567567,company_signup,C0298,,,Gurgaon,
E003830,2026-02-23 12:19:27.567567,job_viewed,C0187,J00539,U1559,Delhi,HR
E005422,2026-02-23 13:11:21.081081,job_viewed,C0165,J01089,U2168,Bangalore,Marketing
E006013,2026-02-23 15:08:06.486486,application_submitted,C0208,J00335,U2495,Hyderabad,HR
E006560,2026-02-23 16:11:21.081081,application_submitted,C0165,J01089,U2168,Bangalore,Marketing
E000299,2026-02-23 16:38:55.135135,company_signup,C0299,,,Pune,
E003028,2026-02-23 16:38:55.135135,job_viewed,C0077,J00265,U1283,Pune,Sales
E005036,2026-02-23 16:51:53.513513,job_viewed,C0127,J00954,U2179,Gurgaon,Business Analyst
E004513,2026-02-23 18:22:42.162162,job_viewed,C0255,J00769,U1181,Delhi,Business Analyst
E004715,2026-02-23 18:22:42.162162,job_viewed,C0144,J00838,U2210,Pune,Sales
E004906,2026-02-23 18:48:38.918918,job_viewed,C0244,J00917,U2530,Gurgaon,Business Analyst
E003907,2026-02-23 19:14:35.675675,job_viewed,C0122,J00566,U0604,Delhi,Software Engineer
E004761,2026-02-23 20:06:29.189189,job_viewed,C0211,J00854,U1930,Hyderabad,HR
E002247,2026-02-23 20:19:27.567567,job_viewed,C0150,J00015,U1809,Lucknow,HR
E000300,2026-02-23 20:58:22.702702,company_signup,C0300,,,Lucknow,
E004164,2026-02-23 21:11:21.081081,job_viewed,C0128,J00649,U1345,Mumbai,Software Engineer
E001687,2026-02-23 23:34:03.243243,job_posted,C0234,J00687,,Pune,Software Engineer
E001287,2026-02-24 00:38:55.135135,job_posted,C0262,J00287,,Pune,Marketing
E003917,2026-02-24 01:17:50.270270,job_viewed,C0190,J00569,U0471,Gurgaon,HR
E000301,2026-02-24 01:17:50.270270,company_signup,C0301,,,Delhi,
E003711,2026-02-24 01:30:48.648648,job_viewed,C0129,J00502,U1712,Hyderabad,Business Analyst
E005583,2026-02-24 02:09:43.783783,job_viewed,C0168,J01142,U1791,Bangalore,Business Analyst
E003621,2026-02-24 02:09:43.783783,job_viewed,C0279,J00470,U1717,Gurgaon,Data Analyst
E005253,2026-02-24 02:35:40.540540,job_viewed,C0157,J01023,U2914,Mumbai,HR
E003513,2026-02-24 03:27:34.054054,job_viewed,C0135,J00425,U0833,Bangalore,Business Analyst
E001630,2026-02-24 03:27:34.054054,job_posted,C0246,J00630,,Lucknow,Sales
E002650,2026-02-24 05:11:21.081081,job_viewed,C0091,J00148,U0296,Pune,Marketing
E000302,2026-02-24 05:37:17.837837,company_signup,C0302,,,Delhi,
E003011,2026-02-24 05:50:16.216216,job_viewed,C0241,J00259,U0596,Gurgaon,Software Engineer
E001660,2026-02-24 06:29:11.351351,job_posted,C0280,J00660,,Lucknow,Software Engineer
E001774,2026-02-24 07:47:01.621621,job_posted,C0247,J00774,,Gurgaon,Business Analyst
E001840,2026-02-24 08:25:56.756756,job_posted,C0286,J00840,,Delhi,Data Analyst
E003130,2026-02-24 09:43:47.027027,job_viewed,C0142,J00300,U0127,Hyderabad,Sales
E000303,2026-02-24 09:56:45.405405,company_signup,C0303,,,Bangalore,
E002152,2026-02-24 11:40:32.432432,job_posted,C0259,J01152,,Mumbai,Business Analyst
E001166,2026-02-24 12:06:29.189189,job_posted,C0248,J00166,,Gurgaon,Marketing
E004136,2026-02-24 12:58:22.702702,job_viewed,C0115,J00642,U2046,Gurgaon,Sales
E004217,2026-02-24 12:58:22.702702,job_viewed,C0226,J00669,U1075,Lucknow,Sales
E005334,2026-02-24 13:24:19.459459,job_viewed,C0104,J01051,U2408,Lucknow,Marketing
E004774,2026-02-24 13:24:19.459459,job_viewed,C0215,J00862,U1204,Hyderabad,Data Analyst
E002387,2026-02-24 13:50:16.216216,job_viewed,C0204,J00057,U2471,Noida,Software Engineer
E005868,2026-02-24 14:11:21.081081,application_submitted,C0091,J00148,U2581,Pune,Marketing
E000304,2026-02-24 14:16:12.972972,company_signup,C0304,,,Noida,
E004966,2026-02-24 14:42:09.729729,job_viewed,C0182,J00934,U0115,Lucknow,Marketing
E003819,2026-02-24 14:55:08.108108,job_viewed,C0232,J00536,U1773,Pune,Software Engineer
E001535,2026-02-24 14:55:08.108108,job_posted,C0232,J00535,,Hyderabad,Marketing
E003469,2026-02-24 15:21:04.864864,job_viewed,C0221,J00410,U1393,Mumbai,Software Engineer
E003470,2026-02-24 15:21:04.864864,job_viewed,C0221,J00410,U2606,Mumbai,Software Engineer
E000305,2026-02-24 18:35:40.540540,company_signup,C0305,,,Mumbai,
E004905,2026-02-24 18:48:38.918918,job_viewed,C0244,J00917,U2261,Gurgaon,Business Analyst
E005598,2026-02-24 19:27:34.054054,job_viewed,C0172,J01145,U1544,Gurgaon,Sales
E004752,2026-02-24 20:06:29.189189,job_viewed,C0211,J00853,U0410,Bangalore,Software Engineer
E002715,2026-02-24 20:06:29.189189,job_viewed,C0100,J00168,U2372,Mumbai,HR
E006159,2026-02-24 20:19:27.567567,application_submitted,C0187,J00539,U1559,Delhi,HR
E003209,2026-02-24 22:29:11.351351,job_viewed,C0206,J00320,U1102,Hyderabad,Marketing
E000306,2026-02-24 22:55:08.108108,company_signup,C0306,,,Pune,
E004272,2026-02-24 23:34:03.243243,job_viewed,C0234,J00687,U0630,Pune,Software Engineer
E004582,2026-02-25 00:12:58.378378,job_viewed,C0162,J00794,U2787,Mumbai,Marketing
E000307,2026-02-25 03:14:35.675675,company_signup,C0307,,,Hyderabad,
E003077,2026-02-25 03:53:30.810810,job_viewed,C0124,J00278,U1444,Pune,Data Analyst
E003522,2026-02-25 04:45:24.324324,job_viewed,C0213,J00430,U0611,Hyderabad,Sales
E002647,2026-02-25 05:11:21.081081,job_viewed,C0091,J00148,U0649,Pune,Marketing
E004934,2026-02-25 05:11:21.081081,job_viewed,C0202,J00924,U1220,Delhi,HR
E003159,2026-02-25 06:16:12.972972,job_viewed,C0230,J00310,U2244,Noida,HR
E001311,2026-02-25 06:16:12.972972,job_posted,C0230,J00311,,Hyderabad,Marketing
E004191,2026-02-25 06:29:11.351351,job_viewed,C0280,J00660,U1552,Lucknow,Software Engineer
E004369,2026-02-25 07:21:04.864864,job_viewed,C0147,J00713,U1362,Hyderabad,Software Engineer
E000308,2026-02-25 07:34:03.243243,company_signup,C0308,,,Mumbai,
E004282,2026-02-25 07:34:03.243243,job_viewed,C0197,J00689,U2974,Gurgaon,Software Engineer
E005772,2026-02-25 08:19:27.567567,application_submitted,C0150,J00015,U1809,Lucknow,HR
E004728,2026-02-25 08:25:56.756756,job_viewed,C0286,J00840,U0062,Delhi,Data Analyst
E001806,2026-02-25 09:17:50.270270,job_posted,C0264,J00806,,Gurgaon,Marketing
E004449,2026-02-25 10:35:40.540540,job_viewed,C0120,J00737,U2355,Pune,Business Analyst
E002091,2026-02-25 11:14:35.675675,job_posted,C0270,J01091,,Lucknow,Data Analyst
E000309,2026-02-25 11:53:30.810810,company_signup,C0309,,,Lucknow,
E003483,2026-02-25 12:45:24.324324,job_viewed,C0176,J00415,U0898,Mumbai,HR
E004216,2026-02-25 12:58:22.702702,job_viewed,C0226,J00669,U2347,Lucknow,Sales
E005419,2026-02-25 13:11:21.081081,job_viewed,C0165,J01088,U0360,Lucknow,Sales
E006333,2026-02-25 13:12:58.378378,application_submitted,C0162,J00794,U2787,Mumbai,Marketing
E005336,2026-02-25 13:24:19.459459,job_viewed,C0104,J01053,U1174,Lucknow,Software Engineer
E006394,2026-02-25 13:24:19.459459,application_submitted,C0215,J00862,U1204,Hyderabad,Data Analyst
E003466,2026-02-25 15:21:04.864864,job_viewed,C0221,J00410,U2977,Mumbai,Software Engineer
E003464,2026-02-25 15:21:04.864864,job_viewed,C0221,J00409,U0018,Mumbai,Sales
E006083,2026-02-25 15:27:34.054054,application_submitted,C0135,J00425,U0833,Bangalore,Business Analyst
E003854,2026-02-25 16:00:00.000000,job_viewed,C0149,J00549,U1076,Delhi,HR
E000310,2026-02-25 16:12:58.378378,company_signup,C0310,,,Noida,
E006249,2026-02-25 16:58:22.702702,application_submitted,C0226,J00669,U1075,Lucknow,Sales
E004877,2026-02-25 19:53:30.810810,job_viewed,C0161,J00901,U2730,Delhi,Marketing
E002250,2026-02-25 20:19:27.567567,job_viewed,C0150,J00016,U0590,Pune,Marketing
E002248,2026-02-25 20:19:27.567567,job_viewed,C0150,J00015,U2038,Lucknow,HR
E000311,2026-02-25 20:32:25.945945,company_signup,C0311,,,Lucknow,
E000312,2026-02-26 00:51:53.513513,company_signup,C0312,,,Gurgaon,
E006534,2026-02-26 01:24:19.459459,application_submitted,C0104,J01051,U2408,Lucknow,Marketing
E005581,2026-02-26 02:09:43.783783,job_viewed,C0168,J01142,U0371,Bangalore,Business Analyst
E005218,2026-02-26 03:14:35.675675,job_viewed,C0196,J01012,U2279,Gurgaon,HR
E000313,2026-02-26 05:11:21.081081,company_signup,C0313,,,Hyderabad,
E003007,2026-02-26 05:50:16.216216,job_viewed,C0241,J00259,U1256,Gurgaon,Software Engineer
E004887,2026-02-26 06:03:14.594594,job_viewed,C0180,J00905,U1892,Hyderabad,Business Analyst
E003079,2026-02-26 06:29:11.351351,job_viewed,C0169,J00280,U0226,Mumbai,HR
E006084,2026-02-26 06:45:24.324324,application_submitted,C0213,J00430,U0611,Hyderabad,Sales
E004361,2026-02-26 07:21:04.864864,job_viewed,C0147,J00712,U1910,Pune,Business Analyst
E004368,2026-02-26 07:21:04.864864,job_viewed,C0147,J00713,U1557,Hyderabad,Software Engineer
E001773,2026-02-26 07:47:01.621621,job_posted,C0247,J00773,,Lucknow,HR
E001942,2026-02-26 08:00:00.000000,job_posted,C0297,J00942,,Bangalore,HR
E006375,2026-02-26 08:25:56.756756,application_submitted,C0286,J00840,U0062,Delhi,Data Analyst
E000314,2026-02-26 09:30:48.648648,company_signup,C0314,,,Gurgaon,
E003317,2026-02-26 10:48:38.918918,job_viewed,C0170,J00354,U2079,Bangalore,Data Analyst
E004821,2026-02-26 11:40:32.432432,job_viewed,C0148,J00885,U0751,Delhi,Sales
E002712,2026-02-26 12:06:29.189189,job_viewed,C0248,J00167,U0979,Gurgaon,Data Analyst
E005338,2026-02-26 13:24:19.459459,job_viewed,C0104,J01053,U0582,Lucknow,Software Engineer
E000315,2026-02-26 13:50:16.216216,company_signup,C0315,,,Bangalore,
E002386,2026-02-26 13:50:16.216216,job_viewed,C0204,J00057,U0016,Noida,Software Engineer
E001352,2026-02-26 15:34:03.243243,job_posted,C0271,J00352,,Noida,Software Engineer
E004461,2026-02-26 16:12:58.378378,job_viewed,C0088,J00743,U2685,Mumbai,Software Engineer
E003810,2026-02-26 17:17:50.270270,job_viewed,C0227,J00533,U0996,Lucknow,HR
E006284,2026-02-26 17:21:04.864864,application_submitted,C0147,J00713,U1362,Hyderabad,Software Engineer
E000316,2026-02-26 18:09:43.783783,company_signup,C0316,,,Lucknow,
E004910,2026-02-26 18:48:38.918918,job_viewed,C0244,J00917,U2774,Gurgaon,Business Analyst
E004912,2026-02-26 21:37:17.837837,job_viewed,C0117,J00918,U2767,Gurgaon,Marketing
E004857,2026-02-26 22:16:12.972972,job_viewed,C0156,J00896,U2143,Bangalore,Sales
E000317,2026-02-26 22:29:11.351351,company_signup,C0317,,,Bangalore,
E001376,2026-02-26 23:47:01.621621,job_posted,C0284,J00376,,Mumbai,HR
E001369,2026-02-27 01:30:48.648648,job_posted,C0240,J00369,,Noida,Sales
E001071,2026-02-27 01:43:47.027027,job_posted,C0290,J00071,,Gurgaon,Software Engineer
E001073,2026-02-27 01:43:47.027027,job_posted,C0290,J00073,,Hyderabad,HR
E006405,2026-02-27 02:40:32.432432,application_submitted,C0148,J00885,U0751,Delhi,Sales
E000318,2026-02-27 02:48:38.918918,company_signup,C0318,,,Delhi,
E005955,2026-02-27 02:50:16.216216,application_submitted,C0241,J00259,U1256,Gurgaon,Software Engineer
E006434,2026-02-27 03:11:21.081081,application_submitted,C0202,J00924,U1220,Delhi,HR
E001628,2026-02-27 03:27:34.054054,job_posted,C0246,J00628,,Noida,Business Analyst
E003219,2026-02-27 03:40:32.432432,job_viewed,C0185,J00322,U0277,Gurgaon,HR
E006068,2026-02-27 05:21:04.864864,application_submitted,C0221,J00410,U2977,Mumbai,Software Engineer
E001966,2026-02-27 05:37:17.837837,job_posted,C0302,J00966,,Noida,Sales
E003163,2026-02-27 06:16:12.972972,job_viewed,C0230,J00310,U1861,Noida,HR
E000319,2026-02-27 07:08:06.486486,company_signup,C0319,,,Gurgaon,
E003321,2026-02-27 07:21:04.864864,job_viewed,C0258,J00357,U1366,Pune,HR
E004446,2026-02-27 10:35:40.540540,job_viewed,C0120,J00737,U2534,Pune,Business Analyst
E003108,2026-02-27 11:01:37.297297,job_viewed,C0220,J00291,U0403,Lucknow,Software Engineer
E003109,2026-02-27 11:01:37.297297,job_viewed,C0220,J00291,U2254,Lucknow,Software Engineer
E005180,2026-02-27 11:14:35.675675,job_viewed,C0159,J01003,U2413,Mumbai,Sales
E000320,2026-02-27 11:27:34.054054,company_signup,C0320,,,Noida,
E006420,2026-02-27 11:53:30.810810,application_submitted,C0161,J00901,U2730,Delhi,Marketing
E001927,2026-02-27 11:53:30.810810,job_posted,C0309,J00927,,Pune,Software Engineer
E002710,2026-02-27 12:06:29.189189,job_viewed,C0248,J00166,U2746,Gurgaon,Marketing
E004116,2026-02-27 12:32:25.945945,job_viewed,C0237,J00635,U2671,Gurgaon,Sales
E003238,2026-02-27 15:34:03.243243,job_viewed,C0160,J00333,U0517,Lucknow,Sales
E000321,2026-02-27 15:47:01.621621,company_signup,C0321,,,Lucknow,
E001151,2026-02-27 16:38:55.135135,job_posted,C0299,J00151,,Gurgaon,Business Analyst
E002872,2026-02-27 16:51:53.513513,job_viewed,C0238,J00210,U0617,Hyderabad,Business Analyst
E006282,2026-02-27 18:21:04.864864,application_submitted,C0147,J00712,U1910,Pune,Business Analyst
E004514,2026-02-27 18:22:42.162162,job_viewed,C0255,J00769,U0769,Delhi,Business Analyst
E005597,2026-02-27 19:27:34.054054,job_viewed,C0172,J01145,U0314,Gurgaon,Sales
E001018,2026-02-27 19:53:30.810810,job_posted,C0272,J00018,,Pune,Business Analyst
E000322,2026-02-27 20:06:29.189189,company_signup,C0322,,,Pune,
E004757,2026-02-27 20:06:29.189189,job_viewed,C0211,J00854,U0986,Hyderabad,HR
E005983,2026-02-27 22:01:37.297297,application_submitted,C0220,J00291,U2254,Lucknow,Software Engineer
E006008,2026-02-27 22:34:03.243243,application_submitted,C0160,J00333,U0517,Lucknow,Sales
E002069,2026-02-27 23:21:04.864864,job_posted,C0295,J01069,,Hyderabad,Marketing
E000323,2026-02-28 00:25:56.756756,company_signup,C0323,,,Hyderabad,
E002429,2026-02-28 01:43:47.027027,job_viewed,C0290,J00073,U2989,Hyderabad,HR
E003622,2026-02-28 02:09:43.783783,job_viewed,C0279,J00470,U1102,Gurgaon,Data Analyst
E005214,2026-02-28 03:14:35.675675,job_viewed,C0196,J01011,U1241,Gurgaon,HR
E005221,2026-02-28 03:14:35.675675,job_viewed,C0196,J01012,U2721,Gurgaon,HR
E002104,2026-02-28 03:40:32.432432,job_posted,C0296,J01104,,Noida,Data Analyst
E002103,2026-02-28 03:40:32.432432,job_posted,C0296,J01103,,Hyderabad,Business Analyst
E005880,2026-02-28 04:06:29.189189,application_submitted,C0248,J00166,U2746,Gurgaon,Marketing
E000324,2026-02-28 04:45:24.324324,company_signup,C0324,,,Mumbai,
E001087,2026-02-28 05:24:19.459459,job_posted,C0252,J00087,,Delhi,Sales
E001356,2026-02-28 07:21:04.864864,job_posted,C0258,J00356,,Noida,Software Engineer
E004365,2026-02-28 07:21:04.864864,job_viewed,C0147,J00712,U0657,Pune,Business Analyst
E001943,2026-02-28 08:00:00.000000,job_posted,C0297,J00943,,Delhi,HR
E000325,2026-02-28 09:04:51.891891,company_signup,C0325,,,Noida,
E001221,2026-02-28 09:30:48.648648,job_posted,C0314,J00221,,Bangalore,Data Analyst
E002236,2026-02-28 09:30:48.648648,job_viewed,C0203,J00011,U0615,Delhi,Marketing
E004945,2026-02-28 11:53:30.810810,job_viewed,C0309,J00927,U1229,Pune,Software Engineer
E001397,2026-02-28 12:19:27.567567,job_posted,C0298,J00397,,Bangalore,Software Engineer
E003481,2026-02-28 12:45:24.324324,job_viewed,C0176,J00415,U0251,Mumbai,HR
E000326,2026-02-28 13:24:19.459459,company_signup,C0326,,,Noida,
E005351,2026-02-28 14:03:14.594594,job_viewed,C0143,J01059,U2769,Pune,Business Analyst
E002013,2026-02-28 14:03:14.594594,job_posted,C0254,J01013,,Mumbai,Data Analyst
E001133,2026-02-28 14:16:12.972972,job_posted,C0304,J00133,,Mumbai,Marketing
E006318,2026-02-28 14:22:42.162162,application_submitted,C0255,J00769,U0769,Delhi,Business Analyst
E003863,2026-02-28 16:00:00.000000,job_viewed,C0149,J00551,U0717,Pune,Software Engineer
E003858,2026-02-28 16:00:00.000000,job_viewed,C0149,J00549,U0605,Delhi,HR
E006227,2026-02-28 16:32:25.945945,application_submitted,C0237,J00635,U2671,Gurgaon,Sales
E002667,2026-02-28 16:38:55.135135,job_viewed,C0299,J00151,U2020,Gurgaon,Business Analyst
E004307,2026-02-28 16:38:55.135135,job_viewed,C0188,J00697,U0230,Delhi,HR
E000327,2026-02-28 17:43:47.027027,company_signup,C0327,,,Bangalore,
E004908,2026-02-28 18:48:38.918918,job_viewed,C0244,J00917,U0348,Gurgaon,Business Analyst
E005607,2026-02-28 20:19:27.567567,job_viewed,C0261,J01148,U2194,Delhi,HR
E005609,2026-02-28 20:19:27.567567,job_viewed,C0261,J01148,U2787,Delhi,HR
E005640,2026-02-28 20:45:24.324324,job_viewed,C0139,J01155,U0173,Pune,Data Analyst
E002180,2026-02-28 20:58:22.702702,job_posted,C0300,J01180,,Bangalore,Software Engineer
E000328,2026-02-28 22:03:14.594594,company_signup,C0328,,,Gurgaon,
E002567,2026-02-28 23:08:06.486486,job_viewed,C0245,J00121,U0954,Pune,Sales
E006072,2026-03-01 00:45:24.324324,application_submitted,C0176,J00415,U0251,Mumbai,HR
E003916,2026-03-01 01:17:50.270270,job_viewed,C0190,J00569,U0769,Gurgaon,HR
E005307,2026-03-01 01:43:47.027027,job_viewed,C0179,J01042,U1886,Mumbai,Software Engineer
E000329,2026-03-01 02:22:42.162162,company_signup,C0329,,,Lucknow,
E005252,2026-03-01 02:35:40.540540,job_viewed,C0157,J01023,U2391,Mumbai,HR
E002121,2026-03-01 02:48:38.918918,job_posted,C0318,J01121,,Bangalore,HR
E004087,2026-03-01 03:53:30.810810,job_viewed,C0235,J00625,U2312,Bangalore,Business Analyst
E002571,2026-03-01 04:06:29.189189,job_viewed,C0174,J00124,U1903,Mumbai,Data Analyst
E006030,2026-03-01 04:21:04.864864,application_submitted,C0258,J00357,U1366,Pune,HR
E001089,2026-03-01 05:24:19.459459,job_posted,C0252,J00089,,Lucknow,Data Analyst
E000330,2026-03-01 06:42:09.729729,company_signup,C0330,,,Lucknow,
E006616,2026-03-01 06:45:24.324324,application_submitted,C0139,J01155,U0173,Pune,Data Analyst
E004744,2026-03-01 06:55:08.108108,job_viewed,C0158,J00848,U0847,Noida,Data Analyst
E003243,2026-03-01 07:08:06.486486,job_viewed,C0208,J00335,U1090,Hyderabad,HR
E003322,2026-03-01 07:21:04.864864,job_viewed,C0258,J00357,U1431,Pune,HR
E004283,2026-03-01 07:34:03.243243,job_viewed,C0197,J00689,U2108,Gurgaon,Software Engineer
E003319,2026-03-01 10:48:38.918918,job_viewed,C0170,J00355,U1690,Bangalore,Sales
E000331,2026-03-01 11:01:37.297297,company_signup,C0331,,,Delhi,
E005430,2026-03-01 11:14:35.675675,job_viewed,C0270,J01091,U2020,Lucknow,Data Analyst
E005625,2026-03-01 11:40:32.432432,job_viewed,C0259,J01152,U0847,Mumbai,Business Analyst
E003831,2026-03-01 12:19:27.567567,job_viewed,C0187,J00539,U2026,Delhi,HR
E005423,2026-03-01 13:11:21.081081,job_viewed,C0165,J01089,U0913,Bangalore,Marketing
E005421,2026-03-01 13:11:21.081081,job_viewed,C0165,J01088,U1757,Lucknow,Sales
E006527,2026-03-01 13:43:47.027027,application_submitted,C0179,J01042,U1886,Mumbai,Software Engineer
E004964,2026-03-01 14:42:09.729729,job_viewed,C0182,J00934,U0231,Lucknow,Marketing
E000332,2026-03-01 15:21:04.864864,company_signup,C0332,,,Delhi,
E003239,2026-03-01 15:34:03.243243,job_viewed,C0160,J00333,U0523,Lucknow,Sales
E003861,2026-03-01 16:00:00.000000,job_viewed,C0149,J00551,U1700,Pune,Software Engineer
E001432,2026-03-01 16:00:00.000000,job_posted,C0260,J00432,,Bangalore,Business Analyst
E003864,2026-03-01 16:00:00.000000,job_viewed,C0149,J00551,U1509,Pune,Software Engineer
E004308,2026-03-01 16:38:55.135135,job_viewed,C0188,J00697,U0637,Delhi,HR
E001797,2026-03-01 17:56:45.405405,job_posted,C0266,J00797,,Mumbai,Business Analyst
E001768,2026-03-01 18:22:42.162162,job_posted,C0255,J00768,,Delhi,Business Analyst
E001288,2026-03-01 19:01:37.297297,job_posted,C0294,J00288,,Bangalore,Data Analyst
E006104,2026-03-01 19:09:43.783783,application_submitted,C0279,J00470,U1102,Gurgaon,Data Analyst
E005595,2026-03-01 19:27:34.054054,job_viewed,C0172,J01145,U1118,Gurgaon,Sales
E000333,2026-03-01 19:40:32.432432,company_signup,C0333,,,Hyderabad,
E004753,2026-03-01 20:06:29.189189,job_viewed,C0211,J00853,U2392,Bangalore,Software Engineer
E005604,2026-03-01 20:19:27.567567,job_viewed,C0261,J01148,U1794,Delhi,HR
E004170,2026-03-01 21:11:21.081081,job_viewed,C0128,J00650,U1773,Lucknow,HR
E003433,2026-03-01 21:50:16.216216,job_viewed,C0167,J00398,U0397,Delhi,Business Analyst
E001506,2026-03-01 22:29:11.351351,job_posted,C0317,J00506,,Mumbai,HR
E004273,2026-03-01 23:34:03.243243,job_viewed,C0234,J00687,U0205,Pune,Software Engineer
E000334,2026-03-02 00:00:00.000000,company_signup,C0334,,,Bangalore,
E005306,2026-03-02 01:43:47.027027,job_viewed,C0179,J01042,U1050,Mumbai,Software Engineer
E005579,2026-03-02 02:09:43.783783,job_viewed,C0168,J01142,U0493,Bangalore,Business Analyst
E006604,2026-03-02 03:19:27.567567,application_submitted,C0261,J01148,U1794,Delhi,HR
E006513,2026-03-02 03:35:40.540540,application_submitted,C0157,J01023,U2391,Mumbai,HR
E000335,2026-03-02 04:19:27.567567,company_signup,C0335,,,Noida,
E003060,2026-03-02 04:32:25.945945,job_viewed,C0163,J00272,U2572,Delhi,HR
E006441,2026-03-02 04:42:09.729729,application_submitted,C0182,J00934,U0231,Lucknow,Marketing
E006438,2026-03-02 04:53:30.810810,application_submitted,C0309,J00927,U1229,Pune,Software Engineer
E002090,2026-03-02 06:03:14.594594,job_posted,C0291,J01090,,Lucknow,Business Analyst
E003157,2026-03-02 06:16:12.972972,job_viewed,C0230,J00309,U2472,Mumbai,Data Analyst
E003156,2026-03-02 06:16:12.972972,job_viewed,C0230,J00309,U1105,Mumbai,Data Analyst
E006429,2026-03-02 07:48:38.918918,application_submitted,C0244,J00917,U0348,Gurgaon,Business Analyst
E000336,2026-03-02 08:38:55.135135,company_signup,C0336,,,Lucknow,
E004623,2026-03-02 09:17:50.270270,job_viewed,C0264,J00805,U0202,Bangalore,Business Analyst
E003318,2026-03-02 10:48:38.918918,job_viewed,C0170,J00354,U1273,Bangalore,Data Analyst
E005183,2026-03-02 11:14:35.675675,job_viewed,C0159,J01003,U1950,Mumbai,Sales
E005184,2026-03-02 11:14:35.675675,job_viewed,C0159,J01003,U1841,Mumbai,Sales
E004155,2026-03-02 11:27:34.054054,job_viewed,C0209,J00647,U0858,Delhi,Software Engineer
E004156,2026-03-02 11:27:34.054054,job_viewed,C0209,J00647,U1196,Delhi,Software Engineer
E005622,2026-03-02 11:40:32.432432,job_viewed,C0259,J01151,U1033,Lucknow,Software Engineer
E004115,2026-03-02 12:32:25.945945,job_viewed,C0237,J00635,U0049,Gurgaon,Sales
E003484,2026-03-02 12:45:24.324324,job_viewed,C0176,J00415,U0781,Mumbai,HR
E000337,2026-03-02 12:58:22.702702,company_signup,C0337,,,Pune,
E001067,2026-03-02 13:11:21.081081,job_posted,C0276,J00067,,Bangalore,HR
E002383,2026-03-02 13:50:16.216216,job_viewed,C0204,J00057,U1162,Noida,Software Engineer
E005231,2026-03-02 14:03:14.594594,job_viewed,C0254,J01015,U0104,Lucknow,Software Engineer
E003865,2026-03-02 16:00:00.000000,job_viewed,C0149,J00551,U2649,Pune,Software Engineer
E001152,2026-03-02 16:38:55.135135,job_posted,C0299,J00152,,Noida,Sales
E002666,2026-03-02 16:38:55.135135,job_viewed,C0299,J00151,U2750,Gurgaon,Business Analyst
E000338,2026-03-02 17:17:50.270270,company_signup,C0338,,,Bangalore,
E004597,2026-03-02 17:56:45.405405,job_viewed,C0266,J00797,U2983,Mumbai,Business Analyst
E001378,2026-03-02 19:40:32.432432,job_posted,C0333,J00378,,Lucknow,Data Analyst
E006057,2026-03-02 19:50:16.216216,application_submitted,C0167,J00398,U0397,Delhi,Business Analyst
E002256,2026-03-02 19:53:30.810810,job_viewed,C0272,J00018,U1084,Pune,Business Analyst
E004759,2026-03-02 20:06:29.189189,job_viewed,C0211,J00854,U2795,Hyderabad,HR
E006561,2026-03-02 20:11:21.081081,application_submitted,C0165,J01089,U0913,Bangalore,Marketing
E006012,2026-03-02 21:08:06.486486,application_submitted,C0208,J00335,U1090,Hyderabad,HR
E000339,2026-03-02 21:37:17.837837,company_signup,C0339,,,Hyderabad,
E001766,2026-03-02 22:03:14.594594,job_posted,C0328,J00766,,Mumbai,Marketing
E003207,2026-03-02 22:29:11.351351,job_viewed,C0206,J00320,U0045,Hyderabad,Marketing
E005658,2026-03-03 01:04:51.891891,job_viewed,C0140,J01168,U1852,Lucknow,HR
E005999,2026-03-03 01:29:11.351351,application_submitted,C0206,J00320,U0045,Hyderabad,Marketing
E002430,2026-03-03 01:43:47.027027,job_viewed,C0290,J00073,U0148,Hyderabad,HR
E002426,2026-03-03 01:43:47.027027,job_viewed,C0290,J00073,U2254,Hyderabad,HR
E002425,2026-03-03 01:43:47.027027,job_viewed,C0290,J00073,U1709,Hyderabad,HR
E000340,2026-03-03 01:56:45.405405,company_signup,C0340,,,Hyderabad,
E006621,2026-03-03 02:04:51.891891,application_submitted,C0140,J01168,U1852,Lucknow,HR
E005215,2026-03-03 03:14:35.675675,job_viewed,C0196,J01011,U0824,Gurgaon,HR
E002102,2026-03-03 03:40:32.432432,job_posted,C0296,J01102,,Mumbai,HR
E006074,2026-03-03 03:45:24.324324,application_submitted,C0176,J00415,U0781,Mumbai,HR
E004933,2026-03-03 05:11:21.081081,job_viewed,C0202,J00924,U2007,Delhi,HR
E005055,2026-03-03 05:24:19.459459,job_viewed,C0141,J00962,U2075,Bangalore,Sales
E006009,2026-03-03 05:34:03.243243,application_submitted,C0160,J00333,U0523,Lucknow,Sales
E003164,2026-03-03 06:16:12.972972,job_viewed,C0230,J00310,U1962,Noida,HR
E000341,2026-03-03 06:16:12.972972,company_signup,C0341,,,Bangalore,
E001158,2026-03-03 06:55:08.108108,job_posted,C0269,J00158,,Noida,Business Analyst
E006502,2026-03-03 07:14:35.675675,application_submitted,C0159,J01003,U1841,Mumbai,Sales
E003323,2026-03-03 07:21:04.864864,job_viewed,C0258,J00357,U0848,Pune,HR
E000342,2026-03-03 10:35:40.540540,company_signup,C0342,,,Hyderabad,
E004157,2026-03-03 11:27:34.054054,job_viewed,C0209,J00647,U0270,Delhi,Software Engineer
E005624,2026-03-03 11:40:32.432432,job_viewed,C0259,J01152,U2985,Mumbai,Business Analyst
E002708,2026-03-03 12:06:29.189189,job_viewed,C0248,J00166,U0732,Gurgaon,Marketing
E006226,2026-03-03 12:32:25.945945,application_submitted,C0237,J00635,U0049,Gurgaon,Sales
E004220,2026-03-03 12:58:22.702702,job_viewed,C0226,J00669,U1304,Lucknow,Sales
E004218,2026-03-03 12:58:22.702702,job_viewed,C0226,J00669,U0149,Lucknow,Sales
E001004,2026-03-03 13:37:17.837837,job_posted,C0265,J00004,,Lucknow,Marketing
E002381,2026-03-03 13:50:16.216216,job_viewed,C0204,J00057,U0288,Noida,Software Engineer
E005350,2026-03-03 14:03:14.594594,job_viewed,C0143,J01059,U0760,Pune,Business Analyst
E000343,2026-03-03 14:55:08.108108,company_signup,C0343,,,Bangalore,
E005812,2026-03-03 15:43:47.027027,application_submitted,C0290,J00073,U0148,Hyderabad,HR
E001561,2026-03-03 16:12:58.378378,job_posted,C0310,J00561,,Mumbai,Sales
E003540,2026-03-03 16:12:58.378378,job_viewed,C0199,J00436,U2309,Noida,Sales
E001270,2026-03-03 18:09:43.783783,job_posted,C0316,J00270,,Mumbai,Marketing
E006029,2026-03-03 18:48:38.918918,application_submitted,C0170,J00354,U1273,Bangalore,Data Analyst
E000344,2026-03-03 19:14:35.675675,company_signup,C0344,,,Mumbai,
E005696,2026-03-03 20:58:22.702702,job_viewed,C0300,J01180,U1599,Bangalore,Software Engineer
E003436,2026-03-03 21:50:16.216216,job_viewed,C0167,J00398,U1589,Delhi,Business Analyst
E001548,2026-03-03 22:16:12.972972,job_posted,C0267,J00548,,Mumbai,Business Analyst
E006433,2026-03-03 23:11:21.081081,application_submitted,C0202,J00924,U2007,Delhi,HR
E000345,2026-03-03 23:34:03.243243,company_signup,C0345,,,Bangalore,
E003390,2026-03-03 23:47:01.621621,job_viewed,C0284,J00376,U2562,Mumbai,HR
E006611,2026-03-04 00:40:32.432432,application_submitted,C0259,J01152,U2985,Mumbai,Business Analyst
E003360,2026-03-04 01:30:48.648648,job_viewed,C0240,J00369,U2445,Noida,Sales
E001170,2026-03-04 01:56:45.405405,job_posted,C0340,J00170,,Hyderabad,Marketing
E003624,2026-03-04 02:09:43.783783,job_viewed,C0279,J00470,U0295,Gurgaon,Data Analyst
E003220,2026-03-04 03:40:32.432432,job_viewed,C0185,J00322,U0152,Gurgaon,HR
E000346,2026-03-04 03:53:30.810810,company_signup,C0346,,,Gurgaon,
E001920,2026-03-04 05:11:21.081081,job_posted,C0313,J00920,,Delhi,Business Analyst
E003162,2026-03-04 06:16:12.972972,job_viewed,C0230,J00310,U1688,Noida,HR
E006031,2026-03-04 06:21:04.864864,application_submitted,C0258,J00357,U0848,Pune,HR
E003247,2026-03-04 07:08:06.486486,job_viewed,C0208,J00335,U2444,Hyderabad,HR
E000347,2026-03-04 08:12:58.378378,company_signup,C0347,,,Bangalore,
E003835,2026-03-04 08:51:53.513513,job_viewed,C0164,J00543,U2123,Hyderabad,Data Analyst
E003979,2026-03-04 09:17:50.270270,job_viewed,C0153,J00592,U1732,Bangalore,Business Analyst
E005182,2026-03-04 11:14:35.675675,job_viewed,C0159,J01003,U1869,Mumbai,Sales
E000348,2026-03-04 12:32:25.945945,company_signup,C0348,,,Hyderabad,
E001580,2026-03-04 12:45:24.324324,job_posted,C0287,J00580,,Mumbai,Business Analyst
E005424,2026-03-04 13:11:21.081081,job_viewed,C0165,J01089,U2571,Bangalore,Marketing
E005234,2026-03-04 14:03:14.594594,job_viewed,C0254,J01015,U2061,Lucknow,Software Engineer
E005224,2026-03-04 14:03:14.594594,job_viewed,C0254,J01013,U1620,Mumbai,Data Analyst
E001091,2026-03-04 14:55:08.108108,job_posted,C0343,J00091,,Bangalore,Data Analyst
E003465,2026-03-04 15:21:04.864864,job_viewed,C0221,J00409,U0117,Mumbai,Sales
E001353,2026-03-04 15:34:03.243243,job_posted,C0271,J00353,,Mumbai,Business Analyst
E006059,2026-03-04 15:50:16.216216,application_submitted,C0167,J00398,U1589,Delhi,Business Analyst
E003857,2026-03-04 16:00:00.000000,job_viewed,C0149,J00549,U2449,Delhi,HR
E002671,2026-03-04 16:38:55.135135,job_viewed,C0299,J00152,U0221,Noida,Sales
E005035,2026-03-04 16:51:53.513513,job_viewed,C0127,J00954,U0594,Gurgaon,Business Analyst
E000349,2026-03-04 16:51:53.513513,company_signup,C0349,,,Lucknow,
E003815,2026-03-04 17:17:50.270270,job_viewed,C0227,J00534,U2351,Hyderabad,Marketing
E001845,2026-03-04 18:35:40.540540,job_posted,C0305,J00845,,Noida,Software Engineer
E003573,2026-03-04 20:32:25.945945,job_viewed,C0200,J00453,U0859,Bangalore,HR
E000350,2026-03-04 21:11:21.081081,company_signup,C0350,,,Gurgaon,
E003435,2026-03-04 21:50:16.216216,job_viewed,C0167,J00398,U2174,Delhi,Business Analyst
E001626,2026-03-04 21:50:16.216216,job_posted,C0278,J00626,,Gurgaon,Sales
E001627,2026-03-04 21:50:16.216216,job_posted,C0278,J00627,,Gurgaon,Software Engineer
E006464,2026-03-04 21:51:53.513513,application_submitted,C0127,J00954,U0594,Gurgaon,Business Analyst
E004508,2026-03-04 22:03:14.594594,job_viewed,C0328,J00766,U0266,Mumbai,Marketing
E003850,2026-03-04 22:16:12.972972,job_viewed,C0267,J00548,U2675,Mumbai,Business Analyst
E003849,2026-03-04 22:16:12.972972,job_viewed,C0267,J00548,U1151,Mumbai,Business Analyst
E002568,2026-03-04 23:08:06.486486,job_viewed,C0245,J00121,U2464,Pune,Sales
E005705,2026-03-04 23:47:01.621621,job_viewed,C0173,J01181,U1360,Hyderabad,Business Analyst
E005802,2026-03-04 23:50:16.216216,application_submitted,C0204,J00057,U0288,Noida,Software Engineer
E004583,2026-03-05 00:12:58.378378,job_viewed,C0162,J00794,U0070,Mumbai,Marketing
E001772,2026-03-05 00:25:56.756756,job_posted,C0323,J00772,,Mumbai,HR
E000351,2026-03-05 01:30:48.648648,company_signup,C0351,,,Hyderabad,
E005995,2026-03-05 04:16:12.972972,application_submitted,C0230,J00310,U1962,Noida,HR
E001990,2026-03-05 04:45:24.324324,job_posted,C0324,J00990,,Noida,Sales
E006067,2026-03-05 05:21:04.864864,application_submitted,C0221,J00409,U0117,Mumbai,Sales
E005064,2026-03-05 05:37:17.837837,job_viewed,C0302,J00966,U1152,Noida,Sales
E000352,2026-03-05 05:50:16.216216,company_signup,C0352,,,Delhi,
E005994,2026-03-05 06:16:12.972972,application_submitted,C0230,J00310,U1688,Noida,HR
E003249,2026-03-05 07:08:06.486486,job_viewed,C0208,J00335,U1581,Hyderabad,HR
E001841,2026-03-05 08:25:56.756756,job_posted,C0286,J00841,,Lucknow,Marketing
E005669,2026-03-05 08:38:55.135135,job_viewed,C0225,J01172,U1409,Mumbai,Sales
E001093,2026-03-05 09:04:51.891891,job_posted,C0325,J00093,,Gurgaon,Data Analyst
E000353,2026-03-05 10:09:43.783783,company_signup,C0353,,,Delhi,
E001982,2026-03-05 10:22:42.162162,job_posted,C0292,J00982,,Lucknow,Software Engineer
E001881,2026-03-05 10:35:40.540540,job_posted,C0342,J00881,,Hyderabad,Software Engineer
E003112,2026-03-05 11:01:37.297297,job_viewed,C0220,J00291,U0365,Lucknow,Software Engineer
E004820,2026-03-05 11:40:32.432432,job_viewed,C0148,J00885,U1136,Delhi,Sales
E005318,2026-03-05 11:53:30.810810,job_viewed,C0198,J01048,U0777,Delhi,Business Analyst
E002593,2026-03-05 14:16:12.972972,job_viewed,C0304,J00133,U1451,Mumbai,Marketing
E003882,2026-03-05 14:16:12.972972,job_viewed,C0193,J00558,U0057,Pune,Sales
E003881,2026-03-05 14:16:12.972972,job_viewed,C0193,J00558,U2856,Pune,Sales
E000354,2026-03-05 14:29:11.351351,company_signup,C0354,,,Lucknow,
E004969,2026-03-05 14:42:09.729729,job_viewed,C0182,J00935,U2280,Noida,HR
E001675,2026-03-05 14:42:09.729729,job_posted,C0293,J00675,,Mumbai,HR
E001090,2026-03-05 14:55:08.108108,job_posted,C0343,J00090,,Gurgaon,Sales
E003866,2026-03-05 16:00:00.000000,job_viewed,C0149,J00551,U2516,Pune,Software Engineer
E002097,2026-03-05 16:51:53.513513,job_posted,C0349,J01097,,Delhi,Software Engineer
E006163,2026-03-05 17:16:12.972972,application_submitted,C0267,J00548,U2675,Mumbai,Business Analyst
E004717,2026-03-05 18:22:42.162162,job_viewed,C0144,J00838,U2173,Pune,Sales
E000355,2026-03-05 18:48:38.918918,company_signup,C0355,,,Lucknow,
E001981,2026-03-05 19:27:34.054054,job_posted,C0283,J00981,,Bangalore,Marketing
E005608,2026-03-05 20:19:27.567567,job_viewed,C0261,J01148,U1310,Delhi,HR
E005698,2026-03-05 20:58:22.702702,job_viewed,C0300,J01180,U2323,Bangalore,Software Engineer
E004169,2026-03-05 21:11:21.081081,job_viewed,C0128,J00650,U1427,Lucknow,HR
E001080,2026-03-05 21:37:17.837837,job_posted,C0339,J00080,,Bangalore,Software Engineer
E006236,2026-03-05 22:11:21.081081,application_submitted,C0128,J00650,U1427,Lucknow,HR
E000356,2026-03-05 23:08:06.486486,company_signup,C0356,,,Gurgaon,
E002563,2026-03-05 23:08:06.486486,job_viewed,C0245,J00121,U1703,Pune,Sales
E006190,2026-03-05 23:17:50.270270,application_submitted,C0153,J00592,U1732,Bangalore,Business Analyst
E004382,2026-03-06 00:38:55.135135,job_viewed,C0151,J00716,U0601,Hyderabad,Software Engineer
E004384,2026-03-06 00:38:55.135135,job_viewed,C0151,J00716,U0989,Hyderabad,Software Engineer
E002420,2026-03-06 01:43:47.027027,job_viewed,C0290,J00071,U0280,Gurgaon,Software Engineer
E003625,2026-03-06 02:09:43.783783,job_viewed,C0279,J00471,U1039,Hyderabad,Marketing
E001557,2026-03-06 03:14:35.675675,job_posted,C0307,J00557,,Gurgaon,Data Analyst
E005219,2026-03-06 03:14:35.675675,job_viewed,C0196,J01012,U2569,Gurgaon,HR
E006606,2026-03-06 03:19:27.567567,application_submitted,C0261,J01148,U1310,Delhi,HR
E000357,2026-03-06 03:27:34.054054,company_signup,C0357,,,Mumbai,
E004085,2026-03-06 03:53:30.810810,job_viewed,C0235,J00625,U2498,Bangalore,Business Analyst
E001899,2026-03-06 04:06:29.189189,job_posted,C0285,J00899,,Hyderabad,Data Analyst
E006105,2026-03-06 04:09:43.783783,application_submitted,C0279,J00471,U1039,Hyderabad,Marketing
E006442,2026-03-06 04:42:09.729729,application_submitted,C0182,J00935,U2280,Noida,HR
E005056,2026-03-06 05:24:19.459459,job_viewed,C0141,J00962,U0271,Bangalore,Sales
E002469,2026-03-06 05:24:19.459459,job_viewed,C0252,J00087,U2733,Delhi,Sales
E005058,2026-03-06 05:24:19.459459,job_viewed,C0141,J00962,U0385,Bangalore,Sales
E003010,2026-03-06 05:50:16.216216,job_viewed,C0241,J00259,U2977,Gurgaon,Software Engineer
E006166,2026-03-06 06:00:00.000000,application_submitted,C0149,J00551,U2516,Pune,Software Engineer
E001661,2026-03-06 06:29:11.351351,job_posted,C0280,J00661,,Mumbai,HR
E000358,2026-03-06 07:47:01.621621,company_signup,C0358,,,Lucknow,
E001910,2026-03-06 08:12:58.378378,job_posted,C0347,J00910,,Hyderabad,Marketing
E004723,2026-03-06 08:25:56.756756,job_viewed,C0286,J00840,U2971,Delhi,Data Analyst
E001983,2026-03-06 10:22:42.162162,job_posted,C0292,J00983,,Lucknow,Data Analyst
E003111,2026-03-06 11:01:37.297297,job_viewed,C0220,J00291,U2868,Lucknow,Software Engineer
E001273,2026-03-06 11:01:37.297297,job_posted,C0331,J00273,,Hyderabad,Marketing
E000359,2026-03-06 12:06:29.189189,company_signup,C0359,,,Delhi,
E002709,2026-03-06 12:06:29.189189,job_viewed,C0248,J00166,U1606,Gurgaon,Marketing
E002178,2026-03-06 13:24:19.459459,job_posted,C0326,J01178,,Lucknow,Data Analyst
E002592,2026-03-06 14:16:12.972972,job_viewed,C0304,J00133,U2031,Mumbai,Marketing
E001099,2026-03-06 14:29:11.351351,job_posted,C0354,J00099,,Pune,HR
E002484,2026-03-06 14:55:08.108108,job_viewed,C0343,J00091,U0427,Bangalore,Data Analyst
E003525,2026-03-06 16:00:00.000000,job_viewed,C0260,J00432,U2163,Bangalore,Business Analyst
E000360,2026-03-06 16:25:56.756756,company_signup,C0360,,,Bangalore,
E001798,2026-03-06 17:04:51.891891,job_posted,C0288,J00798,,Hyderabad,Software Engineer
E003814,2026-03-06 17:17:50.270270,job_viewed,C0227,J00534,U2547,Hyderabad,Marketing
E004595,2026-03-06 17:56:45.405405,job_viewed,C0266,J00797,U1083,Mumbai,Business Analyst
E002852,2026-03-06 17:56:45.405405,job_viewed,C0155,J00205,U1105,Noida,HR
E006631,2026-03-06 17:58:22.702702,application_submitted,C0300,J01180,U2323,Bangalore,Software Engineer
E002203,2026-03-06 20:06:29.189189,job_posted,C0322,J01203,,Gurgaon,Software Engineer
E005606,2026-03-06 20:19:27.567567,job_viewed,C0261,J01148,U1686,Delhi,HR
E002249,2026-03-06 20:19:27.567567,job_viewed,C0150,J00015,U1677,Lucknow,HR
E000361,2026-03-06 20:45:24.324324,company_signup,C0361,,,Hyderabad,
E003212,2026-03-06 22:29:11.351351,job_viewed,C0206,J00320,U0074,Hyderabad,Marketing
E006472,2026-03-06 22:37:17.837837,application_submitted,C0302,J00966,U1152,Noida,Sales
E006001,2026-03-06 23:29:11.351351,application_submitted,C0206,J00320,U0074,Hyderabad,Marketing
E004271,2026-03-06 23:34:03.243243,job_viewed,C0234,J00687,U0070,Pune,Software Engineer
E001377,2026-03-06 23:47:01.621621,job_posted,C0284,J00377,,Gurgaon,Software Engineer
E000362,2026-03-07 01:04:51.891891,company_signup,C0362,,,Delhi,
E003913,2026-03-07 01:17:50.270270,job_viewed,C0190,J00568,U2887,Lucknow,Data Analyst
E001072,2026-03-07 01:43:47.027027,job_posted,C0290,J00072,,Lucknow,HR
E001169,2026-03-07 01:56:45.405405,job_posted,C0340,J00169,,Noida,Sales
E003221,2026-03-07 03:40:32.432432,job_viewed,C0185,J00322,U1507,Gurgaon,HR
E004086,2026-03-07 03:53:30.810810,job_viewed,C0235,J00625,U1248,Bangalore,Business Analyst
E000363,2026-03-07 05:24:19.459459,company_signup,C0363,,,Delhi,
E001083,2026-03-07 07:47:01.621621,job_posted,C0358,J00083,,Bangalore,Software Engineer
E003640,2026-03-07 08:51:53.513513,job_viewed,C0275,J00478,U1182,Delhi,Data Analyst
E001222,2026-03-07 09:30:48.648648,job_posted,C0314,J00222,,Delhi,Business Analyst
E000364,2026-03-07 09:43:47.027027,company_signup,C0364,,,Mumbai,
E003113,2026-03-07 11:01:37.297297,job_viewed,C0220,J00292,U1141,Hyderabad,Business Analyst
E004942,2026-03-07 11:53:30.810810,job_viewed,C0309,J00927,U1075,Pune,Software Engineer
E006337,2026-03-07 11:56:45.405405,application_submitted,C0266,J00797,U1083,Mumbai,Business Analyst
E005418,2026-03-07 13:11:21.081081,job_viewed,C0165,J01088,U2479,Lucknow,Sales
E000365,2026-03-07 14:03:14.594594,company_signup,C0365,,,Gurgaon,
E003885,2026-03-07 14:16:12.972972,job_viewed,C0193,J00560,U2502,Pune,Data Analyst
E004965,2026-03-07 14:42:09.729729,job_viewed,C0182,J00934,U1199,Lucknow,Marketing
E003818,2026-03-07 14:55:08.108108,job_viewed,C0232,J00535,U1319,Hyderabad,Marketing
E003539,2026-03-07 16:12:58.378378,job_viewed,C0199,J00435,U0921,Pune,HR
E006262,2026-03-07 17:34:03.243243,application_submitted,C0234,J00687,U0070,Pune,Software Engineer
E001870,2026-03-07 17:43:47.027027,job_posted,C0327,J00870,,Bangalore,Sales
E000366,2026-03-07 18:22:42.162162,company_signup,C0366,,,Gurgaon,
E006468,2026-03-07 19:24:19.459459,application_submitted,C0141,J00962,U0271,Bangalore,Sales
E006177,2026-03-07 21:17:50.270270,application_submitted,C0190,J00568,U2887,Lucknow,Data Analyst
E003438,2026-03-07 21:50:16.216216,job_viewed,C0167,J00398,U2746,Delhi,Business Analyst
E000367,2026-03-07 22:42:09.729729,company_signup,C0367,,,Noida,
E005914,2026-03-08 00:56:45.405405,application_submitted,C0155,J00205,U1105,Noida,HR
E001092,2026-03-08 01:17:50.270270,job_posted,C0301,J00092,,Mumbai,Business Analyst
E005308,2026-03-08 01:43:47.027027,job_viewed,C0179,J01042,U2404,Mumbai,Software Engineer
E000368,2026-03-08 03:01:37.297297,company_signup,C0368,,,Mumbai,
E001967,2026-03-08 05:37:17.837837,job_posted,C0302,J00967,,Lucknow,Business Analyst
E003013,2026-03-08 05:50:16.216216,job_viewed,C0241,J00260,U2670,Hyderabad,Sales
E003158,2026-03-08 06:16:12.972972,job_viewed,C0230,J00309,U2022,Mumbai,Data Analyst
E003245,2026-03-08 07:08:06.486486,job_viewed,C0208,J00335,U2489,Hyderabad,HR
E002132,2026-03-08 07:08:06.486486,job_posted,C0319,J01132,,Hyderabad,Software Engineer
E000369,2026-03-08 07:21:04.864864,company_signup,C0369,,,Bangalore,
E005002,2026-03-08 08:00:00.000000,job_viewed,C0297,J00943,U0969,Delhi,HR
E004724,2026-03-08 08:25:56.756756,job_viewed,C0286,J00840,U1287,Delhi,Data Analyst
E005667,2026-03-08 08:38:55.135135,job_viewed,C0225,J01171,U0276,Delhi,Business Analyst
E003838,2026-03-08 08:51:53.513513,job_viewed,C0164,J00543,U0706,Hyderabad,Data Analyst
E001094,2026-03-08 09:04:51.891891,job_posted,C0325,J00094,,Hyderabad,HR
E004624,2026-03-08 09:17:50.270270,job_viewed,C0264,J00805,U2194,Bangalore,Business Analyst
E002896,2026-03-08 09:30:48.648648,job_viewed,C0314,J00221,U1739,Bangalore,Data Analyst
E005431,2026-03-08 11:14:35.675675,job_viewed,C0270,J01092,U2532,Bangalore,HR
E004823,2026-03-08 11:40:32.432432,job_viewed,C0148,J00885,U0570,Delhi,Sales
E000370,2026-03-08 11:40:32.432432,company_signup,C0370,,,Gurgaon,
E001928,2026-03-08 11:53:30.810810,job_posted,C0309,J00928,,Bangalore,HR
E002705,2026-03-08 12:06:29.189189,job_viewed,C0248,J00166,U0209,Gurgaon,Marketing
E003826,2026-03-08 12:19:27.567567,job_viewed,C0187,J00539,U2059,Delhi,HR
E005228,2026-03-08 14:03:14.594594,job_viewed,C0254,J01013,U2188,Mumbai,Data Analyst
E005236,2026-03-08 14:03:14.594594,job_viewed,C0254,J01015,U2649,Lucknow,Software Engineer
E000371,2026-03-08 16:00:00.000000,company_signup,C0371,,,Hyderabad,
E003048,2026-03-08 18:09:43.783783,job_viewed,C0316,J00270,U1245,Mumbai,Marketing
E004909,2026-03-08 18:48:38.918918,job_viewed,C0244,J00917,U0398,Gurgaon,Business Analyst
E000372,2026-03-08 20:19:27.567567,company_signup,C0372,,,Lucknow,
E005603,2026-03-08 20:19:27.567567,job_viewed,C0261,J01148,U0897,Delhi,HR
E001725,2026-03-08 20:32:25.945945,job_posted,C0311,J00725,,Lucknow,Data Analyst
E001079,2026-03-08 21:37:17.837837,job_posted,C0339,J00079,,Gurgaon,Software Engineer
E004270,2026-03-08 23:34:03.243243,job_viewed,C0234,J00687,U0139,Pune,Software Engineer
E006624,2026-03-08 23:38:55.135135,application_submitted,C0225,J01171,U0276,Delhi,Business Analyst
E003395,2026-03-08 23:47:01.621621,job_viewed,C0284,J00377,U0755,Gurgaon,Software Engineer
E002119,2026-03-09 00:00:00.000000,job_posted,C0334,J01119,,Mumbai,Marketing
E000373,2026-03-09 00:38:55.135135,company_signup,C0373,,,Mumbai,
E002488,2026-03-09 01:17:50.270270,job_viewed,C0301,J00092,U1256,Mumbai,Business Analyst
E003361,2026-03-09 01:30:48.648648,job_viewed,C0240,J00369,U1099,Noida,Sales
E006220,2026-03-09 02:53:30.810810,application_submitted,C0235,J00625,U1248,Bangalore,Business Analyst
E005444,2026-03-09 03:40:32.432432,job_viewed,C0296,J01102,U1632,Mumbai,HR
E003783,2026-03-09 04:58:22.702702,job_viewed,C0152,J00526,U2804,Mumbai,Business Analyst
E000374,2026-03-09 04:58:22.702702,company_signup,C0374,,,Lucknow,
E002475,2026-03-09 05:24:19.459459,job_viewed,C0252,J00089,U0858,Lucknow,Data Analyst
E001968,2026-03-09 05:37:17.837837,job_posted,C0302,J00968,,Delhi,Data Analyst
E005063,2026-03-09 05:37:17.837837,job_viewed,C0302,J00966,U2465,Noida,Sales
E005428,2026-03-09 06:03:14.594594,job_viewed,C0291,J01090,U2431,Lucknow,Business Analyst
E003160,2026-03-09 06:16:12.972972,job_viewed,C0230,J00310,U2333,Noida,HR
E003642,2026-03-09 08:51:53.513513,job_viewed,C0275,J00478,U2419,Delhi,Data Analyst
E000375,2026-03-09 09:17:50.270270,company_signup,C0375,,,Delhi,
E006156,2026-03-09 10:19:27.567567,application_submitted,C0187,J00539,U2059,Delhi,HR
E002706,2026-03-09 12:06:29.189189,job_viewed,C0248,J00166,U2713,Gurgaon,Marketing
E002707,2026-03-09 12:06:29.189189,job_viewed,C0248,J00166,U1658,Gurgaon,Marketing
E000376,2026-03-09 13:37:17.837837,company_signup,C0376,,,Hyderabad,
E005232,2026-03-09 14:03:14.594594,job_viewed,C0254,J01015,U2777,Lucknow,Software Engineer
E003463,2026-03-09 15:21:04.864864,job_viewed,C0221,J00409,U1889,Mumbai,Sales
E003529,2026-03-09 16:00:00.000000,job_viewed,C0260,J00432,U0617,Bangalore,Business Analyst
E001562,2026-03-09 16:12:58.378378,job_posted,C0310,J00562,,Hyderabad,Software Engineer
E003890,2026-03-09 16:12:58.378378,job_viewed,C0310,J00561,U0321,Mumbai,Sales
E006110,2026-03-09 16:51:53.513513,application_submitted,C0275,J00478,U2419,Delhi,Data Analyst
E006373,2026-03-09 17:25:56.756756,application_submitted,C0286,J00840,U1287,Delhi,Data Analyst
E004791,2026-03-09 17:43:47.027027,job_viewed,C0327,J00870,U2929,Bangalore,Sales
E000377,2026-03-09 17:56:45.405405,company_signup,C0377,,,Hyderabad,
E002202,2026-03-09 20:06:29.189189,job_posted,C0322,J01202,,Gurgaon,Software Engineer
E005992,2026-03-09 20:16:12.972972,application_submitted,C0230,J00309,U2022,Mumbai,Data Analyst
E001887,2026-03-09 20:45:24.324324,job_posted,C0361,J00887,,Gurgaon,Software Engineer
E004558,2026-03-09 21:24:19.459459,job_viewed,C0178,J00786,U2393,Delhi,Software Engineer
E003851,2026-03-09 22:16:12.972972,job_viewed,C0267,J00548,U2578,Mumbai,Business Analyst
E000378,2026-03-09 22:16:12.972972,company_signup,C0378,,,Delhi,
E005993,2026-03-09 23:16:12.972972,application_submitted,C0230,J00310,U2333,Noida,HR
E002129,2026-03-10 02:22:42.162162,job_posted,C0329,J01129,,Lucknow,Sales
E000379,2026-03-10 02:35:40.540540,company_signup,C0379,,,Mumbai,
E005217,2026-03-10 03:14:35.675675,job_viewed,C0196,J01012,U0544,Gurgaon,HR
E004088,2026-03-10 03:53:30.810810,job_viewed,C0235,J00625,U1027,Bangalore,Business Analyst
E005427,2026-03-10 06:03:14.594594,job_viewed,C0291,J01090,U2117,Lucknow,Business Analyst
E000380,2026-03-10 06:55:08.108108,company_signup,C0380,,,Delhi,
E004999,2026-03-10 08:00:00.000000,job_viewed,C0297,J00942,U0574,Bangalore,HR
E005001,2026-03-10 08:00:00.000000,job_viewed,C0297,J00943,U2032,Delhi,HR
E006471,2026-03-10 08:37:17.837837,application_submitted,C0302,J00966,U2465,Noida,Sales
E002496,2026-03-10 09:04:51.891891,job_viewed,C0325,J00093,U0046,Gurgaon,Data Analyst
E002900,2026-03-10 09:30:48.648648,job_viewed,C0314,J00221,U0913,Bangalore,Data Analyst
E000381,2026-03-10 11:14:35.675675,company_signup,C0381,,,Lucknow,
E001645,2026-03-10 11:40:32.432432,job_posted,C0370,J00645,,Pune,Marketing
E001801,2026-03-10 12:06:29.189189,job_posted,C0359,J00801,,Pune,Marketing
E003829,2026-03-10 12:19:27.567567,job_viewed,C0187,J00539,U2489,Delhi,HR
E002118,2026-03-10 13:37:17.837837,job_posted,C0376,J01118,,Gurgaon,Software Engineer
E006050,2026-03-10 13:47:01.621621,application_submitted,C0284,J00377,U0755,Gurgaon,Software Engineer
E002385,2026-03-10 13:50:16.216216,job_viewed,C0204,J00057,U1888,Noida,Software Engineer
E001302,2026-03-10 15:21:04.864864,job_posted,C0332,J00302,,Mumbai,Sales
E003313,2026-03-10 15:34:03.243243,job_viewed,C0271,J00353,U2581,Mumbai,Business Analyst
E000382,2026-03-10 15:34:03.243243,company_signup,C0382,,,Noida,
E001932,2026-03-10 16:00:00.000000,job_posted,C0371,J00932,,Gurgaon,Sales
E006158,2026-03-10 16:19:27.567567,application_submitted,C0187,J00539,U2489,Delhi,HR
E003052,2026-03-10 18:09:43.783783,job_viewed,C0316,J00270,U1960,Mumbai,Marketing
E005111,2026-03-10 19:27:34.054054,job_viewed,C0283,J00981,U2412,Bangalore,Marketing
E000383,2026-03-10 19:53:30.810810,company_signup,C0383,,,Hyderabad,
E004751,2026-03-10 20:06:29.189189,job_viewed,C0211,J00853,U1245,Bangalore,Software Engineer
E004755,2026-03-10 20:06:29.189189,job_viewed,C0211,J00853,U0074,Bangalore,Software Engineer
E004412,2026-03-10 20:32:25.945945,job_viewed,C0311,J00725,U2296,Lucknow,Data Analyst
E003570,2026-03-10 20:32:25.945945,job_viewed,C0200,J00452,U0613,Pune,Software Engineer
E004409,2026-03-10 20:32:25.945945,job_viewed,C0311,J00725,U0467,Lucknow,Data Analyst
E004825,2026-03-10 20:45:24.324324,job_viewed,C0361,J00887,U0739,Gurgaon,Software Engineer
E005803,2026-03-10 21:50:16.216216,application_submitted,C0204,J00057,U1888,Noida,Software Engineer
E001767,2026-03-10 22:03:14.594594,job_posted,C0328,J00767,,Lucknow,Sales
E003848,2026-03-10 22:16:12.972972,job_viewed,C0267,J00548,U1177,Mumbai,Business Analyst
E003208,2026-03-10 22:29:11.351351,job_viewed,C0206,J00320,U0418,Hyderabad,Marketing
E003725,2026-03-10 22:29:11.351351,job_viewed,C0317,J00506,U0369,Mumbai,HR
E003726,2026-03-10 22:29:11.351351,job_viewed,C0317,J00506,U2243,Mumbai,HR
E001959,2026-03-10 23:08:06.486486,job_posted,C0356,J00959,,Noida,HR
E000384,2026-03-11 00:12:58.378378,company_signup,C0384,,,Pune,
E002727,2026-03-11 01:56:45.405405,job_viewed,C0340,J00170,U2594,Hyderabad,Marketing
E005580,2026-03-11 02:09:43.783783,job_viewed,C0168,J01142,U0075,Bangalore,Business Analyst
E005501,2026-03-11 02:48:38.918918,job_viewed,C0318,J01121,U2518,Bangalore,HR
E004867,2026-03-11 04:06:29.189189,job_viewed,C0285,J00899,U1788,Hyderabad,Data Analyst
E000385,2026-03-11 04:32:25.945945,company_signup,C0385,,,Pune,
E006415,2026-03-11 05:06:29.189189,application_submitted,C0285,J00899,U1788,Hyderabad,Data Analyst
E002470,2026-03-11 05:24:19.459459,job_viewed,C0252,J00087,U0653,Delhi,Sales
E006385,2026-03-11 06:06:29.189189,application_submitted,C0211,J00853,U0074,Bangalore,Software Engineer
E001602,2026-03-11 06:16:12.972972,job_posted,C0341,J00602,,Mumbai,Business Analyst
E004998,2026-03-11 08:00:00.000000,job_viewed,C0297,J00942,U2227,Bangalore,HR
E004727,2026-03-11 08:25:56.756756,job_viewed,C0286,J00840,U2556,Delhi,Data Analyst
E000386,2026-03-11 08:51:53.513513,company_signup,C0386,,,Lucknow,
E006137,2026-03-11 09:29:11.351351,application_submitted,C0317,J00506,U2243,Mumbai,HR
E002905,2026-03-11 09:30:48.648648,job_viewed,C0314,J00222,U1428,Delhi,Business Analyst
E001662,2026-03-11 09:43:47.027027,job_posted,C0364,J00662,,Pune,Sales
E006454,2026-03-11 10:00:00.000000,application_submitted,C0297,J00943,U2032,Delhi,HR
E003063,2026-03-11 11:01:37.297297,job_viewed,C0331,J00273,U2530,Hyderabad,Marketing
E001646,2026-03-11 11:40:32.432432,job_posted,C0370,J00646,,Bangalore,Sales
E004219,2026-03-11 12:58:22.702702,job_viewed,C0226,J00669,U2170,Lucknow,Sales
E000387,2026-03-11 13:11:21.081081,company_signup,C0387,,,Bangalore,
E005235,2026-03-11 14:03:14.594594,job_viewed,C0254,J01015,U1964,Lucknow,Software Engineer
E003883,2026-03-11 14:16:12.972972,job_viewed,C0193,J00558,U1876,Pune,Sales
E004971,2026-03-11 14:42:09.729729,job_viewed,C0182,J00935,U1302,Noida,HR
E003138,2026-03-11 15:21:04.864864,job_viewed,C0332,J00302,U1217,Mumbai,Sales
E003312,2026-03-11 15:34:03.243243,job_viewed,C0271,J00353,U2880,Mumbai,Business Analyst
E002134,2026-03-11 15:47:01.621621,job_posted,C0321,J01134,,Gurgaon,Data Analyst
E002096,2026-03-11 16:51:53.513513,job_posted,C0349,J01096,,Pune,HR
E000388,2026-03-11 17:30:48.648648,company_signup,C0388,,,Gurgaon,
E001271,2026-03-11 18:09:43.783783,job_posted,C0316,J00271,,Lucknow,HR
E004738,2026-03-11 18:35:40.540540,job_viewed,C0305,J00845,U2097,Noida,Software Engineer
E001421,2026-03-11 19:14:35.675675,job_posted,C0344,J00421,,Noida,Business Analyst
E005923,2026-03-11 19:30:48.648648,application_submitted,C0314,J00222,U1428,Delhi,Business Analyst
E000389,2026-03-11 21:50:16.216216,company_signup,C0389,,,Delhi,
E006453,2026-03-11 23:00:00.000000,application_submitted,C0297,J00942,U2227,Bangalore,HR
E005490,2026-03-12 00:00:00.000000,job_viewed,C0334,J01119,U1517,Mumbai,Marketing
E006483,2026-03-12 00:27:34.054054,application_submitted,C0283,J00981,U2412,Bangalore,Marketing
E001229,2026-03-12 00:38:55.135135,job_posted,C0373,J00229,,Noida,Software Engineer
E000390,2026-03-12 02:09:43.783783,company_signup,C0390,,,Delhi,
E004005,2026-03-12 06:16:12.972972,job_viewed,C0341,J00602,U2404,Mumbai,Business Analyst
E000391,2026-03-12 06:29:11.351351,company_signup,C0391,,,Bangalore,
E003641,2026-03-12 08:51:53.513513,job_viewed,C0275,J00478,U1440,Delhi,Data Analyst
E001312,2026-03-12 09:17:50.270270,job_posted,C0375,J00312,,Noida,Data Analyst
E000392,2026-03-12 10:48:38.918918,company_signup,C0392,,,Bangalore,
E004154,2026-03-12 11:27:34.054054,job_viewed,C0209,J00647,U1424,Delhi,Software Engineer
E004944,2026-03-12 11:53:30.810810,job_viewed,C0309,J00927,U2256,Pune,Software Engineer
E004612,2026-03-12 12:06:29.189189,job_viewed,C0359,J00801,U0717,Pune,Marketing
E005222,2026-03-12 14:03:14.594594,job_viewed,C0254,J01013,U2946,Mumbai,Data Analyst
E005229,2026-03-12 14:03:14.594594,job_viewed,C0254,J01014,U1282,Gurgaon,Business Analyst
E003884,2026-03-12 14:16:12.972972,job_viewed,C0193,J00559,U0738,Mumbai,HR
E004970,2026-03-12 14:42:09.729729,job_viewed,C0182,J00935,U2014,Noida,HR
E006571,2026-03-12 15:00:00.000000,application_submitted,C0334,J01119,U1517,Mumbai,Marketing
E000393,2026-03-12 15:08:06.486486,company_signup,C0393,,,Lucknow,
E003314,2026-03-12 15:34:03.243243,job_viewed,C0271,J00353,U0371,Mumbai,Business Analyst
E002135,2026-03-12 15:47:01.621621,job_posted,C0321,J01135,,Lucknow,Business Analyst
E003527,2026-03-12 16:00:00.000000,job_viewed,C0260,J00432,U1367,Bangalore,Business Analyst
E005822,2026-03-12 16:24:19.459459,application_submitted,C0252,J00087,U0653,Delhi,Sales
E002874,2026-03-12 16:51:53.513513,job_viewed,C0238,J00210,U1760,Hyderabad,Business Analyst
E001363,2026-03-12 17:30:48.648648,job_posted,C0388,J00363,,Noida,HR
E006109,2026-03-12 18:51:53.513513,application_submitted,C0275,J00478,U1440,Delhi,Data Analyst
E000394,2026-03-12 19:27:34.054054,company_signup,C0394,,,Lucknow,
E004750,2026-03-12 20:06:29.189189,job_viewed,C0211,J00853,U0208,Bangalore,Software Engineer
E004824,2026-03-12 20:45:24.324324,job_viewed,C0361,J00887,U0271,Gurgaon,Software Engineer
E005695,2026-03-12 20:58:22.702702,job_viewed,C0300,J01180,U1099,Bangalore,Software Engineer
E005697,2026-03-12 20:58:22.702702,job_viewed,C0300,J01180,U1472,Bangalore,Software Engineer
E006196,2026-03-12 22:16:12.972972,application_submitted,C0341,J00602,U2404,Mumbai,Business Analyst
E000395,2026-03-12 23:47:01.621621,company_signup,C0395,,,Bangalore,
E003389,2026-03-12 23:47:01.621621,job_viewed,C0284,J00376,U2609,Mumbai,HR
E002921,2026-03-13 00:38:55.135135,job_viewed,C0373,J00229,U2609,Noida,Software Engineer
E001552,2026-03-13 01:04:51.891891,job_posted,C0362,J00552,,Bangalore,Sales
E001104,2026-03-13 01:30:48.648648,job_posted,C0351,J00104,,Hyderabad,HR
E002424,2026-03-13 01:43:47.027027,job_viewed,C0290,J00071,U0674,Gurgaon,Software Engineer
E002422,2026-03-13 01:43:47.027027,job_viewed,C0290,J00071,U1893,Gurgaon,Software Engineer
E005449,2026-03-13 03:40:32.432432,job_viewed,C0296,J01104,U0539,Noida,Data Analyst
E000396,2026-03-13 04:06:29.189189,company_signup,C0396,,,Hyderabad,
E002471,2026-03-13 05:24:19.459459,job_viewed,C0252,J00087,U2236,Delhi,Sales
E001495,2026-03-13 05:50:16.216216,job_posted,C0352,J00495,,Gurgaon,Marketing
E002043,2026-03-13 06:29:11.351351,job_posted,C0391,J01043,,Noida,Marketing
E002133,2026-03-13 07:08:06.486486,job_posted,C0319,J01133,,Gurgaon,Sales
E004725,2026-03-13 08:25:56.756756,job_viewed,C0286,J00840,U0449,Delhi,Data Analyst
E000397,2026-03-13 08:25:56.756756,company_signup,C0397,,,Lucknow,
E004682,2026-03-13 08:25:56.756756,job_viewed,C0175,J00826,U0510,Gurgaon,Software Engineer
E004680,2026-03-13 08:25:56.756756,job_viewed,C0175,J00826,U1836,Gurgaon,Software Engineer
E001531,2026-03-13 08:38:55.135135,job_posted,C0336,J00531,,Noida,Business Analyst
E001532,2026-03-13 08:38:55.135135,job_posted,C0336,J00532,,Pune,Sales
E001395,2026-03-13 10:09:43.783783,job_posted,C0353,J00395,,Lucknow,Sales
E005621,2026-03-13 11:40:32.432432,job_viewed,C0259,J01151,U0619,Lucknow,Software Engineer
E004611,2026-03-13 12:06:29.189189,job_viewed,C0359,J00801,U1579,Pune,Marketing
E000398,2026-03-13 12:45:24.324324,company_signup,C0398,,,Noida,
E002177,2026-03-13 13:24:19.459459,job_posted,C0326,J01177,,Lucknow,Business Analyst
E004775,2026-03-13 13:24:19.459459,job_viewed,C0215,J00862,U0133,Hyderabad,Data Analyst
E005686,2026-03-13 13:24:19.459459,job_viewed,C0326,J01178,U1817,Lucknow,Data Analyst
E005223,2026-03-13 14:03:14.594594,job_viewed,C0254,J01013,U1787,Mumbai,Data Analyst
E006360,2026-03-13 15:25:56.756756,application_submitted,C0175,J00826,U1836,Gurgaon,Software Engineer
E004600,2026-03-13 17:04:51.891891,job_viewed,C0288,J00798,U0874,Hyderabad,Software Engineer
E000399,2026-03-13 17:04:51.891891,company_signup,C0399,,,Lucknow,
E001190,2026-03-13 17:17:50.270270,job_posted,C0338,J00190,,Gurgaon,HR
E001871,2026-03-13 17:43:47.027027,job_posted,C0327,J00871,,Lucknow,HR
E001872,2026-03-13 17:43:47.027027,job_posted,C0327,J00872,,Lucknow,Software Engineer
E004652,2026-03-13 19:40:32.432432,job_viewed,C0222,J00816,U1780,Noida,HR
E000400,2026-03-13 21:24:19.459459,company_signup,C0400,,,Delhi,
E002447,2026-03-13 21:37:17.837837,job_viewed,C0339,J00080,U2299,Bangalore,Software Engineer
E003852,2026-03-13 22:16:12.972972,job_viewed,C0267,J00548,U0092,Mumbai,Business Analyst
E003384,2026-03-13 23:47:01.621621,job_viewed,C0284,J00376,U2087,Mumbai,HR
E005493,2026-03-14 00:00:00.000000,job_viewed,C0334,J01119,U1887,Mumbai,Marketing
E004525,2026-03-14 00:25:56.756756,job_viewed,C0323,J00772,U2795,Mumbai,HR
E005810,2026-03-14 00:43:47.027027,application_submitted,C0290,J00071,U0674,Gurgaon,Software Engineer
E002486,2026-03-14 01:17:50.270270,job_viewed,C0301,J00092,U1393,Mumbai,Business Analyst
E000401,2026-03-14 01:43:47.027027,company_signup,C0401,,,Lucknow,
E002725,2026-03-14 01:56:45.405405,job_viewed,C0340,J00170,U1297,Hyderabad,Marketing
E002720,2026-03-14 01:56:45.405405,job_viewed,C0340,J00169,U2515,Noida,Sales
E003626,2026-03-14 02:09:43.783783,job_viewed,C0279,J00471,U0560,Hyderabad,Marketing
E005212,2026-03-14 03:14:35.675675,job_viewed,C0196,J01011,U0376,Gurgaon,HR
E005445,2026-03-14 03:40:32.432432,job_viewed,C0296,J01102,U2561,Mumbai,HR
E002478,2026-03-14 05:24:19.459459,job_viewed,C0252,J00089,U0924,Lucknow,Data Analyst
E003006,2026-03-14 05:50:16.216216,job_viewed,C0241,J00259,U0477,Gurgaon,Software Engineer
E000402,2026-03-14 06:03:14.594594,company_signup,C0402,,,Hyderabad,
E004193,2026-03-14 06:29:11.351351,job_viewed,C0280,J00660,U2923,Lucknow,Software Engineer
E004194,2026-03-14 06:29:11.351351,job_viewed,C0280,J00660,U0839,Lucknow,Software Engineer
E003945,2026-03-14 06:42:09.729729,job_viewed,C0219,J00578,U0146,Pune,HR
E005541,2026-03-14 07:08:06.486486,job_viewed,C0319,J01133,U1254,Gurgaon,Sales
E003320,2026-03-14 07:21:04.864864,job_viewed,C0258,J00357,U2934,Pune,HR
E004526,2026-03-14 07:47:01.621621,job_viewed,C0247,J00773,U0481,Lucknow,HR
E006362,2026-03-14 09:25:56.756756,application_submitted,C0175,J00826,U0510,Gurgaon,Software Engineer
E000403,2026-03-14 10:22:42.162162,company_signup,C0403,,,Bangalore,
E005113,2026-03-14 10:22:42.162162,job_viewed,C0292,J00983,U1569,Lucknow,Data Analyst
E005929,2026-03-14 10:38:55.135135,application_submitted,C0373,J00229,U2609,Noida,Software Engineer
E004149,2026-03-14 11:40:32.432432,job_viewed,C0370,J00646,U0147,Bangalore,Sales
E005626,2026-03-14 11:40:32.432432,job_viewed,C0259,J01152,U1924,Mumbai,Business Analyst
E002704,2026-03-14 12:06:29.189189,job_viewed,C0248,J00166,U0788,Gurgaon,Marketing
E005227,2026-03-14 14:03:14.594594,job_viewed,C0254,J01013,U1309,Mumbai,Data Analyst
E000404,2026-03-14 14:42:09.729729,company_signup,C0404,,,Delhi,
E001445,2026-03-14 15:34:03.243243,job_posted,C0382,J00445,,Delhi,HR
E005546,2026-03-14 15:47:01.621621,job_viewed,C0321,J01134,U0476,Gurgaon,Data Analyst
E005549,2026-03-14 15:47:01.621621,job_viewed,C0321,J01134,U0438,Gurgaon,Data Analyst
E002868,2026-03-14 16:51:53.513513,job_viewed,C0238,J00209,U0546,Lucknow,HR
E002866,2026-03-14 16:51:53.513513,job_viewed,C0238,J00209,U2127,Lucknow,HR
E001667,2026-03-14 18:48:38.918918,job_posted,C0355,J00667,,Hyderabad,Data Analyst
E000405,2026-03-14 19:01:37.297297,company_signup,C0405,,,Lucknow,
E002251,2026-03-14 19:53:30.810810,job_viewed,C0272,J00018,U0072,Pune,Business Analyst
E004758,2026-03-14 20:06:29.189189,job_viewed,C0211,J00854,U0332,Hyderabad,HR
E003853,2026-03-14 22:16:12.972972,job_viewed,C0267,J00548,U0481,Mumbai,Business Analyst
E001525,2026-03-14 22:42:09.729729,job_posted,C0367,J00525,,Pune,Marketing
E002566,2026-03-14 23:08:06.486486,job_viewed,C0245,J00121,U0433,Pune,Sales
E000406,2026-03-14 23:21:04.864864,company_signup,C0406,,,Hyderabad,
E001553,2026-03-15 01:04:51.891891,job_posted,C0362,J00553,,Mumbai,Data Analyst
E002427,2026-03-15 01:43:47.027027,job_viewed,C0290,J00073,U1380,Hyderabad,HR
E002723,2026-03-15 01:56:45.405405,job_viewed,C0340,J00169,U1715,Noida,Sales
E000407,2026-03-15 03:40:32.432432,company_signup,C0407,,,Noida,
E006387,2026-03-15 04:06:29.189189,application_submitted,C0211,J00854,U0332,Hyderabad,HR
E004871,2026-03-15 04:06:29.189189,job_viewed,C0285,J00899,U1837,Hyderabad,Data Analyst
E006374,2026-03-15 05:25:56.756756,application_submitted,C0286,J00840,U0449,Delhi,Data Analyst
E001793,2026-03-15 06:55:08.108108,job_posted,C0380,J00793,,Mumbai,Data Analyst
E000408,2026-03-15 08:00:00.000000,company_signup,C0408,,,Lucknow,
E001224,2026-03-15 08:25:56.756756,job_posted,C0397,J00224,,Gurgaon,Sales
E004621,2026-03-15 09:17:50.270270,job_viewed,C0264,J00805,U2694,Bangalore,Business Analyst
E002238,2026-03-15 09:30:48.648648,job_viewed,C0203,J00011,U0674,Delhi,Marketing
E001394,2026-03-15 10:09:43.783783,job_posted,C0353,J00394,,Mumbai,HR
E005627,2026-03-15 11:40:32.432432,job_viewed,C0259,J01152,U2612,Mumbai,Business Analyst
E002711,2026-03-15 12:06:29.189189,job_viewed,C0248,J00167,U2900,Gurgaon,Data Analyst
E002713,2026-03-15 12:06:29.189189,job_viewed,C0248,J00167,U1851,Gurgaon,Data Analyst
E000409,2026-03-15 12:19:27.567567,company_signup,C0409,,,Hyderabad,
E001729,2026-03-15 12:45:24.324324,job_posted,C0398,J00729,,Mumbai,HR
E001097,2026-03-15 14:29:11.351351,job_posted,C0354,J00097,,Pune,Software Engineer
E001301,2026-03-15 15:21:04.864864,job_posted,C0332,J00301,,Delhi,Data Analyst
E003894,2026-03-15 16:12:58.378378,job_viewed,C0310,J00562,U0253,Hyderabad,Software Engineer
E003895,2026-03-15 16:12:58.378378,job_viewed,C0310,J00562,U0739,Hyderabad,Software Engineer
E000410,2026-03-15 16:38:55.135135,company_signup,C0410,,,Noida,
E003055,2026-03-15 18:09:43.783783,job_viewed,C0316,J00271,U0616,Lucknow,HR
E005811,2026-03-15 18:43:47.027027,application_submitted,C0290,J00073,U1380,Hyderabad,HR
E003498,2026-03-15 19:14:35.675675,job_viewed,C0344,J00421,U0139,Noida,Business Analyst
E000411,2026-03-15 20:58:22.702702,company_signup,C0411,,,Bangalore,
E004091,2026-03-15 21:50:16.216216,job_viewed,C0278,J00627,U0561,Gurgaon,Software Engineer
E004511,2026-03-15 22:03:14.594594,job_viewed,C0328,J00766,U1005,Mumbai,Marketing
E001951,2026-03-15 22:16:12.972972,job_posted,C0378,J00951,,Bangalore,Marketing
E001219,2026-03-15 23:21:04.864864,job_posted,C0406,J00219,,Gurgaon,Software Engineer
E006243,2026-03-15 23:29:11.351351,application_submitted,C0280,J00660,U2923,Lucknow,Software Engineer
E003387,2026-03-15 23:47:01.621621,job_viewed,C0284,J00376,U1212,Mumbai,HR
E003396,2026-03-15 23:47:01.621621,job_viewed,C0284,J00377,U2259,Gurgaon,Software Engineer
E001613,2026-03-15 23:47:01.621621,job_posted,C0395,J00613,,Mumbai,HR
E005492,2026-03-16 00:00:00.000000,job_viewed,C0334,J01119,U2229,Mumbai,Marketing
E001339,2026-03-16 00:12:58.378378,job_posted,C0384,J00339,,Delhi,HR
E006164,2026-03-16 00:16:12.972972,application_submitted,C0267,J00548,U0481,Mumbai,Business Analyst
E003872,2026-03-16 01:04:51.891891,job_viewed,C0362,J00553,U1103,Mumbai,Data Analyst
E002489,2026-03-16 01:17:50.270270,job_viewed,C0301,J00092,U1467,Mumbai,Business Analyst
E000412,2026-03-16 01:17:50.270270,company_signup,C0412,,,Lucknow,
E005121,2026-03-16 04:45:24.324324,job_viewed,C0324,J00990,U0520,Noida,Sales
E006168,2026-03-16 05:04:51.891891,application_submitted,C0362,J00553,U1103,Mumbai,Data Analyst
E006172,2026-03-16 05:12:58.378378,application_submitted,C0310,J00562,U0253,Hyderabad,Software Engineer
E000413,2026-03-16 05:37:17.837837,company_signup,C0413,,,Noida,
E006317,2026-03-16 06:03:14.594594,application_submitted,C0328,J00766,U1005,Mumbai,Marketing
E004579,2026-03-16 06:55:08.108108,job_viewed,C0380,J00793,U1939,Mumbai,Data Analyst
E004581,2026-03-16 06:55:08.108108,job_viewed,C0380,J00793,U0260,Mumbai,Data Analyst
E001406,2026-03-16 08:00:00.000000,job_posted,C0408,J00406,,Delhi,Software Engineer
E004996,2026-03-16 08:00:00.000000,job_viewed,C0297,J00942,U1123,Bangalore,HR
E001225,2026-03-16 08:25:56.756756,job_posted,C0397,J00225,,Noida,Business Analyst
E005768,2026-03-16 08:30:48.648648,application_submitted,C0203,J00011,U0674,Delhi,Marketing
E005670,2026-03-16 08:38:55.135135,job_viewed,C0225,J01172,U1944,Mumbai,Sales
E005668,2026-03-16 08:38:55.135135,job_viewed,C0225,J01172,U0974,Mumbai,Sales
E002495,2026-03-16 09:04:51.891891,job_viewed,C0325,J00093,U1653,Gurgaon,Data Analyst
E002491,2026-03-16 09:04:51.891891,job_viewed,C0325,J00093,U2407,Gurgaon,Data Analyst
E000414,2026-03-16 09:56:45.405405,company_signup,C0414,,,Delhi,
E002186,2026-03-16 10:48:38.918918,job_posted,C0392,J01186,,Mumbai,Marketing
E002187,2026-03-16 10:48:38.918918,job_posted,C0392,J01187,,Mumbai,Data Analyst
E001708,2026-03-16 11:14:35.675675,job_posted,C0381,J00708,,Delhi,HR
E001707,2026-03-16 11:14:35.675675,job_posted,C0381,J00707,,Lucknow,Software Engineer
E004158,2026-03-16 11:27:34.054054,job_viewed,C0209,J00647,U2671,Delhi,Software Engineer
E004148,2026-03-16 11:40:32.432432,job_viewed,C0370,J00646,U0617,Bangalore,Sales
E004425,2026-03-16 12:45:24.324324,job_viewed,C0398,J00729,U2248,Mumbai,HR
E005226,2026-03-16 14:03:14.594594,job_viewed,C0254,J01013,U1915,Mumbai,Data Analyst
E005966,2026-03-16 14:09:43.783783,application_submitted,C0316,J00271,U0616,Lucknow,HR
E000415,2026-03-16 14:16:12.972972,company_signup,C0415,,,Bangalore,
E002507,2026-03-16 14:29:11.351351,job_viewed,C0354,J00097,U2830,Pune,Software Engineer
E001197,2026-03-16 14:42:09.729729,job_posted,C0404,J00197,,Hyderabad,Marketing
E003817,2026-03-16 14:55:08.108108,job_viewed,C0232,J00535,U0944,Hyderabad,Marketing
E003467,2026-03-16 15:21:04.864864,job_viewed,C0221,J00410,U1712,Mumbai,Software Engineer
E003136,2026-03-16 15:21:04.864864,job_viewed,C0332,J00302,U1081,Mumbai,Sales
E003889,2026-03-16 16:12:58.378378,job_viewed,C0310,J00561,U0805,Mumbai,Sales
E003542,2026-03-16 16:12:58.378378,job_viewed,C0199,J00436,U2735,Noida,Sales
E002669,2026-03-16 16:38:55.135135,job_viewed,C0299,J00151,U0508,Gurgaon,Business Analyst
E001157,2026-03-16 17:04:51.891891,job_posted,C0399,J00157,,Gurgaon,HR
E004792,2026-03-16 17:43:47.027027,job_viewed,C0327,J00870,U1617,Bangalore,Sales
E003050,2026-03-16 18:09:43.783783,job_viewed,C0316,J00270,U2285,Mumbai,Marketing
E000416,2026-03-16 18:35:40.540540,company_signup,C0416,,,Delhi,
E006625,2026-03-16 18:38:55.135135,application_submitted,C0225,J01172,U0974,Mumbai,Sales
E005110,2026-03-16 19:27:34.054054,job_viewed,C0283,J00981,U1448,Bangalore,Marketing
E002254,2026-03-16 19:53:30.810810,job_viewed,C0272,J00018,U2463,Pune,Business Analyst
E004557,2026-03-16 21:24:19.459459,job_viewed,C0178,J00786,U2222,Delhi,Software Engineer
E000417,2026-03-16 22:55:08.108108,company_signup,C0417,,,Pune,
E002523,2026-03-17 01:30:48.648648,job_viewed,C0351,J00104,U0427,Hyderabad,HR
E003362,2026-03-17 01:30:48.648648,job_viewed,C0240,J00369,U1506,Noida,Sales
E002423,2026-03-17 01:43:47.027027,job_viewed,C0290,J00071,U1752,Gurgaon,Software Engineer
E002726,2026-03-17 01:56:45.405405,job_viewed,C0340,J00170,U0973,Hyderabad,Marketing
E003623,2026-03-17 02:09:43.783783,job_viewed,C0279,J00470,U1436,Gurgaon,Data Analyst
E005874,2026-03-17 02:38:55.135135,application_submitted,C0299,J00151,U0508,Gurgaon,Business Analyst
E000418,2026-03-17 03:14:35.675675,company_signup,C0418,,,Mumbai,
E006399,2026-03-17 03:43:47.027027,application_submitted,C0327,J00870,U1617,Bangalore,Sales
E004084,2026-03-17 03:53:30.810810,job_viewed,C0235,J00625,U0624,Bangalore,Business Analyst
E001964,2026-03-17 04:06:29.189189,job_posted,C0396,J00964,,Mumbai,Data Analyst
E002476,2026-03-17 05:24:19.459459,job_viewed,C0252,J00089,U2675,Lucknow,Data Analyst
E000419,2026-03-17 07:34:03.243243,company_signup,C0419,,,Lucknow,
E001408,2026-03-17 08:00:00.000000,job_posted,C0408,J00408,,Delhi,Software Engineer
E003807,2026-03-17 08:38:55.135135,job_viewed,C0336,J00531,U1727,Noida,Business Analyst
E002493,2026-03-17 09:04:51.891891,job_viewed,C0325,J00093,U1894,Gurgaon,Data Analyst
E001313,2026-03-17 09:17:50.270270,job_posted,C0375,J00313,,Pune,Business Analyst
E002237,2026-03-17 09:30:48.648648,job_viewed,C0203,J00011,U2005,Delhi,Marketing
E006485,2026-03-17 09:45:24.324324,application_submitted,C0324,J00990,U0520,Noida,Sales
E001051,2026-03-17 09:56:45.405405,job_posted,C0414,J00051,,Lucknow,Business Analyst
E005320,2026-03-17 11:53:30.810810,job_viewed,C0198,J01048,U2461,Delhi,Business Analyst
E000420,2026-03-17 11:53:30.810810,company_signup,C0420,,,Noida,
E005687,2026-03-17 13:24:19.459459,job_viewed,C0326,J01178,U2348,Lucknow,Data Analyst
E002212,2026-03-17 13:37:17.837837,job_viewed,C0265,J00004,U0948,Lucknow,Marketing
E005230,2026-03-17 14:03:14.594594,job_viewed,C0254,J01014,U1384,Gurgaon,Business Analyst
E003880,2026-03-17 14:16:12.972972,job_viewed,C0193,J00558,U2987,Pune,Sales
E001098,2026-03-17 14:29:11.351351,job_posted,C0354,J00098,,Noida,Data Analyst
E003892,2026-03-17 16:12:58.378378,job_viewed,C0310,J00562,U2099,Hyderabad,Software Engineer
E000421,2026-03-17 16:12:58.378378,company_signup,C0421,,,Mumbai,
E006297,2026-03-17 16:45:24.324324,application_submitted,C0398,J00729,U2248,Mumbai,HR
E004796,2026-03-17 17:43:47.027027,job_viewed,C0327,J00871,U0282,Lucknow,HR
E005107,2026-03-17 19:27:34.054054,job_viewed,C0283,J00981,U0973,Bangalore,Marketing
E001165,2026-03-17 20:19:27.567567,job_posted,C0372,J00165,,Noida,Business Analyst
E005823,2026-03-17 20:24:19.459459,application_submitted,C0252,J00089,U2675,Lucknow,Data Analyst
E000422,2026-03-17 20:32:25.945945,company_signup,C0422,,,Mumbai,
E005809,2026-03-17 21:43:47.027027,application_submitted,C0290,J00071,U1752,Gurgaon,Software Engineer
E004510,2026-03-17 22:03:14.594594,job_viewed,C0328,J00766,U2381,Mumbai,Marketing
E004512,2026-03-17 22:03:14.594594,job_viewed,C0328,J00766,U0622,Mumbai,Marketing
E003780,2026-03-17 22:42:09.729729,job_viewed,C0367,J00525,U0226,Pune,Marketing
E002893,2026-03-17 23:21:04.864864,job_viewed,C0406,J00219,U1376,Gurgaon,Software Engineer
E001036,2026-03-17 23:34:03.243243,job_posted,C0345,J00036,,Lucknow,Software Engineer
E004274,2026-03-17 23:34:03.243243,job_viewed,C0234,J00687,U0568,Pune,Software Engineer
E003388,2026-03-17 23:47:01.621621,job_viewed,C0284,J00376,U1097,Mumbai,HR
E000423,2026-03-18 00:51:53.513513,company_signup,C0423,,,Noida,
E003871,2026-03-18 01:04:51.891891,job_viewed,C0362,J00553,U2323,Mumbai,Data Analyst
E002487,2026-03-18 01:17:50.270270,job_viewed,C0301,J00092,U1244,Mumbai,Business Analyst
E005528,2026-03-18 02:22:42.162162,job_viewed,C0329,J01129,U1174,Lucknow,Sales
E002084,2026-03-18 02:35:40.540540,job_posted,C0379,J01084,,Hyderabad,Business Analyst
E006167,2026-03-18 03:04:51.891891,application_submitted,C0362,J00553,U2323,Mumbai,Data Analyst
E001059,2026-03-18 03:27:34.054054,job_posted,C0357,J00059,,Mumbai,Sales
E004868,2026-03-18 04:06:29.189189,job_viewed,C0285,J00899,U2915,Hyderabad,Data Analyst
E000424,2026-03-18 05:11:21.081081,company_signup,C0424,,,Bangalore,
E003688,2026-03-18 05:50:16.216216,job_viewed,C0352,J00495,U0105,Gurgaon,Marketing
E005429,2026-03-18 06:03:14.594594,job_viewed,C0291,J01090,U0846,Lucknow,Business Analyst
E004192,2026-03-18 06:29:11.351351,job_viewed,C0280,J00660,U0569,Lucknow,Software Engineer
E002690,2026-03-18 06:55:08.108108,job_viewed,C0269,J00158,U1682,Noida,Business Analyst
E005543,2026-03-18 07:08:06.486486,job_viewed,C0319,J01133,U2311,Gurgaon,Sales
E004527,2026-03-18 07:47:01.621621,job_viewed,C0247,J00773,U1101,Lucknow,HR
E004997,2026-03-18 08:00:00.000000,job_viewed,C0297,J00942,U2373,Bangalore,HR
E005825,2026-03-18 08:04:51.891891,application_submitted,C0325,J00093,U1653,Gurgaon,Data Analyst
E004622,2026-03-18 09:17:50.270270,job_viewed,C0264,J00805,U0800,Bangalore,Business Analyst
E000425,2026-03-18 09:30:48.648648,company_signup,C0425,,,Lucknow,
E002901,2026-03-18 09:30:48.648648,job_viewed,C0314,J00221,U1578,Bangalore,Data Analyst
E002898,2026-03-18 09:30:48.648648,job_viewed,C0314,J00221,U0695,Bangalore,Data Analyst
E004195,2026-03-18 09:43:47.027027,job_viewed,C0364,J00662,U1943,Pune,Sales
E004199,2026-03-18 09:43:47.027027,job_viewed,C0364,J00662,U0905,Pune,Sales
E005114,2026-03-18 10:22:42.162162,job_viewed,C0292,J00983,U0509,Lucknow,Data Analyst
E004336,2026-03-18 11:14:35.675675,job_viewed,C0381,J00707,U2728,Lucknow,Software Engineer
E005623,2026-03-18 11:40:32.432432,job_viewed,C0259,J01152,U1314,Mumbai,Business Analyst
E004776,2026-03-18 13:24:19.459459,job_viewed,C0215,J00862,U1860,Hyderabad,Data Analyst
E004779,2026-03-18 13:24:19.459459,job_viewed,C0215,J00862,U2186,Hyderabad,Data Analyst
E005685,2026-03-18 13:24:19.459459,job_viewed,C0326,J01177,U1030,Lucknow,Business Analyst
E002213,2026-03-18 13:37:17.837837,job_viewed,C0265,J00004,U1326,Lucknow,Marketing
E000426,2026-03-18 13:50:16.216216,company_signup,C0426,,,Pune,
E005225,2026-03-18 14:03:14.594594,job_viewed,C0254,J01013,U2419,Mumbai,Data Analyst
E002481,2026-03-18 14:55:08.108108,job_viewed,C0343,J00091,U1803,Bangalore,Data Analyst
E004962,2026-03-18 16:00:00.000000,job_viewed,C0371,J00932,U0215,Gurgaon,Sales
E001420,2026-03-18 16:12:58.378378,job_posted,C0421,J00420,,Gurgaon,Software Engineer
E003891,2026-03-18 16:12:58.378378,job_viewed,C0310,J00562,U2906,Hyderabad,Software Engineer
E002095,2026-03-18 16:51:53.513513,job_posted,C0349,J01095,,Hyderabad,HR
E004592,2026-03-18 17:56:45.405405,job_viewed,C0266,J00797,U1852,Mumbai,Business Analyst
E000427,2026-03-18 18:09:43.783783,company_signup,C0427,,,Delhi,
E005878,2026-03-18 21:55:08.108108,application_submitted,C0269,J00158,U1682,Noida,Business Analyst
E004509,2026-03-18 22:03:14.594594,job_viewed,C0328,J00766,U2341,Mumbai,Marketing
E000428,2026-03-18 22:29:11.351351,company_signup,C0428,,,Hyderabad,
E006320,2026-03-18 22:47:01.621621,application_submitted,C0247,J00773,U1101,Lucknow,HR
E002562,2026-03-18 23:08:06.486486,job_viewed,C0245,J00121,U0144,Pune,Sales
E006610,2026-03-18 23:40:32.432432,application_submitted,C0259,J01152,U1314,Mumbai,Business Analyst
E001612,2026-03-18 23:47:01.621621,job_posted,C0395,J00612,,Delhi,Business Analyst
E006530,2026-03-18 23:53:30.810810,application_submitted,C0198,J01048,U2461,Delhi,Business Analyst
E005824,2026-03-18 23:55:08.108108,application_submitted,C0343,J00091,U1803,Bangalore,Data Analyst
E005491,2026-03-19 00:00:00.000000,job_viewed,C0334,J01119,U1778,Mumbai,Marketing
E006169,2026-03-19 02:16:12.972972,application_submitted,C0193,J00558,U2987,Pune,Sales
E006629,2026-03-19 02:24:19.459459,application_submitted,C0326,J01177,U1030,Lucknow,Business Analyst
E000429,2026-03-19 02:48:38.918918,company_signup,C0429,,,Delhi,
E004089,2026-03-19 03:53:30.810810,job_viewed,C0235,J00625,U1292,Bangalore,Business Analyst
E003523,2026-03-19 04:45:24.324324,job_viewed,C0213,J00430,U1009,Hyderabad,Sales
E006482,2026-03-19 05:27:34.054054,application_submitted,C0283,J00981,U0973,Bangalore,Marketing
E003012,2026-03-19 05:50:16.216216,job_viewed,C0241,J00260,U1782,Hyderabad,Sales
E001494,2026-03-19 05:50:16.216216,job_posted,C0352,J00494,,Noida,Data Analyst
E000430,2026-03-19 07:08:06.486486,company_signup,C0430,,,Hyderabad,
E001081,2026-03-19 07:47:01.621621,job_posted,C0358,J00081,,Hyderabad,Business Analyst
E001082,2026-03-19 07:47:01.621621,job_posted,C0358,J00082,,Mumbai,Marketing
E006336,2026-03-19 07:56:45.405405,application_submitted,C0266,J00797,U1852,Mumbai,Business Analyst
E003643,2026-03-19 08:51:53.513513,job_viewed,C0275,J00478,U2898,Delhi,Data Analyst
E003644,2026-03-19 08:51:53.513513,job_viewed,C0275,J00478,U0229,Delhi,Data Analyst
E006572,2026-03-19 09:00:00.000000,application_submitted,C0334,J01119,U1778,Mumbai,Marketing
E002494,2026-03-19 09:04:51.891891,job_viewed,C0325,J00093,U2700,Gurgaon,Data Analyst
E006416,2026-03-19 09:06:29.189189,application_submitted,C0285,J00899,U2915,Hyderabad,Data Analyst
E002235,2026-03-19 09:30:48.648648,job_viewed,C0203,J00011,U0606,Delhi,Marketing
E000431,2026-03-19 11:27:34.054054,company_signup,C0431,,,Delhi,
E001199,2026-03-19 13:11:21.081081,job_posted,C0387,J00199,,Noida,Software Engineer
E005682,2026-03-19 13:24:19.459459,job_viewed,C0326,J01177,U0640,Lucknow,Business Analyst
E002836,2026-03-19 14:42:09.729729,job_viewed,C0404,J00197,U1911,Hyderabad,Marketing
E002480,2026-03-19 14:55:08.108108,job_viewed,C0343,J00091,U2487,Bangalore,Data Analyst
E001403,2026-03-19 15:08:06.486486,job_posted,C0393,J00403,,Delhi,Data Analyst
E001444,2026-03-19 15:34:03.243243,job_posted,C0382,J00444,,Bangalore,Data Analyst
E000432,2026-03-19 15:47:01.621621,company_signup,C0432,,,Noida,
E004958,2026-03-19 16:00:00.000000,job_viewed,C0371,J00932,U2488,Gurgaon,Sales
E003896,2026-03-19 16:12:58.378378,job_viewed,C0310,J00562,U1340,Hyderabad,Software Engineer
E004593,2026-03-19 17:56:45.405405,job_viewed,C0266,J00797,U0225,Mumbai,Business Analyst
E004907,2026-03-19 18:48:38.918918,job_viewed,C0244,J00917,U0166,Gurgaon,Business Analyst
E004754,2026-03-19 20:06:29.189189,job_viewed,C0211,J00853,U0771,Bangalore,Software Engineer
E000433,2026-03-19 20:06:29.189189,company_signup,C0433,,,Pune,
E006344,2026-03-19 20:17:50.270270,application_submitted,C0264,J00805,U0800,Bangalore,Business Analyst
E002445,2026-03-19 21:37:17.837837,job_viewed,C0339,J00080,U2238,Bangalore,Software Engineer
E002565,2026-03-19 23:08:06.486486,job_viewed,C0245,J00121,U0179,Pune,Sales
E002564,2026-03-19 23:08:06.486486,job_viewed,C0245,J00121,U0224,Pune,Sales
E000434,2026-03-20 00:25:56.756756,company_signup,C0434,,,Lucknow,
E005767,2026-03-20 01:30:48.648648,application_submitted,C0203,J00011,U0606,Delhi,Marketing
E002421,2026-03-20 01:43:47.027027,job_viewed,C0290,J00071,U2670,Gurgaon,Software Engineer
E002724,2026-03-20 01:56:45.405405,job_viewed,C0340,J00170,U2643,Hyderabad,Marketing
E006593,2026-03-20 02:08:06.486486,application_submitted,C0319,J01133,U2311,Gurgaon,Sales
E001511,2026-03-20 03:01:37.297297,job_posted,C0368,J00511,,Pune,Business Analyst
E001510,2026-03-20 03:01:37.297297,job_posted,C0368,J00510,,Hyderabad,Sales
E005450,2026-03-20 03:40:32.432432,job_viewed,C0296,J01104,U1682,Noida,Data Analyst
E000435,2026-03-20 04:45:24.324324,company_signup,C0435,,,Hyderabad,
E001837,2026-03-20 05:11:21.081081,job_posted,C0424,J00837,,Bangalore,Data Analyst
E002474,2026-03-20 05:24:19.459459,job_viewed,C0252,J00089,U2036,Lucknow,Data Analyst
E001804,2026-03-20 05:37:17.837837,job_posted,C0413,J00804,,Mumbai,Business Analyst
E003686,2026-03-20 05:50:16.216216,job_viewed,C0352,J00494,U0752,Noida,Data Analyst
E002071,2026-03-20 06:03:14.594594,job_posted,C0402,J01071,,Mumbai,Sales
E005426,2026-03-20 06:03:14.594594,job_viewed,C0291,J01090,U1946,Lucknow,Business Analyst
E006171,2026-03-20 06:12:58.378378,application_submitted,C0310,J00562,U2906,Hyderabad,Software Engineer
E004189,2026-03-20 06:29:11.351351,job_viewed,C0280,J00660,U1459,Lucknow,Software Engineer
E002449,2026-03-20 07:47:01.621621,job_viewed,C0358,J00083,U0837,Bangalore,Software Engineer
E000436,2026-03-20 09:04:51.891891,company_signup,C0436,,,Lucknow,
E003169,2026-03-20 09:17:50.270270,job_viewed,C0375,J00313,U1750,Pune,Business Analyst
E002902,2026-03-20 09:30:48.648648,job_viewed,C0314,J00222,U1106,Delhi,Business Analyst
E002234,2026-03-20 09:30:48.648648,job_viewed,C0203,J00011,U1462,Delhi,Marketing
E001664,2026-03-20 09:43:47.027027,job_posted,C0364,J00664,,Bangalore,Software Engineer
E003064,2026-03-20 11:01:37.297297,job_viewed,C0331,J00273,U1869,Hyderabad,Marketing
E001644,2026-03-20 11:40:32.432432,job_posted,C0370,J00644,,Pune,Marketing
E005688,2026-03-20 13:24:19.459459,job_viewed,C0326,J01178,U0749,Lucknow,Data Analyst
E000437,2026-03-20 13:24:19.459459,company_signup,C0437,,,Lucknow,
E004778,2026-03-20 13:24:19.459459,job_viewed,C0215,J00862,U1686,Hyderabad,Data Analyst
E004777,2026-03-20 13:24:19.459459,job_viewed,C0215,J00862,U0265,Hyderabad,Data Analyst
E002217,2026-03-20 13:37:17.837837,job_viewed,C0265,J00004,U0875,Lucknow,Marketing
E001593,2026-03-20 13:50:16.216216,job_posted,C0426,J00593,,Lucknow,Marketing
E002509,2026-03-20 14:29:11.351351,job_viewed,C0354,J00098,U0720,Noida,Data Analyst
E006395,2026-03-20 16:24:19.459459,application_submitted,C0215,J00862,U0265,Hyderabad,Data Analyst
E002175,2026-03-20 16:38:55.135135,job_posted,C0410,J01175,,Pune,Sales
E002812,2026-03-20 17:17:50.270270,job_viewed,C0338,J00190,U2296,Gurgaon,HR
E002814,2026-03-20 17:17:50.270270,job_viewed,C0338,J00190,U1320,Gurgaon,HR
E000438,2026-03-20 17:43:47.027027,company_signup,C0438,,,Lucknow,
E003051,2026-03-20 18:09:43.783783,job_viewed,C0316,J00270,U0219,Mumbai,Marketing
E001795,2026-03-20 18:22:42.162162,job_posted,C0366,J00795,,Hyderabad,Marketing
E004739,2026-03-20 18:35:40.540540,job_viewed,C0305,J00845,U0145,Noida,Software Engineer
E004211,2026-03-20 18:48:38.918918,job_viewed,C0355,J00667,U1562,Hyderabad,Data Analyst
E005109,2026-03-20 19:27:34.054054,job_viewed,C0283,J00981,U2134,Bangalore,Marketing
E002255,2026-03-20 19:53:30.810810,job_viewed,C0272,J00018,U1016,Pune,Business Analyst
E006630,2026-03-20 20:24:19.459459,application_submitted,C0326,J01178,U0749,Lucknow,Data Analyst
E001888,2026-03-20 20:45:24.324324,job_posted,C0361,J00888,,Pune,Software Engineer
E000439,2026-03-20 22:03:14.594594,company_signup,C0439,,,Gurgaon,
E003781,2026-03-20 22:42:09.729729,job_viewed,C0367,J00525,U0182,Pune,Marketing
E005047,2026-03-20 23:08:06.486486,job_viewed,C0356,J00959,U2376,Noida,HR
E002892,2026-03-20 23:21:04.864864,job_viewed,C0406,J00219,U0825,Gurgaon,Software Engineer
E005922,2026-03-20 23:30:48.648648,application_submitted,C0314,J00222,U1106,Delhi,Business Analyst
E003391,2026-03-20 23:47:01.621621,job_viewed,C0284,J00377,U1123,Gurgaon,Software Engineer
E004035,2026-03-20 23:47:01.621621,job_viewed,C0395,J00612,U1730,Delhi,Business Analyst
E003259,2026-03-21 00:12:58.378378,job_viewed,C0384,J00339,U0479,Delhi,HR
E000440,2026-03-21 02:22:42.162162,company_signup,C0440,,,Bangalore,
E005908,2026-03-21 04:42:09.729729,application_submitted,C0404,J00197,U1911,Hyderabad,Marketing
E006049,2026-03-21 04:47:01.621621,application_submitted,C0284,J00377,U1123,Gurgaon,Software Engineer
E005062,2026-03-21 05:37:17.837837,job_viewed,C0302,J00966,U2159,Noida,Sales
E003692,2026-03-21 05:50:16.216216,job_viewed,C0352,J00495,U2028,Gurgaon,Marketing
E000441,2026-03-21 06:42:09.729729,company_signup,C0441,,,Delhi,
E005540,2026-03-21 07:08:06.486486,job_viewed,C0319,J01133,U1840,Gurgaon,Sales
E001407,2026-03-21 08:00:00.000000,job_posted,C0408,J00407,,Noida,Sales
E005000,2026-03-21 08:00:00.000000,job_viewed,C0297,J00942,U2597,Bangalore,HR
E002497,2026-03-21 09:04:51.891891,job_viewed,C0325,J00094,U0601,Hyderabad,HR
E002904,2026-03-21 09:30:48.648648,job_viewed,C0314,J00222,U0157,Delhi,Business Analyst
E002897,2026-03-21 09:30:48.648648,job_viewed,C0314,J00221,U2709,Bangalore,Data Analyst
E001663,2026-03-21 09:43:47.027027,job_posted,C0364,J00663,,Gurgaon,HR
E004206,2026-03-21 09:43:47.027027,job_viewed,C0364,J00664,U0412,Bangalore,Software Engineer
E000442,2026-03-21 11:01:37.297297,company_signup,C0442,,,Lucknow,
E001930,2026-03-21 11:27:34.054054,job_posted,C0431,J00930,,Hyderabad,Business Analyst
E005683,2026-03-21 13:24:19.459459,job_viewed,C0326,J01177,U2746,Lucknow,Business Analyst
E005818,2026-03-21 13:47:01.621621,application_submitted,C0358,J00083,U0837,Bangalore,Software Engineer
E005233,2026-03-21 14:03:14.594594,job_viewed,C0254,J01015,U0480,Lucknow,Software Engineer
E001132,2026-03-21 14:16:12.972972,job_posted,C0415,J00132,,Pune,Data Analyst
E002514,2026-03-21 14:29:11.351351,job_viewed,C0354,J00099,U2624,Pune,HR
E006246,2026-03-21 14:43:47.027027,application_submitted,C0364,J00664,U0412,Bangalore,Software Engineer
E000443,2026-03-21 15:21:04.864864,company_signup,C0443,,,Delhi,
E005547,2026-03-21 15:47:01.621621,job_viewed,C0321,J01134,U0329,Gurgaon,Data Analyst
E002176,2026-03-21 16:38:55.135135,job_posted,C0410,J01176,,Mumbai,Sales
E004797,2026-03-21 17:43:47.027027,job_viewed,C0327,J00871,U2963,Lucknow,HR
E001144,2026-03-21 18:09:43.783783,job_posted,C0427,J00144,,Lucknow,Sales
E004585,2026-03-21 18:22:42.162162,job_viewed,C0366,J00795,U1168,Hyderabad,Marketing
E006470,2026-03-21 18:37:17.837837,application_submitted,C0302,J00966,U2159,Noida,Sales
E000444,2026-03-21 19:40:32.432432,company_signup,C0444,,,Lucknow,
E001364,2026-03-21 19:53:30.810810,job_posted,C0383,J00364,,Gurgaon,Sales
E002253,2026-03-21 19:53:30.810810,job_viewed,C0272,J00018,U0269,Pune,Business Analyst
E001332,2026-03-21 20:06:29.189189,job_posted,C0433,J00332,,Bangalore,Data Analyst
E004411,2026-03-21 20:32:25.945945,job_viewed,C0311,J00725,U2785,Lucknow,Data Analyst
E000445,2026-03-22 00:00:00.000000,company_signup,C0445,,,Hyderabad,
E001340,2026-03-22 00:12:58.378378,job_posted,C0384,J00340,,Lucknow,Business Analyst
E005903,2026-03-22 00:17:50.270270,application_submitted,C0338,J00190,U1320,Gurgaon,HR
E005921,2026-03-22 00:30:48.648648,application_submitted,C0314,J00221,U2709,Bangalore,Data Analyst
E002722,2026-03-22 01:56:45.405405,job_viewed,C0340,J00169,U1014,Noida,Sales
E005524,2026-03-22 02:22:42.162162,job_viewed,C0329,J01129,U0160,Lucknow,Sales
E001844,2026-03-22 02:48:38.918918,job_posted,C0429,J00844,,Bangalore,HR
E003745,2026-03-22 03:01:37.297297,job_viewed,C0368,J00511,U1005,Pune,Business Analyst
E001911,2026-03-22 03:14:35.675675,job_posted,C0418,J00911,,Gurgaon,HR
E001941,2026-03-22 03:40:32.432432,job_posted,C0407,J00941,,Bangalore,Marketing
E000446,2026-03-22 04:19:27.567567,company_signup,C0446,,,Bangalore,
E002472,2026-03-22 05:24:19.459459,job_viewed,C0252,J00089,U2925,Lucknow,Data Analyst
E004616,2026-03-22 05:37:17.837837,job_viewed,C0413,J00804,U0234,Mumbai,Business Analyst
E004009,2026-03-22 06:16:12.972972,job_viewed,C0341,J00602,U1610,Mumbai,Business Analyst
E004190,2026-03-22 06:29:11.351351,job_viewed,C0280,J00660,U2266,Lucknow,Software Engineer
E003461,2026-03-22 08:00:00.000000,job_viewed,C0408,J00408,U2582,Delhi,Software Engineer
E004726,2026-03-22 08:25:56.756756,job_viewed,C0286,J00840,U0026,Delhi,Data Analyst
E000447,2026-03-22 08:38:55.135135,company_signup,C0447,,,Bangalore,
E004197,2026-03-22 09:43:47.027027,job_viewed,C0364,J00662,U2361,Pune,Sales
E002185,2026-03-22 10:48:38.918918,job_posted,C0392,J01185,,Delhi,Business Analyst
E004337,2026-03-22 11:14:35.675675,job_viewed,C0381,J00707,U1621,Lucknow,Software Engineer
E004954,2026-03-22 11:27:34.054054,job_viewed,C0431,J00930,U0942,Hyderabad,Business Analyst
E000448,2026-03-22 12:58:22.702702,company_signup,C0448,,,Noida,
E002415,2026-03-22 13:11:21.081081,job_viewed,C0276,J00067,U0060,Bangalore,HR
E001198,2026-03-22 13:11:21.081081,job_posted,C0387,J00198,,Lucknow,Marketing
E005681,2026-03-22 13:24:19.459459,job_viewed,C0326,J01177,U0913,Lucknow,Business Analyst
E006245,2026-03-22 13:43:47.027027,application_submitted,C0364,J00662,U2361,Pune,Sales
E006206,2026-03-22 14:47:01.621621,application_submitted,C0395,J00612,U1730,Delhi,Business Analyst
E001402,2026-03-22 15:08:06.486486,job_posted,C0393,J00402,,Delhi,Sales
E005433,2026-03-22 16:51:53.513513,job_viewed,C0349,J01095,U2092,Hyderabad,HR
E001156,2026-03-22 17:04:51.891891,job_posted,C0399,J00156,,Hyderabad,Business Analyst
E000449,2026-03-22 17:17:50.270270,company_signup,C0449,,,Gurgaon,
E003354,2026-03-22 19:53:30.810810,job_viewed,C0383,J00364,U2584,Gurgaon,Sales
E003236,2026-03-22 20:06:29.189189,job_viewed,C0433,J00332,U2088,Bangalore,Data Analyst
E000450,2026-03-22 21:37:17.837837,company_signup,C0450,,,Noida,
E005048,2026-03-22 23:08:06.486486,job_viewed,C0356,J00959,U1241,Noida,HR
E001066,2026-03-23 00:25:56.756756,job_posted,C0434,J00066,,Noida,Marketing
E001230,2026-03-23 00:38:55.135135,job_posted,C0373,J00230,,Noida,Sales
E003870,2026-03-23 01:04:51.891891,job_viewed,C0362,J00553,U1368,Mumbai,Data Analyst
E006335,2026-03-23 01:22:42.162162,application_submitted,C0366,J00795,U1168,Hyderabad,Marketing
E002428,2026-03-23 01:43:47.027027,job_viewed,C0290,J00073,U2777,Hyderabad,HR
E000451,2026-03-23 01:56:45.405405,company_signup,C0451,,,Noida,
E005826,2026-03-23 02:04:51.891891,application_submitted,C0325,J00094,U0601,Hyderabad,HR
E001843,2026-03-23 02:48:38.918918,job_posted,C0429,J00843,,Mumbai,Data Analyst
E004896,2026-03-23 03:14:35.675675,job_viewed,C0418,J00911,U1055,Gurgaon,HR
E005447,2026-03-23 03:40:32.432432,job_viewed,C0296,J01102,U2968,Mumbai,HR
E002473,2026-03-23 05:24:19.459459,job_viewed,C0252,J00089,U1067,Lucknow,Data Analyst
E005378,2026-03-23 06:03:14.594594,job_viewed,C0402,J01071,U1754,Mumbai,Sales
E000452,2026-03-23 06:16:12.972972,company_signup,C0452,,,Noida,
E003639,2026-03-23 08:51:53.513513,job_viewed,C0275,J00478,U0654,Delhi,Data Analyst
E000453,2026-03-23 10:35:40.540540,company_signup,C0453,,,Noida,
E005724,2026-03-23 10:48:38.918918,job_viewed,C0392,J01186,U1439,Mumbai,Marketing
E006198,2026-03-23 11:16:12.972972,application_submitted,C0341,J00602,U1610,Mumbai,Business Analyst
E001382,2026-03-23 12:19:27.567567,job_posted,C0409,J00382,,Delhi,HR
E002838,2026-03-23 13:11:21.081081,job_viewed,C0387,J00198,U0820,Lucknow,Marketing
E002117,2026-03-23 13:37:17.837837,job_posted,C0376,J01117,,Gurgaon,Data Analyst
E000454,2026-03-23 14:55:08.108108,company_signup,C0454,,,Noida,
E002479,2026-03-23 14:55:08.108108,job_viewed,C0343,J00091,U0780,Bangalore,Data Analyst
E002485,2026-03-23 14:55:08.108108,job_viewed,C0343,J00091,U1472,Bangalore,Data Analyst
E003139,2026-03-23 15:21:04.864864,job_viewed,C0332,J00302,U1411,Mumbai,Sales
E003492,2026-03-23 16:12:58.378378,job_viewed,C0421,J00420,U0129,Gurgaon,Software Engineer
E002665,2026-03-23 16:38:55.135135,job_viewed,C0299,J00151,U1773,Gurgaon,Business Analyst
E004599,2026-03-23 17:04:51.891891,job_viewed,C0288,J00798,U0738,Hyderabad,Software Engineer
E005910,2026-03-23 19:11:21.081081,application_submitted,C0387,J00198,U0820,Lucknow,Marketing
E000455,2026-03-23 19:14:35.675675,company_signup,C0455,,,Pune,
E004651,2026-03-23 19:40:32.432432,job_viewed,C0222,J00815,U0538,Hyderabad,Business Analyst
E006065,2026-03-23 21:00:00.000000,application_submitted,C0408,J00408,U2582,Delhi,Software Engineer
E004092,2026-03-23 21:50:16.216216,job_viewed,C0278,J00627,U1313,Gurgaon,Software Engineer
E006439,2026-03-23 23:27:34.054054,application_submitted,C0431,J00930,U0942,Hyderabad,Business Analyst
E000456,2026-03-23 23:34:03.243243,company_signup,C0456,,,Bangalore,
E001009,2026-03-24 00:00:00.000000,job_posted,C0445,J00009,,Noida,Software Engineer
E006425,2026-03-24 01:14:35.675675,application_submitted,C0418,J00911,U1055,Gurgaon,HR
E002721,2026-03-24 01:56:45.405405,job_viewed,C0340,J00169,U1168,Noida,Sales
E001856,2026-03-24 02:22:42.162162,job_posted,C0440,J00856,,Delhi,Marketing
E005448,2026-03-24 03:40:32.432432,job_viewed,C0296,J01102,U0235,Mumbai,HR
E000457,2026-03-24 03:53:30.810810,company_signup,C0457,,,Noida,
E002189,2026-03-24 06:42:09.729729,job_posted,C0441,J01189,,Mumbai,HR
E002190,2026-03-24 06:42:09.729729,job_posted,C0441,J01190,,Noida,Business Analyst
E005542,2026-03-24 07:08:06.486486,job_viewed,C0319,J01133,U1744,Gurgaon,Sales
E003457,2026-03-24 08:00:00.000000,job_viewed,C0408,J00408,U0524,Delhi,Software Engineer
E003450,2026-03-24 08:00:00.000000,job_viewed,C0408,J00406,U2074,Delhi,Software Engineer
E003448,2026-03-24 08:00:00.000000,job_viewed,C0408,J00406,U2259,Delhi,Software Engineer
E000458,2026-03-24 08:12:58.378378,company_signup,C0458,,,Lucknow,
E002903,2026-03-24 09:30:48.648648,job_viewed,C0314,J00222,U2121,Delhi,Business Analyst
E004200,2026-03-24 09:43:47.027027,job_viewed,C0364,J00662,U0698,Pune,Sales
E004198,2026-03-24 09:43:47.027027,job_viewed,C0364,J00662,U1801,Pune,Sales
E005717,2026-03-24 10:48:38.918918,job_viewed,C0392,J01185,U2379,Delhi,Business Analyst
E004342,2026-03-24 11:14:35.675675,job_viewed,C0381,J00708,U1451,Delhi,HR
E001931,2026-03-24 11:27:34.054054,job_posted,C0431,J00931,,Gurgaon,HR
E004609,2026-03-24 12:06:29.189189,job_viewed,C0359,J00801,U1827,Pune,Marketing
E003402,2026-03-24 12:19:27.567567,job_viewed,C0409,J00382,U0100,Delhi,HR
E001381,2026-03-24 12:19:27.567567,job_posted,C0409,J00381,,Gurgaon,HR
E003431,2026-03-24 12:19:27.567567,job_viewed,C0298,J00397,U0683,Bangalore,Software Engineer
E000459,2026-03-24 12:32:25.945945,company_signup,C0459,,,Bangalore,
E006353,2026-03-24 12:40:32.432432,application_submitted,C0222,J00815,U0538,Hyderabad,Business Analyst
E001727,2026-03-24 12:45:24.324324,job_posted,C0398,J00727,,Hyderabad,Business Analyst
E002039,2026-03-24 12:58:22.702702,job_posted,C0448,J01039,,Lucknow,Sales
E002837,2026-03-24 13:11:21.081081,job_viewed,C0387,J00198,U1917,Lucknow,Marketing
E002502,2026-03-24 14:29:11.351351,job_viewed,C0354,J00097,U2477,Pune,Software Engineer
E003553,2026-03-24 15:34:03.243243,job_viewed,C0382,J00444,U0214,Bangalore,Data Analyst
E005548,2026-03-24 15:47:01.621621,job_viewed,C0321,J01134,U1840,Gurgaon,Data Analyst
E002668,2026-03-24 16:38:55.135135,job_viewed,C0299,J00151,U2477,Gurgaon,Business Analyst
E000460,2026-03-24 16:51:53.513513,company_signup,C0460,,,Bangalore,
E003049,2026-03-24 18:09:43.783783,job_viewed,C0316,J00270,U2544,Mumbai,Marketing
E004740,2026-03-24 18:35:40.540540,job_viewed,C0305,J00845,U0762,Noida,Software Engineer
E003496,2026-03-24 19:14:35.675675,job_viewed,C0344,J00421,U2992,Noida,Business Analyst
E001019,2026-03-24 19:14:35.675675,job_posted,C0455,J00019,,Mumbai,HR
E001365,2026-03-24 19:53:30.810810,job_posted,C0383,J00365,,Hyderabad,Business Analyst
E005756,2026-03-24 20:06:29.189189,job_viewed,C0322,J01202,U0174,Gurgaon,Software Engineer
E004828,2026-03-24 20:45:24.324324,job_viewed,C0361,J00887,U0086,Gurgaon,Software Engineer
E000461,2026-03-24 21:11:21.081081,company_signup,C0461,,,Mumbai,
E001733,2026-03-24 21:24:19.459459,job_posted,C0400,J00733,,Gurgaon,HR
E001063,2026-03-24 22:03:14.594594,job_posted,C0439,J00063,,Pune,Marketing
E006277,2026-03-24 23:14:35.675675,application_submitted,C0381,J00708,U1451,Delhi,HR
E003386,2026-03-24 23:47:01.621621,job_viewed,C0284,J00376,U1621,Mumbai,HR
E001338,2026-03-25 00:12:58.378378,job_posted,C0384,J00338,,Delhi,Software Engineer
E003264,2026-03-25 00:12:58.378378,job_viewed,C0384,J00340,U2562,Lucknow,Business Analyst
E006635,2026-03-25 00:48:38.918918,application_submitted,C0392,J01185,U2379,Delhi,Business Analyst
E001545,2026-03-25 01:17:50.270270,job_posted,C0412,J00545,,Gurgaon,Software Engineer
E000462,2026-03-25 01:30:48.648648,company_signup,C0462,,,Pune,
E003691,2026-03-25 05:50:16.216216,job_viewed,C0352,J00495,U2811,Gurgaon,Marketing
E000463,2026-03-25 05:50:16.216216,company_signup,C0463,,,Noida,
E005375,2026-03-25 06:03:14.594594,job_viewed,C0402,J01071,U2588,Mumbai,Sales
E005377,2026-03-25 06:03:14.594594,job_viewed,C0402,J01071,U1044,Mumbai,Sales
E003458,2026-03-25 08:00:00.000000,job_viewed,C0408,J00408,U1669,Delhi,Software Engineer
E006547,2026-03-25 08:03:14.594594,application_submitted,C0402,J01071,U1044,Mumbai,Sales
E006078,2026-03-25 09:14:35.675675,application_submitted,C0344,J00421,U2992,Noida,Business Analyst
E006638,2026-03-25 09:48:38.918918,application_submitted,C0392,J01186,U1439,Mumbai,Marketing
E000464,2026-03-25 10:09:43.783783,company_signup,C0464,,,Delhi,
E003432,2026-03-25 12:19:27.567567,job_viewed,C0298,J00397,U2334,Bangalore,Software Engineer
E002591,2026-03-25 14:16:12.972972,job_viewed,C0304,J00133,U2219,Mumbai,Marketing
E002594,2026-03-25 14:16:12.972972,job_viewed,C0304,J00133,U1554,Mumbai,Marketing
E000465,2026-03-25 14:29:11.351351,company_signup,C0465,,,Hyderabad,
E003316,2026-03-25 15:34:03.243243,job_viewed,C0271,J00353,U1472,Mumbai,Business Analyst
E004589,2026-03-25 18:22:42.162162,job_viewed,C0366,J00795,U1695,Hyderabad,Marketing
E001031,2026-03-25 18:35:40.540540,job_posted,C0416,J00031,,Noida,Data Analyst
E000466,2026-03-25 18:48:38.918918,company_signup,C0466,,,Gurgaon,
E005852,2026-03-25 20:16:12.972972,application_submitted,C0304,J00133,U1554,Mumbai,Marketing
E002018,2026-03-25 20:58:22.702702,job_posted,C0411,J01018,,Pune,Marketing
E004090,2026-03-25 21:50:16.216216,job_viewed,C0278,J00627,U2225,Gurgaon,Software Engineer
E003779,2026-03-25 22:42:09.729729,job_viewed,C0367,J00525,U0116,Pune,Marketing
E000467,2026-03-25 23:08:06.486486,company_signup,C0467,,,Lucknow,
E003394,2026-03-25 23:47:01.621621,job_viewed,C0284,J00377,U2004,Gurgaon,Software Engineer
E006647,2026-03-26 00:06:29.189189,application_submitted,C0322,J01202,U0174,Gurgaon,Software Engineer
E003261,2026-03-26 00:12:58.378378,job_viewed,C0384,J00339,U2736,Delhi,HR
E003260,2026-03-26 00:12:58.378378,job_viewed,C0384,J00339,U1615,Delhi,HR
E005529,2026-03-26 02:22:42.162162,job_viewed,C0329,J01129,U1115,Lucknow,Sales
E004736,2026-03-26 02:48:38.918918,job_viewed,C0429,J00844,U0175,Bangalore,HR
E006056,2026-03-26 03:19:27.567567,application_submitted,C0298,J00397,U0683,Bangalore,Software Engineer
E006587,2026-03-26 03:22:42.162162,application_submitted,C0329,J01129,U1115,Lucknow,Sales
E000468,2026-03-26 03:27:34.054054,company_signup,C0468,,,Delhi,
E002689,2026-03-26 06:55:08.108108,job_viewed,C0269,J00158,U0788,Noida,Business Analyst
E002125,2026-03-26 07:34:03.243243,job_posted,C0419,J01125,,Gurgaon,HR
E000469,2026-03-26 07:47:01.621621,company_signup,C0469,,,Pune,
E001049,2026-03-26 09:56:45.405405,job_posted,C0414,J00049,,Mumbai,Software Engineer
E001050,2026-03-26 09:56:45.405405,job_posted,C0414,J00050,,Gurgaon,HR
E004341,2026-03-26 11:14:35.675675,job_viewed,C0381,J00708,U2412,Delhi,HR
E004343,2026-03-26 11:14:35.675675,job_viewed,C0381,J00708,U1849,Delhi,HR
E004943,2026-03-26 11:53:30.810810,job_viewed,C0309,J00927,U2053,Pune,Software Engineer
E000470,2026-03-26 12:06:29.189189,company_signup,C0470,,,Hyderabad,
E005909,2026-03-26 12:11:21.081081,application_submitted,C0387,J00198,U1917,Lucknow,Marketing
E001728,2026-03-26 12:45:24.324324,job_posted,C0398,J00728,,Delhi,Marketing
E005684,2026-03-26 13:24:19.459459,job_viewed,C0326,J01177,U2226,Lucknow,Business Analyst
E003315,2026-03-26 15:34:03.243243,job_viewed,C0271,J00353,U1983,Mumbai,Business Analyst
E005550,2026-03-26 15:47:01.621621,job_viewed,C0321,J01135,U1223,Lucknow,Business Analyst
E003528,2026-03-26 16:00:00.000000,job_viewed,C0260,J00432,U1154,Bangalore,Business Analyst
E000471,2026-03-26 16:25:56.756756,company_signup,C0471,,,Pune,
E004594,2026-03-26 17:56:45.405405,job_viewed,C0266,J00797,U0031,Mumbai,Business Analyst
E000472,2026-03-26 20:45:24.324324,company_signup,C0472,,,Lucknow,
E002019,2026-03-26 20:58:22.702702,job_posted,C0411,J01019,,Noida,Business Analyst
E002400,2026-03-26 22:03:14.594594,job_viewed,C0439,J00063,U0656,Pune,Marketing
E006278,2026-03-26 22:14:35.675675,application_submitted,C0381,J00708,U1849,Delhi,HR
E006048,2026-03-26 22:47:01.621621,application_submitted,C0284,J00376,U1621,Mumbai,HR
E001789,2026-03-26 23:08:06.486486,job_posted,C0467,J00789,,Mumbai,Data Analyst
E003267,2026-03-27 00:12:58.378378,job_viewed,C0384,J00340,U1116,Lucknow,Business Analyst
E000473,2026-03-27 01:04:51.891891,company_signup,C0473,,,Bangalore,
E003842,2026-03-27 01:17:50.270270,job_viewed,C0412,J00545,U2763,Gurgaon,Software Engineer
E005406,2026-03-27 02:35:40.540540,job_viewed,C0379,J01084,U0409,Hyderabad,Business Analyst
E005451,2026-03-27 03:40:32.432432,job_viewed,C0296,J01104,U0272,Noida,Data Analyst
E000474,2026-03-27 05:24:19.459459,company_signup,C0474,,,Hyderabad,
E002477,2026-03-27 05:24:19.459459,job_viewed,C0252,J00089,U0299,Lucknow,Data Analyst
E002453,2026-03-27 07:47:01.621621,job_viewed,C0358,J00083,U2988,Bangalore,Software Engineer
E003459,2026-03-27 08:00:00.000000,job_viewed,C0408,J00408,U2780,Delhi,Software Engineer
E000475,2026-03-27 09:43:47.027027,company_signup,C0475,,,Bangalore,
E006594,2026-03-27 09:47:01.621621,application_submitted,C0321,J01135,U1223,Lucknow,Business Analyst
E004335,2026-03-27 11:14:35.675675,job_viewed,C0381,J00707,U1445,Lucknow,Software Engineer
E006028,2026-03-27 11:34:03.243243,application_submitted,C0271,J00353,U1983,Mumbai,Business Analyst
E004146,2026-03-27 11:40:32.432432,job_viewed,C0370,J00645,U1281,Pune,Marketing
E004152,2026-03-27 11:40:32.432432,job_viewed,C0370,J00646,U0289,Bangalore,Sales
E004147,2026-03-27 11:40:32.432432,job_viewed,C0370,J00645,U0281,Pune,Marketing
E002024,2026-03-27 11:53:30.810810,job_posted,C0420,J01024,,Gurgaon,Software Engineer
E004608,2026-03-27 12:06:29.189189,job_viewed,C0359,J00801,U0382,Pune,Marketing
E004417,2026-03-27 12:45:24.324324,job_viewed,C0398,J00728,U1137,Delhi,Marketing
E002840,2026-03-27 13:11:21.081081,job_viewed,C0387,J00198,U2369,Lucknow,Marketing
E002414,2026-03-27 13:11:21.081081,job_viewed,C0276,J00067,U1712,Bangalore,HR
E002215,2026-03-27 13:37:17.837837,job_viewed,C0265,J00004,U0889,Lucknow,Marketing
E003985,2026-03-27 13:50:16.216216,job_viewed,C0426,J00593,U2002,Lucknow,Marketing
E000476,2026-03-27 14:03:14.594594,company_signup,C0476,,,Lucknow,
E004229,2026-03-27 14:42:09.729729,job_viewed,C0293,J00675,U0257,Mumbai,HR
E001196,2026-03-27 14:42:09.729729,job_posted,C0404,J00196,,Delhi,HR
E006276,2026-03-27 15:14:35.675675,application_submitted,C0381,J00708,U2412,Delhi,HR
E005820,2026-03-27 15:47:01.621621,application_submitted,C0358,J00083,U2988,Bangalore,Software Engineer
E001284,2026-03-27 15:47:01.621621,job_posted,C0432,J00284,,Bangalore,Sales
E002670,2026-03-27 16:38:55.135135,job_viewed,C0299,J00152,U1936,Noida,Sales
E003053,2026-03-27 18:09:43.783783,job_viewed,C0316,J00271,U0990,Lucknow,HR
E000477,2026-03-27 18:22:42.162162,company_signup,C0477,,,Delhi,
E001064,2026-03-27 22:03:14.594594,job_posted,C0439,J00064,,Pune,Business Analyst
E000478,2026-03-27 22:42:09.729729,company_signup,C0478,,,Lucknow,
E001433,2026-03-27 22:55:08.108108,job_posted,C0417,J00433,,Lucknow,Sales
E001220,2026-03-27 23:21:04.864864,job_posted,C0406,J00220,,Mumbai,Data Analyst
E006628,2026-03-27 23:24:19.459459,application_submitted,C0326,J01177,U2226,Lucknow,Business Analyst
E003385,2026-03-27 23:47:01.621621,job_viewed,C0284,J00376,U0822,Mumbai,HR
E003262,2026-03-28 00:12:58.378378,job_viewed,C0384,J00339,U0082,Delhi,HR
E002919,2026-03-28 00:38:55.135135,job_viewed,C0373,J00229,U0408,Noida,Software Engineer
E001405,2026-03-28 00:51:53.513513,job_posted,C0423,J00405,,Bangalore,Data Analyst
E001855,2026-03-28 02:22:42.162162,job_posted,C0440,J00855,,Mumbai,Sales
E005409,2026-03-28 02:35:40.540540,job_viewed,C0379,J01084,U2520,Hyderabad,Business Analyst
E005407,2026-03-28 02:35:40.540540,job_viewed,C0379,J01084,U0084,Hyderabad,Business Analyst
E000479,2026-03-28 03:01:37.297297,company_signup,C0479,,,Delhi,
E005446,2026-03-28 03:40:32.432432,job_viewed,C0296,J01102,U0810,Mumbai,HR
E004870,2026-03-28 04:06:29.189189,job_viewed,C0285,J00899,U1202,Hyderabad,Data Analyst
E004618,2026-03-28 05:37:17.837837,job_viewed,C0413,J00804,U1897,Mumbai,Business Analyst
E005425,2026-03-28 06:03:14.594594,job_viewed,C0291,J01090,U1550,Lucknow,Business Analyst
E002688,2026-03-28 06:55:08.108108,job_viewed,C0269,J00158,U1093,Noida,Business Analyst
E000480,2026-03-28 07:21:04.864864,company_signup,C0480,,,Hyderabad,
E001921,2026-03-28 09:04:51.891891,job_posted,C0436,J00921,,Bangalore,Sales
E002364,2026-03-28 09:56:45.405405,job_viewed,C0414,J00049,U2701,Mumbai,Software Engineer
E005719,2026-03-28 10:48:38.918918,job_viewed,C0392,J01185,U0916,Delhi,Business Analyst
E003061,2026-03-28 11:01:37.297297,job_viewed,C0331,J00273,U0284,Hyderabad,Marketing
E000481,2026-03-28 11:40:32.432432,company_signup,C0481,,,Hyderabad,
E004420,2026-03-28 12:45:24.324324,job_viewed,C0398,J00728,U0929,Delhi,Marketing
E005294,2026-03-28 12:58:22.702702,job_viewed,C0448,J01039,U1784,Lucknow,Sales
E002214,2026-03-28 13:37:17.837837,job_viewed,C0265,J00004,U2837,Lucknow,Marketing
E002515,2026-03-28 14:29:11.351351,job_viewed,C0354,J00099,U0244,Pune,HR
E003135,2026-03-28 15:21:04.864864,job_viewed,C0332,J00302,U1967,Mumbai,Sales
E003530,2026-03-28 16:00:00.000000,job_viewed,C0260,J00432,U2787,Bangalore,Business Analyst
E000482,2026-03-28 16:00:00.000000,company_signup,C0482,,,Noida,
E005969,2026-03-28 16:01:37.297297,application_submitted,C0331,J00273,U0284,Hyderabad,Marketing
E004790,2026-03-28 17:43:47.027027,job_viewed,C0327,J00870,U0019,Bangalore,Sales
E001842,2026-03-28 18:22:42.162162,job_posted,C0477,J00842,,Bangalore,Software Engineer
E001030,2026-03-28 18:35:40.540540,job_posted,C0416,J00030,,Hyderabad,HR
E001032,2026-03-28 18:35:40.540540,job_posted,C0416,J00032,,Gurgaon,Sales
E006294,2026-03-28 18:45:24.324324,application_submitted,C0398,J00728,U0929,Delhi,Marketing
E001252,2026-03-28 19:40:32.432432,job_posted,C0444,J00252,,Bangalore,Data Analyst
E002252,2026-03-28 19:53:30.810810,job_viewed,C0272,J00018,U0655,Pune,Business Analyst
E000483,2026-03-28 20:19:27.567567,company_signup,C0483,,,Pune,
E005246,2026-03-28 20:58:22.702702,job_viewed,C0411,J01019,U2284,Noida,Business Analyst
E002446,2026-03-28 21:37:17.837837,job_viewed,C0339,J00080,U0800,Bangalore,Software Engineer
E001426,2026-03-28 22:29:11.351351,job_posted,C0428,J00426,,Lucknow,HR
E005928,2026-03-28 22:38:55.135135,application_submitted,C0373,J00229,U0408,Noida,Software Engineer
E002028,2026-03-28 22:42:09.729729,job_posted,C0478,J01028,,Noida,Marketing
E004037,2026-03-28 23:47:01.621621,job_viewed,C0395,J00613,U2847,Mumbai,HR
E005489,2026-03-29 00:00:00.000000,job_viewed,C0334,J01119,U1360,Mumbai,Marketing
E000484,2026-03-29 00:38:55.135135,company_signup,C0484,,,Noida,
E006563,2026-03-29 00:40:32.432432,application_submitted,C0296,J01104,U0272,Noida,Data Analyst
E005410,2026-03-29 02:35:40.540540,job_viewed,C0379,J01084,U1448,Hyderabad,Business Analyst
E001349,2026-03-29 03:01:37.297297,job_posted,C0479,J00349,,Gurgaon,HR
E002388,2026-03-29 03:27:34.054054,job_viewed,C0357,J00059,U0887,Mumbai,Sales
E004994,2026-03-29 03:40:32.432432,job_viewed,C0407,J00941,U0069,Bangalore,Marketing
E000485,2026-03-29 04:58:22.702702,company_signup,C0485,,,Pune,
E006452,2026-03-29 05:40:32.432432,application_submitted,C0407,J00941,U0069,Bangalore,Marketing
E003690,2026-03-29 05:50:16.216216,job_viewed,C0352,J00495,U0770,Gurgaon,Marketing
E001040,2026-03-29 06:16:12.972972,job_posted,C0452,J00040,,Bangalore,Data Analyst
E004575,2026-03-29 06:55:08.108108,job_viewed,C0380,J00793,U1687,Mumbai,Data Analyst
E002126,2026-03-29 07:34:03.243243,job_posted,C0419,J01126,,Noida,Business Analyst
E002912,2026-03-29 08:25:56.756756,job_viewed,C0397,J00224,U0092,Gurgaon,Sales
E002490,2026-03-29 09:04:51.891891,job_viewed,C0325,J00093,U0263,Gurgaon,Data Analyst
E003171,2026-03-29 09:17:50.270270,job_viewed,C0375,J00313,U2773,Pune,Business Analyst
E000486,2026-03-29 09:17:50.270270,company_signup,C0486,,,Noida,
E002899,2026-03-29 09:30:48.648648,job_viewed,C0314,J00221,U0152,Bangalore,Data Analyst
E001787,2026-03-29 10:09:43.783783,job_posted,C0464,J00787,,Pune,HR
E001505,2026-03-29 10:35:40.540540,job_posted,C0453,J00505,,Hyderabad,Sales
E005720,2026-03-29 10:48:38.918918,job_viewed,C0392,J01185,U0355,Delhi,Business Analyst
E001929,2026-03-29 11:27:34.054054,job_posted,C0431,J00929,,Lucknow,HR
E004143,2026-03-29 11:40:32.432432,job_viewed,C0370,J00644,U0126,Pune,Marketing
E005255,2026-03-29 11:53:30.810810,job_viewed,C0420,J01024,U1194,Gurgaon,Software Engineer
E004946,2026-03-29 11:53:30.810810,job_viewed,C0309,J00928,U2056,Bangalore,HR
E004613,2026-03-29 12:06:29.189189,job_viewed,C0359,J00801,U0391,Pune,Marketing
E002211,2026-03-29 13:37:17.837837,job_viewed,C0265,J00004,U0250,Lucknow,Marketing
E002216,2026-03-29 13:37:17.837837,job_viewed,C0265,J00004,U2118,Lucknow,Marketing
E000487,2026-03-29 13:37:17.837837,company_signup,C0487,,,Bangalore,
E005926,2026-03-29 15:25:56.756756,application_submitted,C0397,J00224,U0092,Gurgaon,Sales
E001740,2026-03-29 16:00:00.000000,job_posted,C0482,J00740,,Gurgaon,HR
E003526,2026-03-29 16:00:00.000000,job_viewed,C0260,J00432,U0031,Bangalore,Business Analyst
E003888,2026-03-29 16:12:58.378378,job_viewed,C0310,J00561,U2297,Mumbai,Sales
E004596,2026-03-29 17:56:45.405405,job_viewed,C0266,J00797,U0898,Mumbai,Business Analyst
E000488,2026-03-29 17:56:45.405405,company_signup,C0488,,,Hyderabad,
E002305,2026-03-29 18:35:40.540540,job_viewed,C0416,J00031,U2897,Noida,Data Analyst
E006637,2026-03-29 18:48:38.918918,application_submitted,C0392,J01185,U0355,Delhi,Business Analyst
E001251,2026-03-29 19:40:32.432432,job_posted,C0444,J00251,,Gurgaon,Data Analyst
E005757,2026-03-29 20:06:29.189189,job_viewed,C0322,J01202,U1642,Gurgaon,Software Engineer
E001046,2026-03-29 20:19:27.567567,job_posted,C0483,J00046,,Pune,HR
E006047,2026-03-29 20:47:01.621621,application_submitted,C0284,J00376,U0822,Mumbai,HR
E002444,2026-03-29 21:37:17.837837,job_viewed,C0339,J00079,U1379,Gurgaon,Software Engineer
E006232,2026-03-29 21:40:32.432432,application_submitted,C0370,J00644,U0126,Pune,Marketing
E000489,2026-03-29 22:16:12.972972,company_signup,C0489,,,Delhi,
E005804,2026-03-29 23:27:34.054054,application_submitted,C0357,J00059,U0887,Mumbai,Sales
E006085,2026-03-30 00:00:00.000000,application_submitted,C0260,J00432,U0031,Bangalore,Business Analyst
E003254,2026-03-30 00:12:58.378378,job_viewed,C0384,J00338,U0049,Delhi,Software Engineer
E005405,2026-03-30 02:35:40.540540,job_viewed,C0379,J01084,U0731,Hyderabad,Business Analyst
E000490,2026-03-30 02:35:40.540540,company_signup,C0490,,,Pune,
E005761,2026-03-30 02:37:17.837837,application_submitted,C0265,J00004,U2837,Lucknow,Marketing
E003743,2026-03-30 03:01:37.297297,job_viewed,C0368,J00510,U2622,Hyderabad,Sales
E001803,2026-03-30 05:37:17.837837,job_posted,C0413,J00803,,Delhi,Business Analyst
E000491,2026-03-30 06:55:08.108108,company_signup,C0491,,,Lucknow,
E001125,2026-03-30 07:08:06.486486,job_posted,C0430,J00125,,Lucknow,Data Analyst
E002454,2026-03-30 07:47:01.621621,job_viewed,C0358,J00083,U0608,Bangalore,Software Engineer
E002452,2026-03-30 07:47:01.621621,job_viewed,C0358,J00083,U0641,Bangalore,Software Engineer
E001922,2026-03-30 09:04:51.891891,job_posted,C0436,J00922,,Delhi,Data Analyst
E002368,2026-03-30 09:56:45.405405,job_viewed,C0414,J00050,U0841,Gurgaon,HR
E002362,2026-03-30 09:56:45.405405,job_viewed,C0414,J00049,U0045,Mumbai,Software Engineer
E001788,2026-03-30 10:09:43.783783,job_posted,C0464,J00788,,Bangalore,Software Engineer
E001504,2026-03-30 10:35:40.540540,job_posted,C0453,J00504,,Gurgaon,HR
E005721,2026-03-30 10:48:38.918918,job_viewed,C0392,J01185,U1522,Delhi,Business Analyst
E003062,2026-03-30 11:01:37.297297,job_viewed,C0331,J00273,U0099,Hyderabad,Marketing
E000492,2026-03-30 11:14:35.675675,company_signup,C0492,,,Pune,
E004145,2026-03-30 11:40:32.432432,job_viewed,C0370,J00645,U1376,Pune,Marketing
E002115,2026-03-30 12:32:25.945945,job_posted,C0459,J01115,,Mumbai,Sales
E005295,2026-03-30 12:58:22.702702,job_viewed,C0448,J01039,U1287,Lucknow,Sales
E006170,2026-03-30 13:12:58.378378,application_submitted,C0310,J00561,U2297,Mumbai,Sales
E003984,2026-03-30 13:50:16.216216,job_viewed,C0426,J00593,U1130,Lucknow,Marketing
E001490,2026-03-30 14:29:11.351351,job_posted,C0465,J00490,,Bangalore,Data Analyst
E002504,2026-03-30 14:29:11.351351,job_viewed,C0354,J00097,U0313,Pune,Software Engineer
E005816,2026-03-30 14:37:17.837837,application_submitted,C0339,J00080,U0800,Bangalore,Software Engineer
E002833,2026-03-30 14:42:09.729729,job_viewed,C0404,J00197,U2519,Hyderabad,Marketing
E002835,2026-03-30 14:42:09.729729,job_viewed,C0404,J00197,U1302,Hyderabad,Marketing
E005819,2026-03-30 14:47:01.621621,application_submitted,C0358,J00083,U0641,Bangalore,Software Engineer
E002482,2026-03-30 14:55:08.108108,job_viewed,C0343,J00091,U1066,Bangalore,Data Analyst
E003446,2026-03-30 15:08:06.486486,job_viewed,C0393,J00402,U1634,Delhi,Sales
E000493,2026-03-30 15:34:03.243243,company_signup,C0493,,,Delhi,
E003495,2026-03-30 16:12:58.378378,job_viewed,C0421,J00420,U0333,Gurgaon,Software Engineer
E002686,2026-03-30 17:04:51.891891,job_viewed,C0399,J00156,U2669,Hyderabad,Business Analyst
E004598,2026-03-30 17:56:45.405405,job_viewed,C0266,J00797,U1259,Mumbai,Business Analyst
E002261,2026-03-30 19:14:35.675675,job_viewed,C0455,J00019,U2619,Mumbai,HR
E000494,2026-03-30 19:53:30.810810,company_signup,C0494,,,Noida,
E005758,2026-03-30 20:06:29.189189,job_viewed,C0322,J01202,U2124,Gurgaon,Software Engineer
E005877,2026-03-30 21:04:51.891891,application_submitted,C0399,J00156,U2669,Hyderabad,Business Analyst
E001427,2026-03-30 22:29:11.351351,job_posted,C0428,J00427,,Delhi,HR
E005783,2026-03-30 22:35:40.540540,application_submitted,C0416,J00031,U2897,Noida,Data Analyst
E002233,2026-03-31 00:00:00.000000,job_viewed,C0445,J00009,U1626,Noida,Software Engineer
E000495,2026-03-31 00:12:58.378378,company_signup,C0495,,,Pune,
E002413,2026-03-31 00:25:56.756756,job_viewed,C0434,J00066,U0588,Noida,Marketing
E002923,2026-03-31 00:38:55.135135,job_viewed,C0373,J00230,U0487,Noida,Sales
E001404,2026-03-31 00:51:53.513513,job_posted,C0423,J00404,,Mumbai,HR
E003841,2026-03-31 01:17:50.270270,job_viewed,C0412,J00545,U2277,Gurgaon,Software Engineer
E005526,2026-03-31 02:22:42.162162,job_viewed,C0329,J01129,U1204,Lucknow,Sales
E005797,2026-03-31 02:56:45.405405,application_submitted,C0414,J00050,U0841,Gurgaon,HR
E000496,2026-03-31 04:32:25.945945,company_signup,C0496,,,Gurgaon,
E004619,2026-03-31 05:37:17.837837,job_viewed,C0413,J00804,U2551,Mumbai,Business Analyst
E003689,2026-03-31 05:50:16.216216,job_viewed,C0352,J00495,U1483,Gurgaon,Marketing
E005376,2026-03-31 06:03:14.594594,job_viewed,C0402,J01071,U1297,Mumbai,Sales
E001239,2026-03-31 07:21:04.864864,job_posted,C0480,J00239,,Bangalore,Data Analyst
E005516,2026-03-31 07:34:03.243243,job_viewed,C0419,J01125,U2770,Gurgaon,HR
E000497,2026-03-31 08:51:53.513513,company_signup,C0497,,,Bangalore,
E005775,2026-03-31 09:14:35.675675,application_submitted,C0455,J00019,U2619,Mumbai,HR
E002906,2026-03-31 09:30:48.648648,job_viewed,C0314,J00222,U0559,Delhi,Business Analyst
E006338,2026-03-31 09:56:45.405405,application_submitted,C0266,J00797,U0898,Mumbai,Business Analyst
E005716,2026-03-31 10:48:38.918918,job_viewed,C0392,J01185,U2447,Delhi,Business Analyst
E004956,2026-03-31 11:27:34.054054,job_viewed,C0431,J00931,U2904,Gurgaon,HR
E004142,2026-03-31 11:40:32.432432,job_viewed,C0370,J00644,U1344,Pune,Marketing
E004413,2026-03-31 12:45:24.324324,job_viewed,C0398,J00727,U2751,Hyderabad,Business Analyst
E000498,2026-03-31 13:11:21.081081,company_signup,C0498,,,Hyderabad,
E005680,2026-03-31 13:24:19.459459,job_viewed,C0326,J01177,U1622,Lucknow,Business Analyst
E002510,2026-03-31 14:29:11.351351,job_viewed,C0354,J00098,U2548,Noida,Data Analyst
E002483,2026-03-31 14:55:08.108108,job_viewed,C0343,J00091,U2854,Bangalore,Data Analyst
E003555,2026-03-31 15:34:03.243243,job_viewed,C0382,J00445,U0146,Delhi,HR
E003090,2026-03-31 15:47:01.621621,job_viewed,C0432,J00284,U2247,Bangalore,Sales
E001283,2026-03-31 15:47:01.621621,job_posted,C0432,J00283,,Bangalore,Software Engineer
E005436,2026-03-31 16:51:53.513513,job_viewed,C0349,J01095,U1198,Hyderabad,HR
E002687,2026-03-31 17:04:51.891891,job_viewed,C0399,J00156,U2202,Hyderabad,Business Analyst
E002808,2026-03-31 17:17:50.270270,job_viewed,C0338,J00190,U0919,Gurgaon,HR
E002813,2026-03-31 17:17:50.270270,job_viewed,C0338,J00190,U1642,Gurgaon,HR
E000499,2026-03-31 17:30:48.648648,company_signup,C0499,,,Delhi,
E005924,2026-03-31 18:30:48.648648,application_submitted,C0314,J00222,U0559,Delhi,Business Analyst
E002307,2026-03-31 18:35:40.540540,job_viewed,C0416,J00032,U1217,Gurgaon,Sales
E005930,2026-03-31 18:38:55.135135,application_submitted,C0373,J00230,U0487,Noida,Sales
E003355,2026-03-31 19:53:30.810810,job_viewed,C0383,J00364,U1560,Gurgaon,Sales
E004410,2026-03-31 20:32:25.945945,job_viewed,C0311,J00725,U1645,Lucknow,Data Analyst
E001460,2026-03-31 20:45:24.324324,job_posted,C0472,J00460,,Hyderabad,Business Analyst
E005243,2026-03-31 20:58:22.702702,job_viewed,C0411,J01018,U2944,Pune,Marketing
E000500,2026-03-31 21:50:16.216216,company_signup,C0500,,,Hyderabad,
E001542,2026-03-31 22:16:12.972972,job_posted,C0489,J00542,,Pune,Business Analyst
E004034,2026-03-31 23:47:01.621621,job_viewed,C0395,J00612,U0729,Delhi,Business Analyst
E005494,2026-04-01 00:00:00.000000,job_viewed,C0334,J01119,U0697,Mumbai,Marketing
E000501,2026-04-01 02:09:43.783783,company_signup,C0501,,,Gurgaon,
E004762,2026-04-01 02:22:42.162162,job_viewed,C0440,J00855,U2882,Mumbai,Sales
E006339,2026-04-01 02:56:45.405405,application_submitted,C0266,J00797,U1259,Mumbai,Business Analyst
E003298,2026-04-01 03:01:37.297297,job_viewed,C0479,J00349,U0970,Gurgaon,HR
E005979,2026-04-01 04:47:01.621621,application_submitted,C0432,J00284,U2247,Bangalore,Sales
E001836,2026-04-01 05:11:21.081081,job_posted,C0424,J00836,,Delhi,Data Analyst
E004919,2026-04-01 05:11:21.081081,job_viewed,C0313,J00920,U2220,Delhi,Business Analyst
E000502,2026-04-01 06:29:11.351351,company_signup,C0502,,,Pune,
E005544,2026-04-01 07:08:06.486486,job_viewed,C0319,J01133,U1089,Gurgaon,Sales
E002451,2026-04-01 07:47:01.621621,job_viewed,C0358,J00083,U2120,Bangalore,Software Engineer
E002448,2026-04-01 07:47:01.621621,job_viewed,C0358,J00083,U1986,Bangalore,Software Engineer
E003462,2026-04-01 08:00:00.000000,job_viewed,C0408,J00408,U2317,Delhi,Software Engineer
E002913,2026-04-01 08:25:56.756756,job_viewed,C0397,J00224,U2386,Gurgaon,Sales
E001180,2026-04-01 08:51:53.513513,job_posted,C0497,J00180,,Gurgaon,Software Engineer
E006293,2026-04-01 09:45:24.324324,application_submitted,C0398,J00727,U2751,Hyderabad,Business Analyst
E002370,2026-04-01 09:56:45.405405,job_viewed,C0414,J00050,U2630,Gurgaon,HR
E000503,2026-04-01 10:48:38.918918,company_signup,C0503,,,Pune,
E004339,2026-04-01 11:14:35.675675,job_viewed,C0381,J00708,U0912,Delhi,HR
E004948,2026-04-01 11:53:30.810810,job_viewed,C0309,J00928,U2588,Bangalore,HR
E006585,2026-04-01 12:22:42.162162,application_submitted,C0329,J01129,U1204,Lucknow,Sales
E002116,2026-04-01 12:32:25.945945,job_posted,C0459,J01116,,Bangalore,HR
E004422,2026-04-01 12:45:24.324324,job_viewed,C0398,J00728,U1506,Delhi,Marketing
E006193,2026-04-01 12:50:16.216216,application_submitted,C0426,J00593,U1130,Lucknow,Marketing
E001268,2026-04-01 13:11:21.081081,job_posted,C0498,J00268,,Pune,Marketing
E002516,2026-04-01 14:29:11.351351,job_viewed,C0354,J00099,U0422,Pune,HR
E002512,2026-04-01 14:29:11.351351,job_viewed,C0354,J00098,U0622,Noida,Data Analyst
E002830,2026-04-01 14:42:09.729729,job_viewed,C0404,J00197,U2450,Hyderabad,Marketing
E000504,2026-04-01 15:08:06.486486,company_signup,C0504,,,Lucknow,
E006077,2026-04-01 15:12:58.378378,application_submitted,C0421,J00420,U0333,Gurgaon,Software Engineer
E006295,2026-04-01 16:45:24.324324,application_submitted,C0398,J00728,U1506,Delhi,Marketing
E004794,2026-04-01 17:43:47.027027,job_viewed,C0327,J00871,U2397,Lucknow,HR
E006125,2026-04-01 17:50:16.216216,application_submitted,C0352,J00495,U1483,Gurgaon,Marketing
E004588,2026-04-01 18:22:42.162162,job_viewed,C0366,J00795,U2373,Hyderabad,Marketing
E004212,2026-04-01 18:48:38.918918,job_viewed,C0355,J00667,U0604,Hyderabad,Data Analyst
E000505,2026-04-01 19:27:34.054054,company_signup,C0505,,,Gurgaon,
E005108,2026-04-01 19:27:34.054054,job_viewed,C0283,J00981,U0704,Bangalore,Marketing
E001250,2026-04-01 19:40:32.432432,job_posted,C0444,J00250,,Mumbai,Marketing
E002355,2026-04-01 20:19:27.567567,job_viewed,C0483,J00046,U0228,Pune,HR
E005242,2026-04-01 20:58:22.702702,job_viewed,C0411,J01018,U1926,Pune,Marketing
E001065,2026-04-01 22:03:14.594594,job_posted,C0439,J00065,,Mumbai,Sales
E005049,2026-04-01 23:08:06.486486,job_viewed,C0356,J00959,U0399,Noida,HR
E002891,2026-04-01 23:21:04.864864,job_viewed,C0406,J00219,U0728,Gurgaon,Software Engineer
E003393,2026-04-01 23:47:01.621621,job_viewed,C0284,J00377,U2543,Gurgaon,Software Engineer
E003392,2026-04-01 23:47:01.621621,job_viewed,C0284,J00377,U2919,Gurgaon,Software Engineer
E000506,2026-04-01 23:47:01.621621,company_signup,C0506,,,Delhi,
E001384,2026-04-02 01:56:45.405405,job_posted,C0451,J00384,,Noida,Sales
E000507,2026-04-02 04:06:29.189189,company_signup,C0507,,,Lucknow,
E005902,2026-04-02 04:17:50.270270,application_submitted,C0338,J00190,U1642,Gurgaon,HR
E004006,2026-04-02 06:16:12.972972,job_viewed,C0341,J00602,U0890,Mumbai,Business Analyst
E004008,2026-04-02 06:16:12.972972,job_viewed,C0341,J00602,U0802,Mumbai,Business Analyst
E002191,2026-04-02 06:42:09.729729,job_posted,C0441,J01191,,Delhi,Software Engineer
E001126,2026-04-02 07:08:06.486486,job_posted,C0430,J00126,,Hyderabad,Data Analyst
E003456,2026-04-02 08:00:00.000000,job_viewed,C0408,J00408,U0791,Delhi,Software Engineer
E006388,2026-04-02 08:22:42.162162,application_submitted,C0440,J00855,U2882,Mumbai,Sales
E000508,2026-04-02 08:25:56.756756,company_signup,C0508,,,Bangalore,
E001923,2026-04-02 09:04:51.891891,job_posted,C0436,J00923,,Noida,Business Analyst
E004196,2026-04-02 09:43:47.027027,job_viewed,C0364,J00662,U1258,Pune,Sales
E004204,2026-04-02 09:43:47.027027,job_viewed,C0364,J00664,U0353,Bangalore,Software Engineer
E002369,2026-04-02 09:56:45.405405,job_viewed,C0414,J00050,U1939,Gurgaon,HR
E006244,2026-04-02 10:43:47.027027,application_submitted,C0364,J00662,U1258,Pune,Sales
E005718,2026-04-02 10:48:38.918918,job_viewed,C0392,J01185,U2528,Delhi,Business Analyst
E004949,2026-04-02 11:27:34.054054,job_viewed,C0431,J00929,U2688,Lucknow,HR
E004151,2026-04-02 11:40:32.432432,job_viewed,C0370,J00646,U2482,Bangalore,Sales
E004947,2026-04-02 11:53:30.810810,job_viewed,C0309,J00928,U2984,Bangalore,HR
E005795,2026-04-02 12:19:27.567567,application_submitted,C0483,J00046,U0228,Pune,HR
E000509,2026-04-02 12:45:24.324324,company_signup,C0509,,,Lucknow,
E005798,2026-04-02 12:56:45.405405,application_submitted,C0414,J00050,U1939,Gurgaon,HR
E002832,2026-04-02 14:42:09.729729,job_viewed,C0404,J00197,U1318,Hyderabad,Marketing
E001656,2026-04-02 15:34:03.243243,job_posted,C0493,J00656,,Pune,Business Analyst
E003087,2026-04-02 15:47:01.621621,job_viewed,C0432,J00284,U0919,Bangalore,Sales
E003893,2026-04-02 16:12:58.378378,job_viewed,C0310,J00562,U2224,Hyderabad,Software Engineer
E005438,2026-04-02 16:51:53.513513,job_viewed,C0349,J01095,U0502,Hyderabad,HR
E000510,2026-04-02 17:04:51.891891,company_signup,C0510,,,Mumbai,
E006066,2026-04-02 18:00:00.000000,application_submitted,C0408,J00408,U2317,Delhi,Software Engineer
E004587,2026-04-02 18:22:42.162162,job_viewed,C0366,J00795,U1199,Hyderabad,Marketing
E005112,2026-04-02 19:27:34.054054,job_viewed,C0283,J00981,U1274,Bangalore,Marketing
E001201,2026-04-02 19:53:30.810810,job_posted,C0494,J00201,,Noida,Sales
E003586,2026-04-02 20:45:24.324324,job_viewed,C0472,J00460,U2991,Hyderabad,Business Analyst
E006636,2026-04-02 20:48:38.918918,application_submitted,C0392,J01185,U2528,Delhi,Business Analyst
E000511,2026-04-02 21:24:19.459459,company_signup,C0511,,,Delhi,
E006573,2026-04-02 23:00:00.000000,application_submitted,C0334,J01119,U0697,Mumbai,Marketing
E004563,2026-04-02 23:08:06.486486,job_viewed,C0467,J00789,U0529,Mumbai,Data Analyst
E001411,2026-04-03 00:12:58.378378,job_posted,C0495,J00411,,Pune,Sales
E003257,2026-04-03 00:12:58.378378,job_viewed,C0384,J00339,U1190,Delhi,HR
E003868,2026-04-03 01:04:51.891891,job_viewed,C0362,J00552,U1070,Bangalore,Sales
E000512,2026-04-03 01:43:47.027027,company_signup,C0512,,,Mumbai,
E001904,2026-04-03 02:09:43.783783,job_posted,C0501,J00904,,Bangalore,Sales
E005530,2026-04-03 02:22:42.162162,job_viewed,C0329,J01129,U1980,Lucknow,Sales
E003299,2026-04-03 03:01:37.297297,job_viewed,C0479,J00349,U1006,Gurgaon,HR
E004995,2026-04-03 03:40:32.432432,job_viewed,C0407,J00941,U1584,Bangalore,Marketing
E005817,2026-04-03 03:47:01.621621,application_submitted,C0358,J00083,U1986,Bangalore,Software Engineer
E001261,2026-04-03 04:32:25.945945,job_posted,C0496,J00261,,Gurgaon,Business Analyst
E004710,2026-04-03 05:11:21.081081,job_viewed,C0424,J00836,U2950,Delhi,Data Analyst
E000513,2026-04-03 06:03:14.594594,company_signup,C0513,,,Gurgaon,
E005731,2026-04-03 06:42:09.729729,job_viewed,C0441,J01191,U2697,Delhi,Software Engineer
E004576,2026-04-03 06:55:08.108108,job_viewed,C0380,J00793,U0302,Mumbai,Data Analyst
E001240,2026-04-03 07:21:04.864864,job_posted,C0480,J00240,,Delhi,Marketing
E003453,2026-04-03 08:00:00.000000,job_viewed,C0408,J00406,U2730,Delhi,Software Engineer
E002492,2026-04-03 09:04:51.891891,job_viewed,C0325,J00093,U1945,Gurgaon,Data Analyst
E004923,2026-04-03 09:04:51.891891,job_viewed,C0436,J00921,U0280,Bangalore,Sales
E006368,2026-04-03 09:11:21.081081,application_submitted,C0424,J00836,U2950,Delhi,Data Analyst
E003172,2026-04-03 09:17:50.270270,job_viewed,C0375,J00313,U2157,Pune,Business Analyst
E003423,2026-04-03 10:09:43.783783,job_viewed,C0353,J00394,U1165,Mumbai,HR
E000514,2026-04-03 10:22:42.162162,company_signup,C0514,,,Noida,
E005115,2026-04-03 10:22:42.162162,job_viewed,C0292,J00983,U1189,Lucknow,Data Analyst
E005907,2026-04-03 10:42:09.729729,application_submitted,C0404,J00197,U2450,Hyderabad,Marketing
E005725,2026-04-03 10:48:38.918918,job_viewed,C0392,J01186,U1422,Mumbai,Marketing
E001519,2026-04-03 11:01:37.297297,job_posted,C0442,J00519,,Pune,Data Analyst
E004150,2026-04-03 11:40:32.432432,job_viewed,C0370,J00646,U0521,Bangalore,Sales
E006639,2026-04-03 11:48:38.918918,application_submitted,C0392,J01186,U1422,Mumbai,Marketing
E002038,2026-04-03 12:58:22.702702,job_posted,C0448,J01038,,Lucknow,Sales
E001489,2026-04-03 14:29:11.351351,job_posted,C0465,J00489,,Noida,Business Analyst
E000515,2026-04-03 14:42:09.729729,company_signup,C0515,,,Mumbai,
E004230,2026-04-03 14:42:09.729729,job_viewed,C0293,J00675,U0871,Mumbai,HR
E002823,2026-04-03 14:42:09.729729,job_viewed,C0404,J00196,U0083,Delhi,HR
E003442,2026-04-03 15:08:06.486486,job_viewed,C0393,J00402,U0278,Delhi,Sales
E003086,2026-04-03 15:47:01.621621,job_viewed,C0432,J00284,U0561,Bangalore,Sales
E004959,2026-04-03 16:00:00.000000,job_viewed,C0371,J00932,U2745,Gurgaon,Sales
E004961,2026-04-03 16:00:00.000000,job_viewed,C0371,J00932,U2704,Gurgaon,Sales
E006197,2026-04-03 16:16:12.972972,application_submitted,C0341,J00602,U0890,Mumbai,Business Analyst
E000516,2026-04-03 19:01:37.297297,company_signup,C0516,,,Bangalore,
E003499,2026-04-03 19:14:35.675675,job_viewed,C0344,J00421,U1198,Noida,Business Analyst
E003353,2026-04-03 19:53:30.810810,job_viewed,C0383,J00364,U2893,Gurgaon,Sales
E002359,2026-04-03 20:19:27.567567,job_viewed,C0483,J00046,U2075,Pune,HR
E001048,2026-04-03 20:19:27.567567,job_posted,C0483,J00048,,Gurgaon,Software Engineer
E002354,2026-04-03 20:19:27.567567,job_viewed,C0483,J00046,U2845,Pune,HR
E004826,2026-04-03 20:45:24.324324,job_viewed,C0361,J00887,U1258,Gurgaon,Software Engineer
E002398,2026-04-03 22:03:14.594594,job_viewed,C0439,J00063,U2843,Pune,Marketing
E000517,2026-04-03 23:21:04.864864,company_signup,C0517,,,Lucknow,
E004036,2026-04-03 23:47:01.621621,job_viewed,C0395,J00612,U0668,Delhi,Business Analyst
E005488,2026-04-04 00:00:00.000000,job_viewed,C0334,J01119,U0071,Mumbai,Marketing
E002231,2026-04-04 00:00:00.000000,job_viewed,C0445,J00009,U2012,Noida,Software Engineer
E003269,2026-04-04 00:12:58.378378,job_viewed,C0384,J00340,U2708,Lucknow,Business Analyst
E003265,2026-04-04 00:12:58.378378,job_viewed,C0384,J00340,U2729,Lucknow,Business Analyst
E001946,2026-04-04 01:30:48.648648,job_posted,C0462,J00946,,Hyderabad,Data Analyst
E006040,2026-04-04 01:53:30.810810,application_submitted,C0383,J00364,U2893,Gurgaon,Sales
E004765,2026-04-04 02:22:42.162162,job_viewed,C0440,J00856,U2090,Delhi,Marketing
E005527,2026-04-04 02:22:42.162162,job_viewed,C0329,J01129,U2824,Lucknow,Sales
E004731,2026-04-04 02:48:38.918918,job_viewed,C0429,J00843,U2049,Mumbai,Data Analyst
E006586,2026-04-04 03:22:42.162162,application_submitted,C0329,J01129,U2824,Lucknow,Sales
E000518,2026-04-04 03:40:32.432432,company_signup,C0518,,,Noida,
E004869,2026-04-04 04:06:29.189189,job_viewed,C0285,J00899,U2728,Hyderabad,Data Analyst
E004714,2026-04-04 05:11:21.081081,job_viewed,C0424,J00836,U0416,Delhi,Data Analyst
E003687,2026-04-04 05:50:16.216216,job_viewed,C0352,J00495,U1795,Gurgaon,Marketing
E005379,2026-04-04 06:03:14.594594,job_viewed,C0402,J01071,U0307,Mumbai,Sales
E002450,2026-04-04 07:47:01.621621,job_viewed,C0358,J00083,U2779,Bangalore,Software Engineer
E000519,2026-04-04 08:00:00.000000,company_signup,C0519,,,Lucknow,
E003452,2026-04-04 08:00:00.000000,job_viewed,C0408,J00406,U1920,Delhi,Software Engineer
E004922,2026-04-04 09:04:51.891891,job_viewed,C0436,J00921,U2925,Bangalore,Sales
E004203,2026-04-04 09:43:47.027027,job_viewed,C0364,J00664,U0774,Bangalore,Software Engineer
E004955,2026-04-04 11:27:34.054054,job_viewed,C0431,J00930,U2224,Hyderabad,Business Analyst
E000520,2026-04-04 12:19:27.567567,company_signup,C0520,,,Mumbai,
E004426,2026-04-04 12:45:24.324324,job_viewed,C0398,J00729,U0528,Mumbai,HR
E005689,2026-04-04 13:24:19.459459,job_viewed,C0326,J01178,U0330,Lucknow,Data Analyst
E001069,2026-04-04 13:37:17.837837,job_posted,C0487,J00069,,Gurgaon,Data Analyst
E006207,2026-04-04 14:47:01.621621,application_submitted,C0395,J00612,U0668,Delhi,Business Analyst
E004458,2026-04-04 16:00:00.000000,job_viewed,C0482,J00740,U2748,Gurgaon,HR
E000521,2026-04-04 16:38:55.135135,company_signup,C0521,,,Lucknow,
E005678,2026-04-04 16:38:55.135135,job_viewed,C0410,J01176,U2892,Mumbai,Sales
E002809,2026-04-04 17:17:50.270270,job_viewed,C0338,J00190,U0499,Gurgaon,HR
E006588,2026-04-04 17:22:42.162162,application_submitted,C0329,J01129,U1980,Lucknow,Sales
E004793,2026-04-04 17:43:47.027027,job_viewed,C0327,J00871,U2743,Lucknow,HR
E006440,2026-04-04 18:00:00.000000,application_submitted,C0371,J00932,U2704,Gurgaon,Sales
E002303,2026-04-04 18:35:40.540540,job_viewed,C0416,J00031,U0811,Noida,Data Analyst
E003497,2026-04-04 19:14:35.675675,job_viewed,C0344,J00421,U1430,Noida,Business Analyst
E001008,2026-04-04 19:27:34.054054,job_posted,C0505,J00008,,Bangalore,Software Engineer
E002991,2026-04-04 19:40:32.432432,job_viewed,C0444,J00251,U1270,Gurgaon,Data Analyst
E006400,2026-04-04 19:43:47.027027,application_submitted,C0327,J00871,U2743,Lucknow,HR
E004829,2026-04-04 20:45:24.324324,job_viewed,C0361,J00888,U2904,Pune,Software Engineer
E000522,2026-04-04 20:58:22.702702,company_signup,C0522,,,Gurgaon,
E002404,2026-04-04 22:03:14.594594,job_viewed,C0439,J00064,U1761,Pune,Business Analyst
E001790,2026-04-04 23:08:06.486486,job_posted,C0467,J00790,,Mumbai,Marketing
E002232,2026-04-05 00:00:00.000000,job_viewed,C0445,J00009,U0844,Noida,Software Engineer
E005805,2026-04-05 01:03:14.594594,application_submitted,C0439,J00063,U2843,Pune,Marketing
E000523,2026-04-05 01:17:50.270270,company_signup,C0523,,,Noida,
E005525,2026-04-05 02:22:42.162162,job_viewed,C0329,J01129,U2802,Lucknow,Sales
E003744,2026-04-05 03:01:37.297297,job_viewed,C0368,J00510,U0090,Hyderabad,Sales
E006061,2026-04-05 03:08:06.486486,application_submitted,C0393,J00402,U0278,Delhi,Sales
E005059,2026-04-05 04:06:29.189189,job_viewed,C0396,J00964,U2612,Mumbai,Data Analyst
E004617,2026-04-05 05:37:17.837837,job_viewed,C0413,J00804,U2893,Mumbai,Business Analyst
E000524,2026-04-05 05:37:17.837837,company_signup,C0524,,,Gurgaon,
E005380,2026-04-05 06:03:14.594594,job_viewed,C0402,J01071,U0136,Mumbai,Sales
E004007,2026-04-05 06:16:12.972972,job_viewed,C0341,J00602,U2313,Mumbai,Business Analyst
E001894,2026-04-05 07:47:01.621621,job_posted,C0469,J00894,,Delhi,Software Engineer
E001879,2026-04-05 08:00:00.000000,job_posted,C0519,J00879,,Hyderabad,Business Analyst
E003808,2026-04-05 08:38:55.135135,job_viewed,C0336,J00531,U1696,Noida,Business Analyst
E003165,2026-04-05 09:17:50.270270,job_viewed,C0375,J00312,U1303,Noida,Data Analyst
E001912,2026-04-05 09:43:47.027027,job_posted,C0475,J00912,,Noida,Marketing
E000525,2026-04-05 09:56:45.405405,company_signup,C0525,,,Mumbai,
E001060,2026-04-05 10:22:42.162162,job_posted,C0514,J00060,,Noida,HR
E006064,2026-04-05 11:00:00.000000,application_submitted,C0408,J00406,U1920,Delhi,Software Engineer
E001701,2026-04-05 11:14:35.675675,job_posted,C0492,J00701,,Delhi,HR
E004610,2026-04-05 12:06:29.189189,job_viewed,C0359,J00801,U1549,Pune,Marketing
E004427,2026-04-05 12:45:24.324324,job_viewed,C0398,J00729,U1709,Mumbai,HR
E001070,2026-04-05 13:37:17.837837,job_posted,C0487,J00070,,Hyderabad,Data Analyst
E006250,2026-04-05 13:42:09.729729,application_submitted,C0293,J00675,U0871,Mumbai,HR
E000526,2026-04-05 14:16:12.972972,company_signup,C0526,,,Gurgaon,
E002829,2026-04-05 14:42:09.729729,job_viewed,C0404,J00196,U2602,Delhi,HR
E002193,2026-04-05 15:08:06.486486,job_posted,C0504,J01193,,Noida,HR
E004960,2026-04-05 16:00:00.000000,job_viewed,C0371,J00932,U0419,Gurgaon,Sales
E006406,2026-04-05 16:45:24.324324,application_submitted,C0361,J00887,U1258,Gurgaon,Software Engineer
E005437,2026-04-05 16:51:53.513513,job_viewed,C0349,J01095,U1488,Hyderabad,HR
E005435,2026-04-05 16:51:53.513513,job_viewed,C0349,J01095,U1773,Hyderabad,HR
E001822,2026-04-05 17:04:51.891891,job_posted,C0510,J00822,,Noida,Data Analyst
E004798,2026-04-05 17:43:47.027027,job_viewed,C0327,J00871,U2940,Lucknow,HR
E004729,2026-04-05 18:22:42.162162,job_viewed,C0477,J00842,U2939,Bangalore,Software Engineer
E000527,2026-04-05 18:35:40.540540,company_signup,C0527,,,Bangalore,
E004827,2026-04-05 20:45:24.324324,job_viewed,C0361,J00887,U1275,Gurgaon,Software Engineer
E006390,2026-04-05 21:22:42.162162,application_submitted,C0440,J00856,U2090,Delhi,Marketing
E002037,2026-04-05 21:50:16.216216,job_posted,C0500,J01037,,Lucknow,Business Analyst
E006305,2026-04-05 22:00:00.000000,application_submitted,C0482,J00740,U2748,Gurgaon,HR
E002406,2026-04-05 22:03:14.594594,job_viewed,C0439,J00064,U1398,Pune,Business Analyst
E006017,2026-04-05 22:12:58.378378,application_submitted,C0384,J00340,U2729,Lucknow,Business Analyst
E000528,2026-04-05 22:55:08.108108,company_signup,C0528,,,Mumbai,
E006469,2026-04-05 23:06:29.189189,application_submitted,C0396,J00964,U2612,Mumbai,Data Analyst
E005046,2026-04-05 23:08:06.486486,job_viewed,C0356,J00959,U1815,Noida,HR
E001738,2026-04-05 23:34:03.243243,job_posted,C0456,J00738,,Pune,HR
E002922,2026-04-06 00:38:55.135135,job_viewed,C0373,J00229,U1142,Noida,Software Engineer
E001383,2026-04-06 01:56:45.405405,job_posted,C0451,J00383,,Lucknow,HR
E001348,2026-04-06 03:01:37.297297,job_posted,C0479,J00348,,Pune,HR
E000529,2026-04-06 03:14:35.675675,company_signup,C0529,,,Mumbai,
E001574,2026-04-06 04:06:29.189189,job_posted,C0507,J00574,,Lucknow,HR
E004577,2026-04-06 06:55:08.108108,job_viewed,C0380,J00793,U1421,Mumbai,Data Analyst
E001086,2026-04-06 06:55:08.108108,job_posted,C0491,J00086,,Pune,Marketing
E002578,2026-04-06 07:08:06.486486,job_viewed,C0430,J00126,U1715,Hyderabad,Data Analyst
E002953,2026-04-06 07:21:04.864864,job_viewed,C0480,J00239,U2132,Bangalore,Data Analyst
E000530,2026-04-06 07:34:03.243243,company_signup,C0530,,,Mumbai,
E001412,2026-04-06 09:17:50.270270,job_posted,C0486,J00412,,Gurgaon,Sales
E002365,2026-04-06 09:56:45.405405,job_viewed,C0414,J00049,U0830,Mumbai,Software Engineer
E002392,2026-04-06 10:22:42.162162,job_viewed,C0514,J00060,U0559,Noida,HR
E005906,2026-04-06 10:42:09.729729,application_submitted,C0404,J00196,U2602,Delhi,HR
E000531,2026-04-06 11:53:30.810810,company_signup,C0531,,,Delhi,
E002419,2026-04-06 13:37:17.837837,job_viewed,C0487,J00069,U0527,Gurgaon,Data Analyst
E002506,2026-04-06 14:29:11.351351,job_viewed,C0354,J00097,U1491,Pune,Software Engineer
E001025,2026-04-06 14:55:08.108108,job_posted,C0454,J00025,,Mumbai,HR
E005807,2026-04-06 15:03:14.594594,application_submitted,C0439,J00064,U1398,Pune,Business Analyst
E005545,2026-04-06 15:47:01.621621,job_viewed,C0321,J01134,U1199,Gurgaon,Data Analyst
E006331,2026-04-06 15:55:08.108108,application_submitted,C0380,J00793,U1421,Mumbai,Data Analyst
E004457,2026-04-06 16:00:00.000000,job_viewed,C0482,J00740,U1593,Gurgaon,HR
E000532,2026-04-06 16:12:58.378378,company_signup,C0532,,,Lucknow,
E001176,2026-04-06 16:25:56.756756,job_posted,C0471,J00176,,Pune,HR
E002685,2026-04-06 17:04:51.891891,job_viewed,C0399,J00156,U0516,Hyderabad,Business Analyst
E000533,2026-04-06 20:32:25.945945,company_signup,C0533,,,Delhi,
E003585,2026-04-06 20:45:24.324324,job_viewed,C0472,J00460,U2861,Hyderabad,Business Analyst
E006584,2026-04-06 21:22:42.162162,application_submitted,C0329,J01129,U2802,Lucknow,Sales
E002036,2026-04-06 21:50:16.216216,job_posted,C0500,J01036,,Noida,Marketing
E001360,2026-04-06 22:55:08.108108,job_posted,C0528,J00360,,Bangalore,HR
E004561,2026-04-06 23:08:06.486486,job_viewed,C0467,J00789,U0188,Mumbai,Data Analyst
E005050,2026-04-06 23:08:06.486486,job_viewed,C0356,J00959,U0105,Noida,HR
E003258,2026-04-07 00:12:58.378378,job_viewed,C0384,J00339,U2421,Delhi,HR
E003266,2026-04-07 00:12:58.378378,job_viewed,C0384,J00340,U1851,Lucknow,Business Analyst
E000534,2026-04-07 00:51:53.513513,company_signup,C0534,,,Delhi,
E001947,2026-04-07 01:30:48.648648,job_posted,C0462,J00947,,Gurgaon,Sales
E001903,2026-04-07 02:09:43.783783,job_posted,C0501,J00903,,Delhi,Software Engineer
E004894,2026-04-07 03:14:35.675675,job_viewed,C0418,J00911,U0247,Gurgaon,HR
E002201,2026-04-07 03:27:34.054054,job_posted,C0468,J01201,,Delhi,Marketing
E006548,2026-04-07 05:03:14.594594,application_submitted,C0402,J01071,U0136,Mumbai,Sales
E000535,2026-04-07 05:11:21.081081,company_signup,C0535,,,Bangalore,
E001670,2026-04-07 07:34:03.243243,job_posted,C0530,J00670,,Gurgaon,Software Engineer
E006401,2026-04-07 07:43:47.027027,application_submitted,C0327,J00871,U2940,Lucknow,HR
E003460,2026-04-07 08:00:00.000000,job_viewed,C0408,J00408,U1306,Delhi,Software Engineer
E002908,2026-04-07 08:25:56.756756,job_viewed,C0397,J00224,U0531,Gurgaon,Sales
E004927,2026-04-07 09:04:51.891891,job_viewed,C0436,J00923,U1461,Noida,Business Analyst
E000536,2026-04-07 09:30:48.648648,company_signup,C0536,,,Noida,
E002395,2026-04-07 10:22:42.162162,job_viewed,C0514,J00060,U1642,Noida,HR
E004144,2026-04-07 11:40:32.432432,job_viewed,C0370,J00644,U1726,Pune,Marketing
E001255,2026-04-07 11:53:30.810810,job_posted,C0531,J00255,,Hyderabad,HR
E004428,2026-04-07 12:45:24.324324,job_viewed,C0398,J00729,U1407,Mumbai,HR
E000537,2026-04-07 13:50:16.216216,company_signup,C0537,,,Lucknow,
E002503,2026-04-07 14:29:11.351351,job_viewed,C0354,J00097,U0747,Pune,Software Engineer
E006018,2026-04-07 15:12:58.378378,application_submitted,C0384,J00340,U1851,Lucknow,Business Analyst
E003554,2026-04-07 15:34:03.243243,job_viewed,C0382,J00445,U0978,Delhi,HR
E005679,2026-04-07 16:38:55.135135,job_viewed,C0410,J01176,U2058,Mumbai,Sales
E001960,2026-04-07 16:51:53.513513,job_posted,C0460,J00960,,Noida,Sales
E004799,2026-04-07 17:43:47.027027,job_viewed,C0327,J00871,U1670,Lucknow,HR
E000538,2026-04-07 18:09:43.783783,company_signup,C0538,,,Gurgaon,
E004591,2026-04-07 18:22:42.162162,job_viewed,C0366,J00795,U0044,Hyderabad,Marketing
E002989,2026-04-07 19:40:32.432432,job_viewed,C0444,J00251,U1153,Gurgaon,Data Analyst
E001047,2026-04-07 20:19:27.567567,job_posted,C0483,J00047,,Noida,Software Engineer
E001610,2026-04-07 20:32:25.945945,job_posted,C0533,J00610,,Lucknow,HR
E000539,2026-04-07 22:29:11.351351,company_signup,C0539,,,Pune,
E004571,2026-04-07 23:08:06.486486,job_viewed,C0467,J00790,U2515,Mumbai,Marketing
E003263,2026-04-08 00:12:58.378378,job_viewed,C0384,J00339,U2273,Delhi,HR
E005951,2026-04-08 01:40:32.432432,application_submitted,C0444,J00251,U1153,Gurgaon,Data Analyst
E001033,2026-04-08 01:43:47.027027,job_posted,C0512,J00033,,Pune,Software Engineer
E000540,2026-04-08 02:48:38.918918,company_signup,C0540,,,Mumbai,
E003293,2026-04-08 03:01:37.297297,job_viewed,C0479,J00348,U1212,Pune,HR
E001747,2026-04-08 03:14:35.675675,job_posted,C0529,J00747,,Gurgaon,Marketing
E004614,2026-04-08 05:37:17.837837,job_viewed,C0413,J00803,U1927,Delhi,Business Analyst
E001314,2026-04-08 05:50:16.216216,job_posted,C0463,J00314,,Gurgaon,Data Analyst
E000541,2026-04-08 07:08:06.486486,company_signup,C0541,,,Gurgaon,
E002574,2026-04-08 07:08:06.486486,job_viewed,C0430,J00126,U0589,Hyderabad,Data Analyst
E003449,2026-04-08 08:00:00.000000,job_viewed,C0408,J00406,U0923,Delhi,Software Engineer
E005831,2026-04-08 08:29:11.351351,application_submitted,C0354,J00097,U1491,Pune,Software Engineer
E006023,2026-04-08 09:01:37.297297,application_submitted,C0479,J00348,U1212,Pune,HR
E003719,2026-04-08 10:35:40.540540,job_viewed,C0453,J00504,U1825,Gurgaon,HR
E005722,2026-04-08 10:48:38.918918,job_viewed,C0392,J01185,U2338,Delhi,Business Analyst
E000542,2026-04-08 11:27:34.054054,company_signup,C0542,,,Mumbai,
E003678,2026-04-08 14:29:11.351351,job_viewed,C0465,J00490,U1328,Bangalore,Data Analyst
E002831,2026-04-08 14:42:09.729729,job_viewed,C0404,J00197,U0122,Hyderabad,Marketing
E003137,2026-04-08 15:21:04.864864,job_viewed,C0332,J00302,U0019,Mumbai,Sales
E001657,2026-04-08 15:34:03.243243,job_posted,C0493,J00657,,Delhi,Sales
E000543,2026-04-08 15:47:01.621621,company_signup,C0543,,,Bangalore,
E001739,2026-04-08 16:00:00.000000,job_posted,C0482,J00739,,Bangalore,Data Analyst
E006092,2026-04-08 16:34:03.243243,application_submitted,C0382,J00445,U0978,Delhi,HR
E002810,2026-04-08 17:17:50.270270,job_viewed,C0338,J00190,U0866,Gurgaon,HR
E002811,2026-04-08 17:17:50.270270,job_viewed,C0338,J00190,U1859,Gurgaon,HR
E002310,2026-04-08 18:35:40.540540,job_viewed,C0416,J00032,U0973,Gurgaon,Sales
E000544,2026-04-08 20:06:29.189189,company_signup,C0544,,,Mumbai,
E002358,2026-04-08 20:19:27.567567,job_viewed,C0483,J00046,U0064,Pune,HR
E002009,2026-04-08 20:58:22.702702,job_posted,C0522,J01009,,Delhi,Business Analyst
E003782,2026-04-08 22:42:09.729729,job_viewed,C0367,J00525,U1342,Pune,Marketing
E005273,2026-04-08 22:42:09.729729,job_viewed,C0478,J01028,U2940,Noida,Marketing
E002029,2026-04-08 22:42:09.729729,job_posted,C0478,J01029,,Pune,Software Engineer
E003334,2026-04-08 22:55:08.108108,job_viewed,C0528,J00360,U2585,Bangalore,HR
E004560,2026-04-08 23:08:06.486486,job_viewed,C0467,J00789,U1655,Mumbai,Data Analyst
E002890,2026-04-08 23:21:04.864864,job_viewed,C0406,J00219,U0609,Gurgaon,Software Engineer
E002895,2026-04-08 23:21:04.864864,job_viewed,C0406,J00219,U2884,Gurgaon,Software Engineer
E000545,2026-04-09 00:25:56.756756,company_signup,C0545,,,Delhi,
E001334,2026-04-09 00:38:55.135135,job_posted,C0484,J00334,,Mumbai,Data Analyst
E001358,2026-04-09 01:04:51.891891,job_posted,C0473,J00358,,Hyderabad,Sales
E001101,2026-04-09 01:17:50.270270,job_posted,C0523,J00101,,Hyderabad,Data Analyst
E004764,2026-04-09 02:22:42.162162,job_viewed,C0440,J00856,U0950,Delhi,Marketing
E004992,2026-04-09 03:40:32.432432,job_viewed,C0407,J00941,U0651,Bangalore,Marketing
E006518,2026-04-09 04:42:09.729729,application_submitted,C0478,J01028,U2940,Noida,Marketing
E000546,2026-04-09 04:45:24.324324,company_signup,C0546,,,Lucknow,
E003455,2026-04-09 08:00:00.000000,job_viewed,C0408,J00407,U0229,Noida,Sales
E003805,2026-04-09 08:38:55.135135,job_viewed,C0336,J00531,U0443,Noida,Business Analyst
E003806,2026-04-09 08:38:55.135135,job_viewed,C0336,J00531,U2225,Noida,Business Analyst
E002766,2026-04-09 08:51:53.513513,job_viewed,C0497,J00180,U0352,Gurgaon,Software Engineer
E000547,2026-04-09 09:04:51.891891,company_signup,C0547,,,Pune,
E004201,2026-04-09 09:43:47.027027,job_viewed,C0364,J00664,U1504,Bangalore,Software Engineer
E004205,2026-04-09 09:43:47.027027,job_viewed,C0364,J00664,U1107,Bangalore,Software Engineer
E003723,2026-04-09 10:35:40.540540,job_viewed,C0453,J00504,U0115,Gurgaon,HR
E005723,2026-04-09 10:48:38.918918,job_viewed,C0392,J01186,U1171,Mumbai,Marketing
E005480,2026-04-09 12:32:25.945945,job_viewed,C0459,J01116,U2090,Bangalore,HR
E000548,2026-04-09 13:24:19.459459,company_signup,C0548,,,Hyderabad,
E002282,2026-04-09 14:55:08.108108,job_viewed,C0454,J00025,U0758,Mumbai,HR
E003444,2026-04-09 15:08:06.486486,job_viewed,C0393,J00402,U0491,Delhi,Sales
E006341,2026-04-09 15:37:17.837837,application_submitted,C0413,J00803,U1927,Delhi,Business Analyst
E004456,2026-04-09 16:00:00.000000,job_viewed,C0482,J00740,U2392,Gurgaon,HR
E002755,2026-04-09 16:25:56.756756,job_viewed,C0471,J00176,U0372,Pune,HR
E001812,2026-04-09 17:30:48.648648,job_posted,C0499,J00812,,Pune,Data Analyst
E004795,2026-04-09 17:43:47.027027,job_viewed,C0327,J00871,U2881,Lucknow,HR
E000549,2026-04-09 17:43:47.027027,company_signup,C0549,,,Mumbai,
E003054,2026-04-09 18:09:43.783783,job_viewed,C0316,J00271,U0255,Lucknow,HR
E003500,2026-04-09 19:14:35.675675,job_viewed,C0344,J00421,U0931,Noida,Business Analyst
E002360,2026-04-09 20:19:27.567567,job_viewed,C0483,J00048,U0831,Gurgaon,Software Engineer
E006121,2026-04-09 20:29:11.351351,application_submitted,C0465,J00490,U1328,Bangalore,Data Analyst
E002010,2026-04-09 20:58:22.702702,job_posted,C0522,J01010,,Bangalore,HR
E000550,2026-04-09 22:03:14.594594,company_signup,C0550,,,Gurgaon,
E002405,2026-04-09 22:03:14.594594,job_viewed,C0439,J00064,U1016,Pune,Business Analyst
E004572,2026-04-09 23:08:06.486486,job_viewed,C0467,J00790,U2723,Mumbai,Marketing
E004570,2026-04-09 23:08:06.486486,job_viewed,C0467,J00790,U0762,Mumbai,Marketing
E002894,2026-04-09 23:21:04.864864,job_viewed,C0406,J00219,U2044,Gurgaon,Software Engineer
E005901,2026-04-10 00:17:50.270270,application_submitted,C0338,J00190,U1859,Gurgaon,HR
E002920,2026-04-10 00:38:55.135135,job_viewed,C0373,J00229,U2870,Noida,Software Engineer
E003325,2026-04-10 01:04:51.891891,job_viewed,C0473,J00358,U1097,Hyderabad,Sales
E005015,2026-04-10 01:30:48.648648,job_viewed,C0462,J00946,U0976,Hyderabad,Data Analyst
E004883,2026-04-10 02:09:43.783783,job_viewed,C0501,J00904,U0382,Bangalore,Sales
E000551,2026-04-10 02:22:42.162162,company_signup,C0551,,,Delhi,
E003302,2026-04-10 03:01:37.297297,job_viewed,C0479,J00349,U1608,Gurgaon,HR
E005900,2026-04-10 03:17:50.270270,application_submitted,C0338,J00190,U0866,Gurgaon,HR
E006062,2026-04-10 05:08:06.486486,application_submitted,C0393,J00402,U0491,Delhi,Sales
E005730,2026-04-10 06:42:09.729729,job_viewed,C0441,J01191,U0800,Delhi,Software Engineer
E000552,2026-04-10 06:42:09.729729,company_signup,C0552,,,Hyderabad,
E002576,2026-04-10 07:08:06.486486,job_viewed,C0430,J00126,U2170,Hyderabad,Data Analyst
E001107,2026-04-10 07:08:06.486486,job_posted,C0541,J00107,,Delhi,Marketing
E002909,2026-04-10 08:25:56.756756,job_viewed,C0397,J00224,U1972,Gurgaon,Sales
E002910,2026-04-10 08:25:56.756756,job_viewed,C0397,J00224,U0729,Gurgaon,Sales
E002911,2026-04-10 08:25:56.756756,job_viewed,C0397,J00224,U0154,Gurgaon,Sales
E002765,2026-04-10 08:51:53.513513,job_viewed,C0497,J00180,U0984,Gurgaon,Software Engineer
E001413,2026-04-10 09:17:50.270270,job_posted,C0486,J00413,,Bangalore,Software Engineer
E004207,2026-04-10 09:43:47.027027,job_viewed,C0364,J00664,U0118,Bangalore,Software Engineer
E000553,2026-04-10 11:01:37.297297,company_signup,C0553,,,Pune,
E004957,2026-04-10 11:27:34.054054,job_viewed,C0431,J00931,U1407,Gurgaon,HR
E004141,2026-04-10 11:40:32.432432,job_viewed,C0370,J00644,U1817,Pune,Marketing
E004429,2026-04-10 12:45:24.324324,job_viewed,C0398,J00729,U1111,Mumbai,HR
E004424,2026-04-10 12:45:24.324324,job_viewed,C0398,J00729,U1185,Mumbai,HR
E004419,2026-04-10 12:45:24.324324,job_viewed,C0398,J00728,U0132,Delhi,Marketing
E003040,2026-04-10 13:11:21.081081,job_viewed,C0498,J00268,U1717,Pune,Marketing
E001269,2026-04-10 13:11:21.081081,job_posted,C0498,J00269,,Mumbai,Marketing
E002513,2026-04-10 14:29:11.351351,job_viewed,C0354,J00098,U0947,Noida,Data Analyst
E002505,2026-04-10 14:29:11.351351,job_viewed,C0354,J00097,U0921,Pune,Software Engineer
E002834,2026-04-10 14:42:09.729729,job_viewed,C0404,J00197,U1231,Hyderabad,Marketing
E000554,2026-04-10 15:21:04.864864,company_signup,C0554,,,Hyderabad,
E005925,2026-04-10 15:25:56.756756,application_submitted,C0397,J00224,U0154,Gurgaon,Sales
E000555,2026-04-10 19:40:32.432432,company_signup,C0555,,,Delhi,
E004830,2026-04-10 20:45:24.324324,job_viewed,C0361,J00888,U0583,Pune,Software Engineer
E005211,2026-04-10 20:58:22.702702,job_viewed,C0522,J01010,U2145,Bangalore,HR
E002411,2026-04-10 22:03:14.594594,job_viewed,C0439,J00065,U0336,Mumbai,Sales
E002399,2026-04-10 22:03:14.594594,job_viewed,C0439,J00063,U2230,Pune,Marketing
E005796,2026-04-10 23:19:27.567567,application_submitted,C0483,J00048,U0831,Gurgaon,Software Engineer
E004451,2026-04-10 23:34:03.243243,job_viewed,C0456,J00738,U2541,Pune,HR
E004033,2026-04-10 23:47:01.621621,job_viewed,C0395,J00612,U1071,Delhi,Business Analyst
E000556,2026-04-11 00:00:00.000000,company_signup,C0556,,,Lucknow,
E003253,2026-04-11 00:12:58.378378,job_viewed,C0384,J00338,U1608,Delhi,Software Engineer
E006458,2026-04-11 00:30:48.648648,application_submitted,C0462,J00946,U0976,Hyderabad,Data Analyst
E003839,2026-04-11 01:17:50.270270,job_viewed,C0412,J00545,U2988,Gurgaon,Software Engineer
E001034,2026-04-11 01:43:47.027027,job_posted,C0512,J00034,,Lucknow,Business Analyst
E001902,2026-04-11 02:09:43.783783,job_posted,C0501,J00902,,Lucknow,Sales
E004732,2026-04-11 02:48:38.918918,job_viewed,C0429,J00843,U1862,Mumbai,Data Analyst
E003292,2026-04-11 03:01:37.297297,job_viewed,C0479,J00348,U2825,Pune,HR
E006304,2026-04-11 04:00:00.000000,application_submitted,C0482,J00740,U2392,Gurgaon,HR
E000557,2026-04-11 04:19:27.567567,company_signup,C0557,,,Lucknow,
E006296,2026-04-11 04:45:24.324324,application_submitted,C0398,J00729,U1185,Mumbai,HR
E001585,2026-04-11 05:11:21.081081,job_posted,C0535,J00585,,Mumbai,HR
E004713,2026-04-11 05:11:21.081081,job_viewed,C0424,J00836,U2839,Delhi,Data Analyst
E002955,2026-04-11 07:21:04.864864,job_viewed,C0480,J00239,U2405,Bangalore,Data Analyst
E004223,2026-04-11 07:34:03.243243,job_viewed,C0530,J00670,U2026,Gurgaon,Software Engineer
E001672,2026-04-11 07:34:03.243243,job_posted,C0530,J00672,,Hyderabad,Data Analyst
E002907,2026-04-11 08:25:56.756756,job_viewed,C0397,J00224,U0997,Gurgaon,Sales
E000558,2026-04-11 08:38:55.135135,company_signup,C0558,,,Noida,
E002361,2026-04-11 09:56:45.405405,job_viewed,C0414,J00049,U0950,Mumbai,Software Engineer
E001755,2026-04-11 11:01:37.297297,job_posted,C0553,J00755,,Lucknow,Business Analyst
E001699,2026-04-11 11:14:35.675675,job_posted,C0492,J00699,,Hyderabad,Marketing
E001700,2026-04-11 11:14:35.675675,job_posted,C0492,J00700,,Lucknow,Sales
E005779,2026-04-11 11:55:08.108108,application_submitted,C0454,J00025,U0758,Mumbai,HR
E000559,2026-04-11 12:58:22.702702,company_signup,C0559,,,Lucknow,
E005487,2026-04-11 13:37:17.837837,job_viewed,C0376,J01117,U1179,Gurgaon,Data Analyst
E005434,2026-04-11 16:51:53.513513,job_viewed,C0349,J01095,U2788,Hyderabad,HR
E001821,2026-04-11 17:04:51.891891,job_posted,C0510,J00821,,Lucknow,Business Analyst
E000560,2026-04-11 17:17:50.270270,company_signup,C0560,,,Noida,
E002304,2026-04-11 18:35:40.540540,job_viewed,C0416,J00031,U1412,Noida,Data Analyst
E006370,2026-04-11 19:11:21.081081,application_submitted,C0424,J00836,U2839,Delhi,Data Analyst
E002262,2026-04-11 19:14:35.675675,job_viewed,C0455,J00019,U2194,Mumbai,HR
E002353,2026-04-11 20:19:27.567567,job_viewed,C0483,J00046,U1405,Pune,HR
E002008,2026-04-11 20:58:22.702702,job_posted,C0522,J01008,,Lucknow,Software Engineer
E005203,2026-04-11 20:58:22.702702,job_viewed,C0522,J01009,U0511,Delhi,Business Analyst
E000561,2026-04-11 21:37:17.837837,company_signup,C0561,,,Hyderabad,
E005289,2026-04-11 21:50:16.216216,job_viewed,C0500,J01037,U0865,Lucknow,Business Analyst
E005288,2026-04-11 21:50:16.216216,job_viewed,C0500,J01037,U2747,Lucknow,Business Analyst
E005274,2026-04-11 22:42:09.729729,job_viewed,C0478,J01028,U2483,Noida,Marketing
E004559,2026-04-11 23:08:06.486486,job_viewed,C0467,J00789,U2504,Mumbai,Data Analyst
E003268,2026-04-12 00:12:58.378378,job_viewed,C0384,J00340,U2791,Lucknow,Business Analyst
E003242,2026-04-12 00:38:55.135135,job_viewed,C0484,J00334,U2591,Mumbai,Data Analyst
E000562,2026-04-12 01:56:45.405405,company_signup,C0562,,,Bangalore,
E004885,2026-04-12 02:09:43.783783,job_viewed,C0501,J00904,U2981,Bangalore,Sales
E003742,2026-04-12 03:01:37.297297,job_viewed,C0368,J00510,U0231,Hyderabad,Sales
E003294,2026-04-12 03:01:37.297297,job_viewed,C0479,J00348,U0189,Pune,HR
E004991,2026-04-12 03:40:32.432432,job_viewed,C0407,J00941,U0563,Bangalore,Marketing
E001307,2026-04-12 04:19:27.567567,job_posted,C0557,J00307,,Lucknow,Software Engineer
E001262,2026-04-12 04:32:25.945945,job_posted,C0496,J00262,,Noida,Sales
E000563,2026-04-12 06:16:12.972972,company_signup,C0563,,,Gurgaon,
E001106,2026-04-12 07:08:06.486486,job_posted,C0541,J00106,,Mumbai,Sales
E004853,2026-04-12 07:47:01.621621,job_viewed,C0469,J00894,U1206,Delhi,Software Engineer
E003451,2026-04-12 08:00:00.000000,job_viewed,C0408,J00406,U0702,Delhi,Software Engineer
E005830,2026-04-12 09:29:11.351351,application_submitted,C0354,J00097,U0921,Pune,Software Engineer
E004898,2026-04-12 09:43:47.027027,job_viewed,C0475,J00912,U0418,Noida,Marketing
E000564,2026-04-12 10:35:40.540540,company_signup,C0564,,,Gurgaon,
E006016,2026-04-12 11:12:58.378378,application_submitted,C0384,J00338,U1608,Delhi,Software Engineer
E004309,2026-04-12 11:14:35.675675,job_viewed,C0492,J00699,U0088,Hyderabad,Marketing
E004340,2026-04-12 11:14:35.675675,job_viewed,C0381,J00708,U1026,Delhi,HR
E005776,2026-04-12 12:14:35.675675,application_submitted,C0455,J00019,U2194,Mumbai,HR
E002839,2026-04-12 13:11:21.081081,job_viewed,C0387,J00198,U2758,Lucknow,Marketing
E006450,2026-04-12 13:40:32.432432,application_submitted,C0407,J00941,U0563,Bangalore,Marketing
E001308,2026-04-12 14:42:09.729729,job_posted,C0515,J00308,,Lucknow,Business Analyst
E000565,2026-04-12 14:55:08.108108,company_signup,C0565,,,Hyderabad,
E003443,2026-04-12 15:08:06.486486,job_viewed,C0393,J00402,U2014,Delhi,Sales
E005677,2026-04-12 16:38:55.135135,job_viewed,C0410,J01176,U1488,Mumbai,Sales
E004674,2026-04-12 17:04:51.891891,job_viewed,C0510,J00822,U0666,Noida,Data Analyst
E000566,2026-04-12 19:14:35.675675,company_signup,C0566,,,Mumbai,
E006268,2026-04-12 19:14:35.675675,application_submitted,C0492,J00699,U0088,Hyderabad,Marketing
E001007,2026-04-12 19:27:34.054054,job_posted,C0505,J00007,,Delhi,Sales
E003237,2026-04-12 20:06:29.189189,job_viewed,C0433,J00332,U0640,Bangalore,Data Analyst
E005244,2026-04-12 20:58:22.702702,job_viewed,C0411,J01018,U1278,Pune,Marketing
E002410,2026-04-12 22:03:14.594594,job_viewed,C0439,J00065,U1307,Mumbai,Sales
E001541,2026-04-12 22:16:12.972972,job_posted,C0489,J00541,,Delhi,HR
E006162,2026-04-12 22:17:50.270270,application_submitted,C0412,J00545,U2988,Gurgaon,Software Engineer
E006511,2026-04-12 22:58:22.702702,application_submitted,C0411,J01018,U1278,Pune,Marketing
E000567,2026-04-12 23:34:03.243243,company_signup,C0567,,,Mumbai,
E001223,2026-04-13 00:25:56.756756,job_posted,C0545,J00223,,Noida,Software Engineer
E003869,2026-04-13 01:04:51.891891,job_viewed,C0362,J00553,U1756,Mumbai,Data Analyst
E006011,2026-04-13 01:38:55.135135,application_submitted,C0484,J00334,U2591,Mumbai,Data Analyst
E001655,2026-04-13 02:35:40.540540,job_posted,C0490,J00655,,Pune,Marketing
E000568,2026-04-13 03:53:30.810810,company_signup,C0568,,,Lucknow,
E003928,2026-04-13 04:06:29.189189,job_viewed,C0507,J00574,U2090,Lucknow,HR
E001306,2026-04-13 04:19:27.567567,job_posted,C0557,J00306,,Bangalore,Software Engineer
E003015,2026-04-13 04:32:25.945945,job_viewed,C0496,J00261,U0343,Gurgaon,Business Analyst
E004712,2026-04-13 05:11:21.081081,job_viewed,C0424,J00836,U1258,Delhi,Data Analyst
E006519,2026-04-13 06:42:09.729729,application_submitted,C0478,J01028,U2483,Noida,Marketing
E004580,2026-04-13 06:55:08.108108,job_viewed,C0380,J00793,U0444,Mumbai,Data Analyst
E002468,2026-04-13 06:55:08.108108,job_viewed,C0491,J00086,U1796,Pune,Marketing
E004578,2026-04-13 06:55:08.108108,job_viewed,C0380,J00793,U0533,Mumbai,Data Analyst
E001878,2026-04-13 08:00:00.000000,job_posted,C0519,J00878,,Delhi,Business Analyst
E000569,2026-04-13 08:12:58.378378,company_signup,C0569,,,Gurgaon,
E003477,2026-04-13 09:17:50.270270,job_viewed,C0486,J00413,U1302,Bangalore,Software Engineer
E003170,2026-04-13 09:17:50.270270,job_viewed,C0375,J00313,U1389,Pune,Business Analyst
E005957,2026-04-13 09:32:25.945945,application_submitted,C0496,J00261,U0343,Gurgaon,Business Analyst
E001256,2026-04-13 11:53:30.810810,job_posted,C0531,J00256,,Lucknow,Data Analyst
E000570,2026-04-13 12:32:25.945945,company_signup,C0570,,,Gurgaon,
E005484,2026-04-13 12:32:25.945945,job_viewed,C0459,J01116,U2995,Bangalore,HR
E003044,2026-04-13 13:11:21.081081,job_viewed,C0498,J00269,U0255,Mumbai,Marketing
E000571,2026-04-13 16:51:53.513513,company_signup,C0571,,,Noida,
E004586,2026-04-13 18:22:42.162162,job_viewed,C0366,J00795,U2794,Hyderabad,Marketing
E002309,2026-04-13 18:35:40.540540,job_viewed,C0416,J00032,U2807,Gurgaon,Sales
E002302,2026-04-13 18:35:40.540540,job_viewed,C0416,J00030,U2424,Hyderabad,HR
E002260,2026-04-13 19:14:35.675675,job_viewed,C0455,J00019,U0390,Mumbai,HR
E002356,2026-04-13 20:19:27.567567,job_viewed,C0483,J00046,U1460,Pune,HR
E000572,2026-04-13 21:11:21.081081,company_signup,C0572,,,Bangalore,
E001913,2026-04-13 21:37:17.837837,job_posted,C0561,J00913,,Lucknow,Business Analyst
E004564,2026-04-13 23:08:06.486486,job_viewed,C0467,J00789,U2336,Mumbai,Data Analyst
E002007,2026-04-13 23:21:04.864864,job_posted,C0517,J01007,,Pune,Marketing
E001938,2026-04-13 23:34:03.243243,job_posted,C0567,J00938,,Noida,Sales
E004450,2026-04-13 23:34:03.243243,job_viewed,C0456,J00738,U0977,Pune,HR
E003255,2026-04-14 00:12:58.378378,job_viewed,C0384,J00338,U1313,Delhi,Software Engineer
E000573,2026-04-14 01:30:48.648648,company_signup,C0573,,,Delhi,
E006332,2026-04-14 01:55:08.108108,application_submitted,C0380,J00793,U0444,Mumbai,Data Analyst
E004735,2026-04-14 02:48:38.918918,job_viewed,C0429,J00844,U1204,Bangalore,HR
E003297,2026-04-14 03:01:37.297297,job_viewed,C0479,J00349,U0689,Gurgaon,HR
E005060,2026-04-14 04:06:29.189189,job_viewed,C0396,J00964,U2594,Mumbai,Data Analyst
E003017,2026-04-14 04:32:25.945945,job_viewed,C0496,J00261,U0194,Gurgaon,Business Analyst
E005785,2026-04-14 05:35:40.540540,application_submitted,C0416,J00032,U2807,Gurgaon,Sales
E004615,2026-04-14 05:37:17.837837,job_viewed,C0413,J00803,U1320,Delhi,Business Analyst
E000574,2026-04-14 05:50:16.216216,company_signup,C0574,,,Mumbai,
E002573,2026-04-14 07:08:06.486486,job_viewed,C0430,J00125,U0035,Lucknow,Data Analyst
E006330,2026-04-14 07:08:06.486486,application_submitted,C0467,J00789,U2336,Mumbai,Data Analyst
E006071,2026-04-14 07:17:50.270270,application_submitted,C0486,J00413,U1302,Bangalore,Software Engineer
E004227,2026-04-14 07:34:03.243243,job_viewed,C0530,J00672,U2818,Hyderabad,Data Analyst
E001671,2026-04-14 07:34:03.243243,job_posted,C0530,J00671,,Delhi,Sales
E003454,2026-04-14 08:00:00.000000,job_viewed,C0408,J00406,U0167,Delhi,Software Engineer
E002769,2026-04-14 08:51:53.513513,job_viewed,C0497,J00180,U1025,Gurgaon,Software Engineer
E003472,2026-04-14 09:17:50.270270,job_viewed,C0486,J00412,U0988,Gurgaon,Sales
E003166,2026-04-14 09:17:50.270270,job_viewed,C0375,J00313,U2319,Pune,Business Analyst
E003167,2026-04-14 09:17:50.270270,job_viewed,C0375,J00313,U0920,Pune,Business Analyst
E003168,2026-04-14 09:17:50.270270,job_viewed,C0375,J00313,U2045,Pune,Business Analyst
E004202,2026-04-14 09:43:47.027027,job_viewed,C0364,J00664,U1187,Bangalore,Software Engineer
E002363,2026-04-14 09:56:45.405405,job_viewed,C0414,J00049,U0471,Mumbai,Software Engineer
E000575,2026-04-14 10:09:43.783783,company_signup,C0575,,,Gurgaon,
E004317,2026-04-14 11:14:35.675675,job_viewed,C0492,J00701,U0237,Delhi,HR
E004338,2026-04-14 11:14:35.675675,job_viewed,C0381,J00707,U1673,Lucknow,Software Engineer
E005257,2026-04-14 11:53:30.810810,job_viewed,C0420,J01024,U2903,Gurgaon,Software Engineer
E005482,2026-04-14 12:32:25.945945,job_viewed,C0459,J01116,U2568,Bangalore,HR
E003047,2026-04-14 13:11:21.081081,job_viewed,C0498,J00269,U2059,Mumbai,Marketing
E002508,2026-04-14 14:29:11.351351,job_viewed,C0354,J00098,U0273,Noida,Data Analyst
E000576,2026-04-14 14:29:11.351351,company_signup,C0576,,,Noida,
E002283,2026-04-14 14:55:08.108108,job_viewed,C0454,J00025,U0792,Mumbai,HR
E003493,2026-04-14 16:12:58.378378,job_viewed,C0421,J00420,U1599,Gurgaon,Software Engineer
E002170,2026-04-14 16:12:58.378378,job_posted,C0532,J01170,,Lucknow,Business Analyst
E005676,2026-04-14 16:38:55.135135,job_viewed,C0410,J01176,U0142,Mumbai,Sales
E001658,2026-04-14 18:09:43.783783,job_posted,C0538,J00658,,Gurgaon,Sales
E000577,2026-04-14 18:48:38.918918,company_signup,C0577,,,Pune,
E003589,2026-04-14 20:45:24.324324,job_viewed,C0472,J00460,U2554,Hyderabad,Business Analyst
E004831,2026-04-14 20:45:24.324324,job_viewed,C0361,J00888,U2813,Pune,Software Engineer
E005245,2026-04-14 20:58:22.702702,job_viewed,C0411,J01018,U0040,Pune,Marketing
E000578,2026-04-14 23:08:06.486486,company_signup,C0578,,,Noida,
E001867,2026-04-15 01:56:45.405405,job_posted,C0562,J00867,,Noida,Marketing
E005408,2026-04-15 02:35:40.540540,job_viewed,C0379,J01084,U0707,Hyderabad,Business Analyst
E000579,2026-04-15 03:27:34.054054,company_signup,C0579,,,Mumbai,
E004993,2026-04-15 03:40:32.432432,job_viewed,C0407,J00941,U1194,Bangalore,Marketing
E004990,2026-04-15 03:40:32.432432,job_viewed,C0407,J00941,U1361,Bangalore,Marketing
E005061,2026-04-15 04:06:29.189189,job_viewed,C0396,J00964,U1113,Mumbai,Data Analyst
E003014,2026-04-15 04:32:25.945945,job_viewed,C0496,J00261,U0309,Gurgaon,Business Analyst
E004620,2026-04-15 05:37:17.837837,job_viewed,C0413,J00804,U0592,Mumbai,Business Analyst
E003685,2026-04-15 05:50:16.216216,job_viewed,C0352,J00494,U1742,Noida,Data Analyst
E003174,2026-04-15 05:50:16.216216,job_viewed,C0463,J00314,U2940,Gurgaon,Data Analyst
E002580,2026-04-15 07:08:06.486486,job_viewed,C0430,J00126,U1160,Hyderabad,Data Analyst
E005515,2026-04-15 07:34:03.243243,job_viewed,C0419,J01125,U1954,Gurgaon,HR
E000580,2026-04-15 07:47:01.621621,company_signup,C0580,,,Mumbai,
E004925,2026-04-15 09:04:51.891891,job_viewed,C0436,J00922,U2918,Delhi,Data Analyst
E001775,2026-04-15 09:30:48.648648,job_posted,C0536,J00775,,Mumbai,HR
E001776,2026-04-15 09:30:48.648648,job_posted,C0536,J00776,,Mumbai,Business Analyst
E006583,2026-04-15 09:34:03.243243,application_submitted,C0419,J01125,U1954,Gurgaon,HR
E002367,2026-04-15 09:56:45.405405,job_viewed,C0414,J00050,U1391,Gurgaon,HR
E002394,2026-04-15 10:22:42.162162,job_viewed,C0514,J00060,U2759,Noida,HR
E006451,2026-04-15 10:40:32.432432,application_submitted,C0407,J00941,U1194,Bangalore,Marketing
E004952,2026-04-15 11:27:34.054054,job_viewed,C0431,J00930,U2282,Hyderabad,Business Analyst
E000581,2026-04-15 12:06:29.189189,company_signup,C0581,,,Noida,
E005485,2026-04-15 12:32:25.945945,job_viewed,C0459,J01116,U2011,Bangalore,HR
E004414,2026-04-15 12:45:24.324324,job_viewed,C0398,J00727,U2541,Hyderabad,Business Analyst
E006343,2026-04-15 13:37:17.837837,application_submitted,C0413,J00804,U0592,Mumbai,Business Analyst
E001043,2026-04-15 14:29:11.351351,job_posted,C0576,J00043,,Mumbai,Software Engineer
E002511,2026-04-15 14:29:11.351351,job_viewed,C0354,J00098,U0685,Noida,Data Analyst
E006377,2026-04-15 15:48:38.918918,application_submitted,C0429,J00844,U1204,Bangalore,HR
E004455,2026-04-15 16:00:00.000000,job_viewed,C0482,J00739,U1055,Bangalore,Data Analyst
E000582,2026-04-15 16:25:56.756756,company_signup,C0582,,,Delhi,
E006342,2026-04-15 19:37:17.837837,application_submitted,C0413,J00803,U1320,Delhi,Business Analyst
E001611,2026-04-15 20:32:25.945945,job_posted,C0533,J00611,,Noida,Software Engineer
E000583,2026-04-15 20:45:24.324324,company_signup,C0583,,,Hyderabad,
E003587,2026-04-15 20:45:24.324324,job_viewed,C0472,J00460,U0237,Hyderabad,Business Analyst
E002157,2026-04-15 22:03:14.594594,job_posted,C0550,J01157,,Mumbai,Data Analyst
E001419,2026-04-15 22:29:11.351351,job_posted,C0539,J00419,,Mumbai,HR
E003335,2026-04-15 22:55:08.108108,job_viewed,C0528,J00360,U1909,Bangalore,HR
E003256,2026-04-16 00:12:58.378378,job_viewed,C0384,J00338,U1650,Delhi,Software Engineer
E000584,2026-04-16 01:04:51.891891,company_signup,C0584,,,Mumbai,
E001102,2026-04-16 01:17:50.270270,job_posted,C0523,J00102,,Pune,Marketing
E005018,2026-04-16 01:30:48.648648,job_viewed,C0462,J00946,U1167,Hyderabad,Data Analyst
E001035,2026-04-16 01:43:47.027027,job_posted,C0512,J00035,,Delhi,Marketing
E004184,2026-04-16 02:35:40.540540,job_viewed,C0490,J00655,U1778,Pune,Marketing
E004733,2026-04-16 02:48:38.918918,job_viewed,C0429,J00844,U0086,Bangalore,HR
E003295,2026-04-16 03:01:37.297297,job_viewed,C0479,J00348,U2724,Pune,HR
E003154,2026-04-16 04:19:27.567567,job_viewed,C0557,J00307,U1043,Lucknow,Software Engineer
E003019,2026-04-16 04:32:25.945945,job_viewed,C0496,J00262,U2963,Noida,Sales
E001586,2026-04-16 05:11:21.081081,job_posted,C0535,J00586,,Delhi,Marketing
E003957,2026-04-16 05:11:21.081081,job_viewed,C0535,J00585,U2692,Mumbai,HR
E000585,2026-04-16 05:24:19.459459,company_signup,C0585,,,Noida,
E003684,2026-04-16 05:50:16.216216,job_viewed,C0352,J00494,U0213,Noida,Data Analyst
E006557,2026-04-16 06:35:40.540540,application_submitted,C0379,J01084,U0707,Hyderabad,Business Analyst
E006627,2026-04-16 06:38:55.135135,application_submitted,C0410,J01176,U0142,Mumbai,Sales
E004924,2026-04-16 09:04:51.891891,job_viewed,C0436,J00921,U1619,Bangalore,Sales
E004921,2026-04-16 09:04:51.891891,job_viewed,C0436,J00921,U2286,Bangalore,Sales
E000586,2026-04-16 09:43:47.027027,company_signup,C0586,,,Gurgaon,
E005481,2026-04-16 12:32:25.945945,job_viewed,C0459,J01116,U2152,Bangalore,HR
E001547,2026-04-16 12:32:25.945945,job_posted,C0570,J00547,,Bangalore,Marketing
E005483,2026-04-16 12:32:25.945945,job_viewed,C0459,J01116,U2330,Bangalore,HR
E001274,2026-04-16 12:45:24.324324,job_posted,C0509,J00274,,Hyderabad,Software Engineer
E003046,2026-04-16 13:11:21.081081,job_viewed,C0498,J00269,U2625,Mumbai,Marketing
E000587,2026-04-16 14:03:14.594594,company_signup,C0587,,,Noida,
E006184,2026-04-16 14:11:21.081081,application_submitted,C0535,J00585,U2692,Mumbai,HR
E002827,2026-04-16 14:42:09.729729,job_viewed,C0404,J00196,U2174,Delhi,HR
E003447,2026-04-16 15:08:06.486486,job_viewed,C0393,J00402,U2927,Delhi,Sales
E005663,2026-04-16 16:12:58.378378,job_viewed,C0532,J01170,U2668,Lucknow,Business Analyst
E003494,2026-04-16 16:12:58.378378,job_viewed,C0421,J00420,U2770,Gurgaon,Software Engineer
E001095,2026-04-16 17:43:47.027027,job_posted,C0549,J00095,,Gurgaon,Business Analyst
E000588,2026-04-16 18:22:42.162162,company_signup,C0588,,,Bangalore,
E005956,2026-04-16 19:32:25.945945,application_submitted,C0496,J00261,U0309,Gurgaon,Business Analyst
E001215,2026-04-16 19:40:32.432432,job_posted,C0555,J00215,,Noida,Software Engineer
E002401,2026-04-16 22:03:14.594594,job_viewed,C0439,J00064,U1120,Pune,Business Analyst
E000589,2026-04-16 22:42:09.729729,company_signup,C0589,,,Hyderabad,
E003535,2026-04-16 22:55:08.108108,job_viewed,C0417,J00433,U2034,Lucknow,Sales
E003532,2026-04-16 22:55:08.108108,job_viewed,C0417,J00433,U0941,Lucknow,Sales
E001361,2026-04-16 22:55:08.108108,job_posted,C0528,J00361,,Gurgaon,Business Analyst
E003534,2026-04-16 22:55:08.108108,job_viewed,C0417,J00433,U0038,Lucknow,Sales
E003338,2026-04-16 22:55:08.108108,job_viewed,C0528,J00360,U0948,Bangalore,HR
E001037,2026-04-17 00:00:00.000000,job_posted,C0556,J00037,,Lucknow,Business Analyst
E002412,2026-04-17 00:25:56.756756,job_viewed,C0434,J00066,U2060,Noida,Marketing
E001103,2026-04-17 01:17:50.270270,job_posted,C0523,J00103,,Pune,Data Analyst
E004730,2026-04-17 02:48:38.918918,job_viewed,C0429,J00843,U1593,Mumbai,Data Analyst
E006087,2026-04-17 02:55:08.108108,application_submitted,C0417,J00433,U0038,Lucknow,Sales
E000590,2026-04-17 03:01:37.297297,company_signup,C0590,,,Pune,
E004895,2026-04-17 03:14:35.675675,job_viewed,C0418,J00911,U2421,Gurgaon,HR
E003930,2026-04-17 04:06:29.189189,job_viewed,C0507,J00574,U0387,Lucknow,HR
E001465,2026-04-17 05:24:19.459459,job_posted,C0585,J00465,,Lucknow,Business Analyst
E000591,2026-04-17 07:21:04.864864,company_signup,C0591,,,Delhi,
E004899,2026-04-17 09:43:47.027027,job_viewed,C0475,J00912,U0821,Noida,Marketing
E004897,2026-04-17 09:43:47.027027,job_viewed,C0475,J00912,U2632,Noida,Marketing
E002366,2026-04-17 09:56:45.405405,job_viewed,C0414,J00049,U2269,Mumbai,Software Engineer
E002390,2026-04-17 10:22:42.162162,job_viewed,C0514,J00060,U2655,Noida,HR
E000592,2026-04-17 11:40:32.432432,company_signup,C0592,,,Lucknow,
E006088,2026-04-17 12:55:08.108108,application_submitted,C0417,J00433,U2034,Lucknow,Sales
E003042,2026-04-17 13:11:21.081081,job_viewed,C0498,J00269,U1064,Mumbai,Marketing
E000593,2026-04-17 16:00:00.000000,company_signup,C0593,,,Pune,
E006426,2026-04-17 17:43:47.027027,application_submitted,C0475,J00912,U0821,Noida,Marketing
E004590,2026-04-17 18:22:42.162162,job_viewed,C0366,J00795,U1372,Hyderabad,Marketing
E002301,2026-04-17 18:35:40.540540,job_viewed,C0416,J00030,U1030,Hyderabad,HR
E002308,2026-04-17 18:35:40.540540,job_viewed,C0416,J00032,U2198,Gurgaon,Sales
E001085,2026-04-17 18:35:40.540540,job_posted,C0527,J00085,,Noida,Sales
E002984,2026-04-17 19:40:32.432432,job_viewed,C0444,J00250,U1462,Mumbai,Marketing
E000594,2026-04-17 20:19:27.567567,company_signup,C0594,,,Hyderabad,
E002357,2026-04-17 20:19:27.567567,job_viewed,C0483,J00046,U0461,Pune,HR
E006124,2026-04-17 20:50:16.216216,application_submitted,C0352,J00494,U0213,Noida,Data Analyst
E003533,2026-04-17 22:55:08.108108,job_viewed,C0417,J00433,U2909,Lucknow,Sales
E003531,2026-04-17 22:55:08.108108,job_viewed,C0417,J00433,U1413,Lucknow,Sales
E004565,2026-04-17 23:08:06.486486,job_viewed,C0467,J00789,U2547,Mumbai,Data Analyst
E006242,2026-04-18 00:35:40.540540,application_submitted,C0490,J00655,U1778,Pune,Marketing
E000595,2026-04-18 00:38:55.135135,company_signup,C0595,,,Hyderabad,
E002521,2026-04-18 01:17:50.270270,job_viewed,C0523,J00103,U1772,Pune,Data Analyst
E003843,2026-04-18 01:17:50.270270,job_viewed,C0412,J00545,U0573,Gurgaon,Software Engineer
E004183,2026-04-18 02:35:40.540540,job_viewed,C0490,J00655,U2679,Pune,Marketing
E004737,2026-04-18 02:48:38.918918,job_viewed,C0429,J00844,U1976,Bangalore,HR
E003291,2026-04-18 03:01:37.297297,job_viewed,C0479,J00348,U0970,Pune,HR
E000596,2026-04-18 04:58:22.702702,company_signup,C0596,,,Hyderabad,
E006376,2026-04-18 05:48:38.918918,application_submitted,C0429,J00843,U1593,Mumbai,Data Analyst
E001164,2026-04-18 07:21:04.864864,job_posted,C0591,J00164,,Pune,HR
E006086,2026-04-18 07:55:08.108108,application_submitted,C0417,J00433,U1413,Lucknow,Sales
E000597,2026-04-18 09:17:50.270270,company_signup,C0597,,,Pune,
E001188,2026-04-18 09:43:47.027027,job_posted,C0586,J00188,,Bangalore,Software Engineer
E002060,2026-04-18 10:09:43.783783,job_posted,C0575,J01060,,Lucknow,Business Analyst
E005964,2026-04-18 10:11:21.081081,application_submitted,C0498,J00269,U1064,Mumbai,Marketing
E003724,2026-04-18 10:35:40.540540,job_viewed,C0453,J00505,U0825,Hyderabad,Sales
E001976,2026-04-18 11:40:32.432432,job_posted,C0592,J00976,,Gurgaon,Marketing
E005258,2026-04-18 11:53:30.810810,job_viewed,C0420,J01024,U0764,Gurgaon,Software Engineer
E005256,2026-04-18 11:53:30.810810,job_viewed,C0420,J01024,U0645,Gurgaon,Software Engineer
E005293,2026-04-18 12:58:22.702702,job_viewed,C0448,J01039,U2786,Lucknow,Sales
E000598,2026-04-18 13:37:17.837837,company_signup,C0598,,,Gurgaon,
E003677,2026-04-18 14:29:11.351351,job_viewed,C0465,J00490,U2106,Bangalore,Data Analyst
E002824,2026-04-18 14:42:09.729729,job_viewed,C0404,J00196,U0951,Delhi,HR
E003088,2026-04-18 15:47:01.621621,job_viewed,C0432,J00284,U0433,Bangalore,Sales
E005662,2026-04-18 16:12:58.378378,job_viewed,C0532,J01170,U1400,Lucknow,Business Analyst
E001029,2026-04-18 16:38:55.135135,job_posted,C0521,J00029,,Noida,Data Analyst
E000599,2026-04-18 17:56:45.405405,company_signup,C0599,,,Hyderabad,
E002464,2026-04-18 18:35:40.540540,job_viewed,C0527,J00085,U2179,Noida,Sales
E002258,2026-04-18 19:14:35.675675,job_viewed,C0455,J00019,U1954,Mumbai,HR
E001216,2026-04-18 19:40:32.432432,job_posted,C0555,J00216,,Gurgaon,Data Analyst
E002987,2026-04-18 19:40:32.432432,job_viewed,C0444,J00251,U2264,Gurgaon,Data Analyst
E003356,2026-04-18 19:53:30.810810,job_viewed,C0383,J00364,U1508,Gurgaon,Sales
E001908,2026-04-18 20:06:29.189189,job_posted,C0544,J00908,,Bangalore,HR
E004832,2026-04-18 20:45:24.324324,job_viewed,C0361,J00888,U2304,Pune,Software Engineer
E004444,2026-04-18 21:24:19.459459,job_viewed,C0400,J00733,U2521,Gurgaon,HR
E005287,2026-04-18 21:50:16.216216,job_viewed,C0500,J01037,U1947,Lucknow,Business Analyst
E000600,2026-04-18 22:16:12.972972,company_signup,C0600,,,Noida,
E003342,2026-04-18 22:55:08.108108,job_viewed,C0528,J00361,U0826,Gurgaon,Business Analyst
E005194,2026-04-18 23:21:04.864864,job_viewed,C0517,J01007,U1555,Pune,Marketing
E006022,2026-04-19 00:01:37.297297,application_submitted,C0479,J00348,U0970,Pune,HR
E000601,2026-04-19 02:35:40.540540,company_signup,C0601,,,Pune,
E004734,2026-04-19 02:48:38.918918,job_viewed,C0429,J00844,U1831,Bangalore,HR
E003301,2026-04-19 03:01:37.297297,job_viewed,C0479,J00349,U2303,Gurgaon,HR
E005832,2026-04-19 06:17:50.270270,application_submitted,C0523,J00103,U1772,Pune,Data Analyst
E000602,2026-04-19 06:55:08.108108,company_signup,C0602,,,Lucknow,
E004900,2026-04-19 09:43:47.027027,job_viewed,C0475,J00912,U0683,Noida,Marketing
E004316,2026-04-19 11:14:35.675675,job_viewed,C0492,J00701,U2080,Delhi,HR
E000603,2026-04-19 11:14:35.675675,company_signup,C0603,,,Hyderabad,
E005773,2026-04-19 11:14:35.675675,application_submitted,C0455,J00019,U1954,Mumbai,HR
E004953,2026-04-19 11:27:34.054054,job_viewed,C0431,J00930,U1006,Hyderabad,Business Analyst
E005486,2026-04-19 12:32:25.945945,job_viewed,C0459,J01116,U0749,Bangalore,HR
E005949,2026-04-19 12:40:32.432432,application_submitted,C0444,J00250,U1462,Mumbai,Marketing
E002281,2026-04-19 14:55:08.108108,job_viewed,C0454,J00025,U1218,Mumbai,HR
E000604,2026-04-19 15:34:03.243243,company_signup,C0604,,,Noida,
E003091,2026-04-19 15:47:01.621621,job_viewed,C0432,J00284,U0898,Bangalore,Sales
E006270,2026-04-19 16:14:35.675675,application_submitted,C0492,J00701,U2080,Delhi,HR
E005784,2026-04-19 16:35:40.540540,application_submitted,C0416,J00032,U2198,Gurgaon,Sales
E001096,2026-04-19 17:43:47.027027,job_posted,C0549,J00096,,Bangalore,Sales
E001936,2026-04-19 17:56:45.405405,job_posted,C0599,J00936,,Gurgaon,Business Analyst
E001084,2026-04-19 18:35:40.540540,job_posted,C0527,J00084,,Gurgaon,Software Engineer
E002306,2026-04-19 18:35:40.540540,job_viewed,C0416,J00032,U2502,Gurgaon,Sales
E002259,2026-04-19 19:14:35.675675,job_viewed,C0455,J00019,U0986,Mumbai,HR
E002257,2026-04-19 19:14:35.675675,job_viewed,C0455,J00019,U0407,Mumbai,HR
E002985,2026-04-19 19:40:32.432432,job_viewed,C0444,J00250,U0854,Mumbai,Marketing
E000605,2026-04-19 19:53:30.810810,company_signup,C0605,,,Gurgaon,
E005201,2026-04-19 20:58:22.702702,job_viewed,C0522,J01008,U0003,Lucknow,Software Engineer
E005210,2026-04-19 20:58:22.702702,job_viewed,C0522,J01010,U1881,Bangalore,HR
E001285,2026-04-19 22:16:12.972972,job_posted,C0600,J00285,,Hyderabad,Marketing
E000606,2026-04-20 00:12:58.378378,company_signup,C0606,,,Bangalore,
E002924,2026-04-20 00:38:55.135135,job_viewed,C0373,J00230,U1936,Noida,Sales
E006378,2026-04-20 00:48:38.918918,application_submitted,C0429,J00844,U1976,Bangalore,HR
E001865,2026-04-20 01:56:45.405405,job_posted,C0562,J00865,,Bangalore,Data Analyst
E004182,2026-04-20 02:35:40.540540,job_viewed,C0490,J00655,U2716,Pune,Marketing
E005905,2026-04-20 02:42:09.729729,application_submitted,C0404,J00196,U0951,Delhi,HR
E001571,2026-04-20 02:48:38.918918,job_posted,C0540,J00571,,Bangalore,Business Analyst
E000607,2026-04-20 04:32:25.945945,company_signup,C0607,,,Gurgaon,
E001587,2026-04-20 05:11:21.081081,job_posted,C0535,J00587,,Bangalore,Sales
E001466,2026-04-20 05:24:19.459459,job_posted,C0585,J00466,,Mumbai,Data Analyst
E006120,2026-04-20 05:29:11.351351,application_submitted,C0465,J00490,U2106,Bangalore,Data Analyst
E001105,2026-04-20 07:08:06.486486,job_posted,C0541,J00105,,Bangalore,Marketing
E000608,2026-04-20 08:51:53.513513,company_signup,C0608,,,Lucknow,
E006514,2026-04-20 08:53:30.810810,application_submitted,C0420,J01024,U0645,Gurgaon,Software Engineer
E003722,2026-04-20 10:35:40.540540,job_viewed,C0453,J00504,U1221,Gurgaon,HR
E003721,2026-04-20 10:35:40.540540,job_viewed,C0453,J00504,U1722,Gurgaon,HR
E001254,2026-04-20 11:53:30.810810,job_posted,C0531,J00254,,Bangalore,HR
E003846,2026-04-20 12:32:25.945945,job_viewed,C0570,J00547,U1722,Bangalore,Marketing
E004421,2026-04-20 12:45:24.324324,job_viewed,C0398,J00728,U1221,Delhi,Marketing
E002166,2026-04-20 12:58:22.702702,job_posted,C0559,J01166,,Noida,Data Analyst
E003041,2026-04-20 13:11:21.081081,job_viewed,C0498,J00269,U0760,Mumbai,Marketing
E000609,2026-04-20 13:11:21.081081,company_signup,C0609,,,Hyderabad,
E006504,2026-04-20 13:21:04.864864,application_submitted,C0517,J01007,U1555,Pune,Marketing
E005774,2026-04-20 14:14:35.675675,application_submitted,C0455,J00019,U0986,Mumbai,HR
E001042,2026-04-20 14:29:11.351351,job_posted,C0576,J00042,,Hyderabad,HR
E003445,2026-04-20 15:08:06.486486,job_viewed,C0393,J00402,U0892,Delhi,Sales
E004459,2026-04-20 16:00:00.000000,job_viewed,C0482,J00740,U1043,Gurgaon,HR
E006570,2026-04-20 16:32:25.945945,application_submitted,C0459,J01116,U0749,Bangalore,HR
E004675,2026-04-20 17:04:51.891891,job_viewed,C0510,J00822,U0367,Noida,Data Analyst
E002684,2026-04-20 17:04:51.891891,job_viewed,C0399,J00156,U1353,Hyderabad,Business Analyst
E000610,2026-04-20 17:30:48.648648,company_signup,C0610,,,Lucknow,
E002111,2026-04-20 18:22:42.162162,job_posted,C0588,J01111,,Gurgaon,Software Engineer
E002993,2026-04-20 19:40:32.432432,job_viewed,C0444,J00251,U2604,Gurgaon,Data Analyst
E005206,2026-04-20 20:58:22.702702,job_viewed,C0522,J01010,U1339,Bangalore,HR
E005205,2026-04-20 20:58:22.702702,job_viewed,C0522,J01010,U0571,Bangalore,HR
E002100,2026-04-20 21:11:21.081081,job_posted,C0572,J01100,,Hyderabad,Software Engineer
E000611,2026-04-20 21:50:16.216216,company_signup,C0611,,,Pune,
E000612,2026-04-21 02:09:43.783783,company_signup,C0612,,,Mumbai,
E002074,2026-04-21 02:35:40.540540,job_posted,C0601,J01074,,Gurgaon,Data Analyst
E002076,2026-04-21 02:35:40.540540,job_posted,C0601,J01076,,Hyderabad,Software Engineer
E000613,2026-04-21 06:29:11.351351,company_signup,C0613,,,Hyderabad,
E005729,2026-04-21 06:42:09.729729,job_viewed,C0441,J01189,U0050,Mumbai,HR
E002528,2026-04-21 07:08:06.486486,job_viewed,C0541,J00107,U1307,Delhi,Marketing
E002524,2026-04-21 07:08:06.486486,job_viewed,C0541,J00105,U2119,Bangalore,Marketing
E004221,2026-04-21 07:34:03.243243,job_viewed,C0530,J00670,U2424,Gurgaon,Software Engineer
E004226,2026-04-21 07:34:03.243243,job_viewed,C0530,J00672,U0991,Hyderabad,Data Analyst
E002768,2026-04-21 08:51:53.513513,job_viewed,C0497,J00180,U0753,Gurgaon,Software Engineer
E006643,2026-04-21 09:42:09.729729,application_submitted,C0441,J01189,U0050,Mumbai,HR
E000614,2026-04-21 10:48:38.918918,company_signup,C0614,,,Mumbai,
E004416,2026-04-21 12:45:24.324324,job_viewed,C0398,J00727,U1632,Hyderabad,Business Analyst
E004423,2026-04-21 12:45:24.324324,job_viewed,C0398,J00728,U2945,Delhi,Marketing
E005980,2026-04-21 12:47:01.621621,application_submitted,C0432,J00284,U0898,Bangalore,Sales
E001958,2026-04-21 13:11:21.081081,job_posted,C0609,J00958,,Gurgaon,Marketing
E003039,2026-04-21 13:11:21.081081,job_viewed,C0498,J00268,U2893,Pune,Marketing
E006506,2026-04-21 13:58:22.702702,application_submitted,C0522,J01008,U0003,Lucknow,Software Engineer
E002284,2026-04-21 14:55:08.108108,job_viewed,C0454,J00025,U0171,Mumbai,HR
E006507,2026-04-21 14:58:22.702702,application_submitted,C0522,J01010,U1339,Bangalore,HR
E000615,2026-04-21 15:08:06.486486,company_signup,C0615,,,Noida,
E004672,2026-04-21 17:04:51.891891,job_viewed,C0510,J00821,U1335,Lucknow,Business Analyst
E004645,2026-04-21 17:30:48.648648,job_viewed,C0499,J00812,U2753,Pune,Data Analyst
E002110,2026-04-21 18:22:42.162162,job_posted,C0588,J01110,,Mumbai,Sales
E001734,2026-04-21 19:14:35.675675,job_posted,C0566,J00734,,Delhi,Business Analyst
E001736,2026-04-21 19:14:35.675675,job_posted,C0566,J00736,,Mumbai,Data Analyst
E000616,2026-04-21 19:27:34.054054,company_signup,C0616,,,Bangalore,
E002988,2026-04-21 19:40:32.432432,job_viewed,C0444,J00251,U0135,Gurgaon,Data Analyst
E005204,2026-04-21 20:58:22.702702,job_viewed,C0522,J01009,U0687,Delhi,Business Analyst
E005439,2026-04-21 21:11:21.081081,job_viewed,C0572,J01100,U0149,Hyderabad,Software Engineer
E002409,2026-04-21 22:03:14.594594,job_viewed,C0439,J00065,U2802,Mumbai,Sales
E001748,2026-04-21 22:42:09.729729,job_posted,C0589,J00748,,Noida,Marketing
E005193,2026-04-21 23:21:04.864864,job_viewed,C0517,J01007,U1143,Pune,Marketing
E000617,2026-04-21 23:47:01.621621,company_signup,C0617,,,Delhi,
E003328,2026-04-22 01:04:51.891891,job_viewed,C0473,J00358,U1565,Hyderabad,Sales
E003840,2026-04-22 01:17:50.270270,job_viewed,C0412,J00545,U0967,Gurgaon,Software Engineer
E001496,2026-04-22 02:09:43.783783,job_posted,C0612,J00496,,Lucknow,Sales
E001076,2026-04-22 03:53:30.810810,job_posted,C0568,J00076,,Hyderabad,Software Engineer
E000618,2026-04-22 04:06:29.189189,company_signup,C0618,,,Lucknow,
E003147,2026-04-22 04:19:27.567567,job_viewed,C0557,J00306,U0849,Bangalore,Software Engineer
E003153,2026-04-22 04:19:27.567567,job_viewed,C0557,J00306,U1041,Bangalore,Software Engineer
E002192,2026-04-22 05:50:16.216216,job_posted,C0574,J01192,,Delhi,HR
E005732,2026-04-22 06:42:09.729729,job_viewed,C0441,J01191,U2349,Delhi,Software Engineer
E001621,2026-04-22 06:42:09.729729,job_posted,C0552,J00621,,Bangalore,HR
E002577,2026-04-22 07:08:06.486486,job_viewed,C0430,J00126,U0175,Hyderabad,Data Analyst
E000619,2026-04-22 08:25:56.756756,company_signup,C0619,,,Gurgaon,
E004920,2026-04-22 09:04:51.891891,job_viewed,C0436,J00921,U1388,Bangalore,Sales
E006063,2026-04-22 09:08:06.486486,application_submitted,C0393,J00402,U0892,Delhi,Sales
E004902,2026-04-22 09:43:47.027027,job_viewed,C0475,J00912,U2828,Noida,Marketing
E001189,2026-04-22 09:43:47.027027,job_posted,C0586,J00189,,Pune,Data Analyst
E002391,2026-04-22 10:22:42.162162,job_viewed,C0514,J00060,U1372,Noida,HR
E005834,2026-04-22 12:08:06.486486,application_submitted,C0541,J00105,U2119,Bangalore,Marketing
E003847,2026-04-22 12:32:25.945945,job_viewed,C0570,J00547,U0165,Bangalore,Marketing
E001546,2026-04-22 12:32:25.945945,job_posted,C0570,J00546,,Mumbai,Software Engineer
E004415,2026-04-22 12:45:24.324324,job_viewed,C0398,J00727,U2711,Hyderabad,Business Analyst
E000620,2026-04-22 12:45:24.324324,company_signup,C0620,,,Bangalore,
E003067,2026-04-22 12:45:24.324324,job_viewed,C0509,J00274,U2884,Hyderabad,Software Engineer
E005291,2026-04-22 12:58:22.702702,job_viewed,C0448,J01038,U1500,Lucknow,Sales
E001388,2026-04-22 14:03:14.594594,job_posted,C0587,J00388,,Hyderabad,Data Analyst
E002754,2026-04-22 16:25:56.756756,job_viewed,C0471,J00176,U2272,Pune,HR
E002753,2026-04-22 16:25:56.756756,job_viewed,C0471,J00176,U1413,Pune,HR
E000621,2026-04-22 17:04:51.891891,company_signup,C0621,,,Hyderabad,
E002466,2026-04-22 18:35:40.540540,job_viewed,C0527,J00085,U1499,Noida,Sales
E002458,2026-04-22 18:35:40.540540,job_viewed,C0527,J00084,U1582,Gurgaon,Software Engineer
E002459,2026-04-22 18:35:40.540540,job_viewed,C0527,J00084,U2241,Gurgaon,Software Engineer
E001520,2026-04-22 18:48:38.918918,job_posted,C0577,J00520,,Noida,Business Analyst
E001735,2026-04-22 19:14:35.675675,job_posted,C0566,J00735,,Hyderabad,Software Engineer
E002986,2026-04-22 19:40:32.432432,job_viewed,C0444,J00250,U2284,Mumbai,Marketing
E001289,2026-04-22 19:53:30.810810,job_posted,C0605,J00289,,Lucknow,Business Analyst
E005208,2026-04-22 20:58:22.702702,job_viewed,C0522,J01010,U0334,Bangalore,HR
E000622,2026-04-22 21:24:19.459459,company_signup,C0622,,,Mumbai,
E005285,2026-04-22 21:50:16.216216,job_viewed,C0500,J01037,U1593,Lucknow,Business Analyst
E003341,2026-04-22 22:55:08.108108,job_viewed,C0528,J00361,U0565,Gurgaon,Business Analyst
E005780,2026-04-22 22:55:08.108108,application_submitted,C0454,J00025,U0171,Mumbai,HR
E001555,2026-04-22 23:47:01.621621,job_posted,C0617,J00555,,Gurgaon,Marketing
E001039,2026-04-23 00:00:00.000000,job_posted,C0556,J00039,,Noida,Data Analyst
E003324,2026-04-23 01:04:51.891891,job_viewed,C0473,J00358,U0373,Hyderabad,Sales
E000623,2026-04-23 01:43:47.027027,company_signup,C0623,,,Gurgaon,
E002311,2026-04-23 01:43:47.027027,job_viewed,C0512,J00034,U0599,Lucknow,Business Analyst
E003695,2026-04-23 02:09:43.783783,job_viewed,C0612,J00496,U1738,Lucknow,Sales
E004763,2026-04-23 02:22:42.162162,job_viewed,C0440,J00855,U1269,Mumbai,Sales
E004181,2026-04-23 02:35:40.540540,job_viewed,C0490,J00655,U0253,Pune,Marketing
E004476,2026-04-23 03:14:35.675675,job_viewed,C0529,J00747,U1170,Gurgaon,Marketing
E005755,2026-04-23 03:27:34.054054,job_viewed,C0468,J01201,U1527,Delhi,Marketing
E003927,2026-04-23 04:06:29.189189,job_viewed,C0507,J00574,U1590,Lucknow,HR
E003151,2026-04-23 04:19:27.567567,job_viewed,C0557,J00306,U2090,Bangalore,Software Engineer
E003016,2026-04-23 04:32:25.945945,job_viewed,C0496,J00261,U0177,Gurgaon,Business Analyst
E002137,2026-04-23 04:58:22.702702,job_posted,C0596,J01137,,Noida,Business Analyst
E004711,2026-04-23 05:11:21.081081,job_viewed,C0424,J00836,U1674,Delhi,Data Analyst
E000624,2026-04-23 06:03:14.594594,company_signup,C0624,,,Mumbai,
E006369,2026-04-23 06:11:21.081081,application_submitted,C0424,J00836,U1674,Delhi,Data Analyst
E002579,2026-04-23 07:08:06.486486,job_viewed,C0430,J00126,U0451,Hyderabad,Data Analyst
E001974,2026-04-23 09:17:50.270270,job_posted,C0597,J00974,,Lucknow,Marketing
E004528,2026-04-23 09:30:48.648648,job_viewed,C0536,J00776,U2036,Mumbai,Business Analyst
E006350,2026-04-23 09:30:48.648648,application_submitted,C0499,J00812,U2753,Pune,Data Analyst
E005963,2026-04-23 10:11:21.081081,application_submitted,C0498,J00268,U2893,Pune,Marketing
E000625,2026-04-23 10:22:42.162162,company_signup,C0625,,,Pune,
E005093,2026-04-23 11:40:32.432432,job_viewed,C0592,J00976,U2647,Gurgaon,Marketing
E005890,2026-04-23 12:25:56.756756,application_submitted,C0471,J00176,U1413,Pune,HR
E003845,2026-04-23 12:32:25.945945,job_viewed,C0570,J00547,U1811,Bangalore,Marketing
E003069,2026-04-23 12:45:24.324324,job_viewed,C0509,J00274,U1224,Hyderabad,Software Engineer
E004418,2026-04-23 12:45:24.324324,job_viewed,C0398,J00728,U2504,Delhi,Marketing
E002167,2026-04-23 12:58:22.702702,job_posted,C0559,J01167,,Bangalore,Business Analyst
E005808,2026-04-23 14:03:14.594594,application_submitted,C0439,J00065,U2802,Mumbai,Sales
E002343,2026-04-23 14:29:11.351351,job_viewed,C0576,J00043,U0892,Mumbai,Software Engineer
E005950,2026-04-23 14:40:32.432432,application_submitted,C0444,J00250,U2284,Mumbai,Marketing
E000626,2026-04-23 14:42:09.729729,company_signup,C0626,,,Mumbai,
E003089,2026-04-23 15:47:01.621621,job_viewed,C0432,J00284,U0969,Bangalore,Sales
E006523,2026-04-23 16:58:22.702702,application_submitted,C0448,J01038,U1500,Lucknow,Sales
E004671,2026-04-23 17:04:51.891891,job_viewed,C0510,J00821,U0494,Lucknow,Business Analyst
E000627,2026-04-23 19:01:37.297297,company_signup,C0627,,,Pune,
E005978,2026-04-23 19:47:01.621621,application_submitted,C0432,J00284,U0969,Bangalore,Sales
E001992,2026-04-23 20:45:24.324324,job_posted,C0583,J00992,,Noida,Sales
E002407,2026-04-23 22:03:14.594594,job_viewed,C0439,J00065,U1261,Mumbai,Sales
E002408,2026-04-23 22:03:14.594594,job_viewed,C0439,J00065,U0185,Mumbai,Sales
E006646,2026-04-23 22:27:34.054054,application_submitted,C0468,J01201,U1527,Delhi,Marketing
E000628,2026-04-23 23:21:04.864864,company_signup,C0628,,,Noida,
E006321,2026-04-23 23:30:48.648648,application_submitted,C0536,J00776,U2036,Mumbai,Business Analyst
E003875,2026-04-23 23:47:01.621621,job_viewed,C0617,J00555,U1925,Gurgaon,Marketing
E001038,2026-04-24 00:00:00.000000,job_posted,C0556,J00038,,Delhi,Data Analyst
E005792,2026-04-24 01:29:11.351351,application_submitted,C0576,J00043,U0892,Mumbai,Software Engineer
E005016,2026-04-24 01:30:48.648648,job_viewed,C0462,J00946,U2990,Hyderabad,Data Analyst
E004886,2026-04-24 02:09:43.783783,job_viewed,C0501,J00904,U2387,Bangalore,Sales
E003696,2026-04-24 02:09:43.783783,job_viewed,C0612,J00496,U0236,Lucknow,Sales
E003693,2026-04-24 02:09:43.783783,job_viewed,C0612,J00496,U0713,Lucknow,Sales
E004185,2026-04-24 02:35:40.540540,job_viewed,C0490,J00655,U1749,Pune,Marketing
E003300,2026-04-24 03:01:37.297297,job_viewed,C0479,J00349,U1725,Gurgaon,HR
E000629,2026-04-24 03:40:32.432432,company_signup,C0629,,,Gurgaon,
E002136,2026-04-24 04:58:22.702702,job_posted,C0596,J01136,,Lucknow,HR
E003958,2026-04-24 05:11:21.081081,job_viewed,C0535,J00585,U1997,Mumbai,HR
E004709,2026-04-24 05:11:21.081081,job_viewed,C0424,J00836,U1224,Delhi,Data Analyst
E005971,2026-04-24 05:45:24.324324,application_submitted,C0509,J00274,U1224,Hyderabad,Software Engineer
E003176,2026-04-24 05:50:16.216216,job_viewed,C0463,J00314,U1756,Gurgaon,Data Analyst
E005958,2026-04-24 06:32:25.945945,application_submitted,C0496,J00261,U0177,Gurgaon,Business Analyst
E001620,2026-04-24 06:42:09.729729,job_posted,C0552,J00620,,Bangalore,Software Engineer
E002529,2026-04-24 07:08:06.486486,job_viewed,C0541,J00107,U0377,Delhi,Marketing
E000630,2026-04-24 08:00:00.000000,company_signup,C0630,,,Gurgaon,
E005847,2026-04-24 08:08:06.486486,application_submitted,C0430,J00126,U0451,Hyderabad,Data Analyst
E001579,2026-04-24 08:12:58.378378,job_posted,C0569,J00579,,Noida,Sales
E001783,2026-04-24 08:51:53.513513,job_posted,C0608,J00783,,Hyderabad,Marketing
E004928,2026-04-24 09:04:51.891891,job_viewed,C0436,J00923,U1194,Noida,Business Analyst
E003474,2026-04-24 09:17:50.270270,job_viewed,C0486,J00413,U2198,Bangalore,Software Engineer
E004532,2026-04-24 09:30:48.648648,job_viewed,C0536,J00776,U1077,Mumbai,Business Analyst
E001681,2026-04-24 10:35:40.540540,job_posted,C0564,J00681,,Bangalore,Data Analyst
E001368,2026-04-24 10:48:38.918918,job_posted,C0614,J00368,,Pune,Business Analyst
E006037,2026-04-24 10:55:08.108108,application_submitted,C0528,J00361,U0565,Gurgaon,Business Analyst
E004312,2026-04-24 11:14:35.675675,job_viewed,C0492,J00701,U2587,Delhi,HR
E001975,2026-04-24 11:40:32.432432,job_posted,C0592,J00975,,Lucknow,Software Engineer
E000631,2026-04-24 12:19:27.567567,company_signup,C0631,,,Delhi,
E002825,2026-04-24 14:42:09.729729,job_viewed,C0404,J00196,U0611,Delhi,HR
E001600,2026-04-24 14:42:09.729729,job_posted,C0626,J00600,,Bangalore,HR
E002298,2026-04-24 16:38:55.135135,job_viewed,C0521,J00029,U0288,Noida,Data Analyst
E000632,2026-04-24 16:38:55.135135,company_signup,C0632,,,Hyderabad,
E006508,2026-04-24 16:58:22.702702,application_submitted,C0522,J01010,U0334,Bangalore,HR
E004670,2026-04-24 17:04:51.891891,job_viewed,C0510,J00821,U0158,Lucknow,Business Analyst
E001026,2026-04-24 17:17:50.270270,job_posted,C0560,J00026,,Lucknow,HR
E005466,2026-04-24 18:22:42.162162,job_viewed,C0588,J01111,U1153,Gurgaon,Software Engineer
E002990,2026-04-24 19:40:32.432432,job_viewed,C0444,J00251,U1446,Gurgaon,Data Analyst
E000633,2026-04-24 20:58:22.702702,company_signup,C0633,,,Pune,
E005207,2026-04-24 20:58:22.702702,job_viewed,C0522,J01010,U2351,Bangalore,HR
E002099,2026-04-24 21:11:21.081081,job_posted,C0572,J01099,,Mumbai,Software Engineer
E005286,2026-04-24 21:50:16.216216,job_viewed,C0500,J01037,U1409,Lucknow,Business Analyst
E002403,2026-04-24 22:03:14.594594,job_viewed,C0439,J00064,U0298,Pune,Business Analyst
E004562,2026-04-24 23:08:06.486486,job_viewed,C0467,J00789,U1593,Mumbai,Data Analyst
E001809,2026-04-24 23:21:04.864864,job_posted,C0628,J00809,,Gurgaon,Marketing
E002328,2026-04-25 00:00:00.000000,job_viewed,C0556,J00039,U2892,Noida,Data Analyst
E000634,2026-04-25 01:17:50.270270,company_signup,C0634,,,Delhi,
E006389,2026-04-25 01:22:42.162162,application_submitted,C0440,J00855,U1269,Mumbai,Sales
E002312,2026-04-25 01:43:47.027027,job_viewed,C0512,J00034,U0225,Lucknow,Business Analyst
E004878,2026-04-25 02:09:43.783783,job_viewed,C0501,J00903,U0323,Delhi,Software Engineer
E003290,2026-04-25 03:01:37.297297,job_viewed,C0479,J00348,U0210,Pune,HR
E001972,2026-04-25 04:06:29.189189,job_posted,C0618,J00972,,Pune,Sales
E003609,2026-04-25 05:24:19.459459,job_viewed,C0585,J00466,U2511,Mumbai,Data Analyst
E001464,2026-04-25 05:24:19.459459,job_posted,C0585,J00464,,Hyderabad,HR
E000635,2026-04-25 05:37:17.837837,company_signup,C0635,,,Mumbai,
E003178,2026-04-25 05:50:16.216216,job_viewed,C0463,J00314,U0989,Gurgaon,Data Analyst
E005737,2026-04-25 05:50:16.216216,job_viewed,C0574,J01192,U1870,Delhi,HR
E002017,2026-04-25 06:55:08.108108,job_posted,C0602,J01017,,Noida,Software Engineer
E002702,2026-04-25 07:21:04.864864,job_viewed,C0591,J00164,U1175,Pune,HR
E004222,2026-04-25 07:34:03.243243,job_viewed,C0530,J00670,U0492,Gurgaon,Software Engineer
E001293,2026-04-25 08:25:56.756756,job_posted,C0619,J00293,,Gurgaon,Business Analyst
E004929,2026-04-25 09:04:51.891891,job_viewed,C0436,J00923,U2429,Noida,Business Analyst
E005079,2026-04-25 09:17:50.270270,job_viewed,C0597,J00974,U1059,Lucknow,Marketing
E004901,2026-04-25 09:43:47.027027,job_viewed,C0475,J00912,U0256,Noida,Marketing
E000636,2026-04-25 09:56:45.405405,company_signup,C0636,,,Mumbai,
E004253,2026-04-25 10:35:40.540540,job_viewed,C0564,J00681,U1885,Bangalore,Data Analyst
E006423,2026-04-25 11:09:43.783783,application_submitted,C0501,J00904,U2387,Bangalore,Sales
E004951,2026-04-25 11:27:34.054054,job_viewed,C0431,J00929,U1781,Lucknow,HR
E004950,2026-04-25 11:27:34.054054,job_viewed,C0431,J00929,U0207,Lucknow,HR
E002122,2026-04-25 12:06:29.189189,job_posted,C0581,J01122,,Gurgaon,Marketing
E006427,2026-04-25 12:43:47.027027,application_submitted,C0475,J00912,U0256,Noida,Marketing
E003045,2026-04-25 13:11:21.081081,job_viewed,C0498,J00269,U1877,Mumbai,Marketing
E000637,2026-04-25 14:16:12.972972,company_signup,C0637,,,Delhi,
E002828,2026-04-25 14:42:09.729729,job_viewed,C0404,J00196,U1523,Delhi,HR
E001601,2026-04-25 14:42:09.729729,job_posted,C0626,J00601,,Lucknow,Sales
E002826,2026-04-25 14:42:09.729729,job_viewed,C0404,J00196,U0459,Delhi,HR
E006257,2026-04-25 16:35:40.540540,application_submitted,C0564,J00681,U1885,Bangalore,Data Analyst
E001041,2026-04-25 16:51:53.513513,job_posted,C0571,J00041,,Delhi,Sales
E000638,2026-04-25 18:35:40.540540,company_signup,C0638,,,Gurgaon,
E002462,2026-04-25 18:35:40.540540,job_viewed,C0527,J00085,U2077,Noida,Sales
E002228,2026-04-25 19:27:34.054054,job_viewed,C0505,J00007,U0870,Delhi,Sales
E005199,2026-04-25 20:58:22.702702,job_viewed,C0522,J01008,U1995,Lucknow,Software Engineer
E005198,2026-04-25 20:58:22.702702,job_viewed,C0522,J01008,U1532,Lucknow,Software Engineer
E005200,2026-04-25 20:58:22.702702,job_viewed,C0522,J01008,U2645,Lucknow,Software Engineer
E005643,2026-04-25 22:03:14.594594,job_viewed,C0550,J01157,U1603,Mumbai,Data Analyst
E002402,2026-04-25 22:03:14.594594,job_viewed,C0439,J00064,U0778,Pune,Business Analyst
E000639,2026-04-25 22:55:08.108108,company_signup,C0639,,,Mumbai,
E002322,2026-04-26 00:00:00.000000,job_viewed,C0556,J00037,U1049,Lucknow,Business Analyst
E001366,2026-04-26 01:04:51.891891,job_posted,C0584,J00366,,Lucknow,Marketing
E003405,2026-04-26 01:56:45.405405,job_viewed,C0451,J00384,U0682,Noida,Sales
E001866,2026-04-26 01:56:45.405405,job_posted,C0562,J00866,,Mumbai,Data Analyst
E004474,2026-04-26 03:14:35.675675,job_viewed,C0529,J00747,U0690,Gurgaon,Marketing
E000640,2026-04-26 03:14:35.675675,company_signup,C0640,,,Lucknow,
E002044,2026-04-26 03:27:34.054054,job_posted,C0579,J01044,,Hyderabad,HR
E002045,2026-04-26 03:27:34.054054,job_posted,C0579,J01045,,Pune,Business Analyst
E003931,2026-04-26 04:06:29.189189,job_viewed,C0507,J00574,U1162,Lucknow,HR
E001746,2026-04-26 05:37:17.837837,job_posted,C0635,J00746,,Mumbai,Sales
E003179,2026-04-26 05:50:16.216216,job_viewed,C0463,J00314,U2476,Gurgaon,Data Analyst
E003177,2026-04-26 05:50:16.216216,job_viewed,C0463,J00314,U0679,Gurgaon,Data Analyst
E002701,2026-04-26 07:21:04.864864,job_viewed,C0591,J00164,U1856,Pune,HR
E000641,2026-04-26 07:34:03.243243,company_signup,C0641,,,Noida,
E004926,2026-04-26 09:04:51.891891,job_viewed,C0436,J00923,U0304,Noida,Business Analyst
E003479,2026-04-26 09:17:50.270270,job_viewed,C0486,J00413,U0455,Bangalore,Software Engineer
E005788,2026-04-26 11:00:00.000000,application_submitted,C0556,J00039,U2892,Noida,Data Analyst
E000642,2026-04-26 11:53:30.810810,company_signup,C0642,,,Noida,
E005290,2026-04-26 12:58:22.702702,job_viewed,C0448,J01038,U0650,Lucknow,Sales
E005292,2026-04-26 12:58:22.702702,job_viewed,C0448,J01038,U0596,Lucknow,Sales
E005806,2026-04-26 13:03:14.594594,application_submitted,C0439,J00064,U0778,Pune,Business Analyst
E001387,2026-04-26 14:03:14.594594,job_posted,C0587,J00387,,Delhi,Marketing
E001044,2026-04-26 14:29:11.351351,job_posted,C0576,J00044,,Delhi,Software Engineer
E002345,2026-04-26 14:29:11.351351,job_viewed,C0576,J00043,U0017,Mumbai,Software Engineer
E000643,2026-04-26 16:12:58.378378,company_signup,C0643,,,Lucknow,
E001858,2026-04-26 16:38:55.135135,job_posted,C0632,J00858,,Lucknow,Business Analyst
E003099,2026-04-26 19:53:30.810810,job_viewed,C0605,J00289,U0707,Lucknow,Business Analyst
E000644,2026-04-26 20:32:25.945945,company_signup,C0644,,,Delhi,
E005134,2026-04-26 20:45:24.324324,job_viewed,C0583,J00992,U1444,Noida,Sales
E003588,2026-04-26 20:45:24.324324,job_viewed,C0472,J00460,U1145,Hyderabad,Business Analyst
E005209,2026-04-26 20:58:22.702702,job_viewed,C0522,J01010,U1645,Bangalore,HR
E002098,2026-04-26 21:11:21.081081,job_posted,C0572,J01098,,Bangalore,Sales
E005642,2026-04-26 22:03:14.594594,job_viewed,C0550,J01157,U1623,Mumbai,Data Analyst
E004568,2026-04-26 23:08:06.486486,job_viewed,C0467,J00790,U0833,Mumbai,Marketing
E004567,2026-04-26 23:08:06.486486,job_viewed,C0467,J00790,U2589,Mumbai,Marketing
E000645,2026-04-27 00:51:53.513513,company_signup,C0645,,,Lucknow,
E005017,2026-04-27 01:30:48.648648,job_viewed,C0462,J00946,U1245,Hyderabad,Data Analyst
E003404,2026-04-27 01:56:45.405405,job_viewed,C0451,J00384,U2438,Noida,Sales
E003698,2026-04-27 02:09:43.783783,job_viewed,C0612,J00496,U2492,Lucknow,Sales
E004884,2026-04-27 02:09:43.783783,job_viewed,C0501,J00904,U0072,Bangalore,Sales
E001718,2026-04-27 03:01:37.297297,job_posted,C0590,J00718,,Bangalore,Sales
E000646,2026-04-27 05:11:21.081081,company_signup,C0646,,,Pune,
E002572,2026-04-27 07:08:06.486486,job_viewed,C0430,J00125,U0029,Lucknow,Data Analyst
E002954,2026-04-27 07:21:04.864864,job_viewed,C0480,J00239,U2613,Bangalore,Data Analyst
E003114,2026-04-27 08:25:56.756756,job_viewed,C0619,J00293,U2373,Gurgaon,Business Analyst
E000647,2026-04-27 09:30:48.648648,company_signup,C0647,,,Pune,
E002799,2026-04-27 09:43:47.027027,job_viewed,C0586,J00188,U0228,Bangalore,Software Engineer
E002806,2026-04-27 09:43:47.027027,job_viewed,C0586,J00189,U0171,Pune,Data Analyst
E003720,2026-04-27 10:35:40.540540,job_viewed,C0453,J00504,U1229,Gurgaon,HR
E004313,2026-04-27 11:14:35.675675,job_viewed,C0492,J00701,U2122,Delhi,HR
E003001,2026-04-27 11:53:30.810810,job_viewed,C0531,J00255,U2400,Hyderabad,HR
E006490,2026-04-27 12:45:24.324324,application_submitted,C0583,J00992,U1444,Noida,Sales
E000648,2026-04-27 13:50:16.216216,company_signup,C0648,,,Delhi,
E002342,2026-04-27 14:29:11.351351,job_viewed,C0576,J00042,U2751,Hyderabad,HR
E002344,2026-04-27 14:29:11.351351,job_viewed,C0576,J00043,U0141,Mumbai,Software Engineer
E001279,2026-04-27 16:12:58.378378,job_posted,C0643,J00279,,Lucknow,Data Analyst
E001859,2026-04-27 16:38:55.135135,job_posted,C0632,J00859,,Mumbai,HR
E005051,2026-04-27 16:51:53.513513,job_viewed,C0460,J00960,U2647,Noida,Sales
E000649,2026-04-27 18:09:43.783783,company_signup,C0649,,,Lucknow,
E002992,2026-04-27 19:40:32.432432,job_viewed,C0444,J00251,U1580,Gurgaon,Data Analyst
E001290,2026-04-27 19:53:30.810810,job_posted,C0605,J00290,,Delhi,Marketing
E000650,2026-04-27 22:29:11.351351,company_signup,C0650,,,Pune,
E004566,2026-04-27 23:08:06.486486,job_viewed,C0467,J00790,U2878,Mumbai,Marketing
E005192,2026-04-27 23:21:04.864864,job_viewed,C0517,J01007,U2094,Pune,Marketing
E003329,2026-04-28 01:04:51.891891,job_viewed,C0473,J00358,U1841,Hyderabad,Sales
E004880,2026-04-28 02:09:43.783783,job_viewed,C0501,J00904,U0475,Bangalore,Sales
E000651,2026-04-28 02:48:38.918918,company_signup,C0651,,,Gurgaon,
E003296,2026-04-28 03:01:37.297297,job_viewed,C0479,J00348,U2133,Pune,HR
E001717,2026-04-28 03:01:37.297297,job_posted,C0590,J00717,,Noida,Marketing
E002046,2026-04-28 03:27:34.054054,job_posted,C0579,J01046,,Mumbai,Business Analyst
E001206,2026-04-28 03:40:32.432432,job_posted,C0629,J00206,,Pune,Marketing
E003603,2026-04-28 05:24:19.459459,job_viewed,C0585,J00465,U1983,Lucknow,Business Analyst
E003604,2026-04-28 05:24:19.459459,job_viewed,C0585,J00465,U0433,Lucknow,Business Analyst
E004073,2026-04-28 06:42:09.729729,job_viewed,C0552,J00621,U0106,Bangalore,HR
E002527,2026-04-28 07:08:06.486486,job_viewed,C0541,J00105,U0920,Bangalore,Marketing
E000652,2026-04-28 07:08:06.486486,company_signup,C0652,,,Lucknow,
E002530,2026-04-28 07:08:06.486486,job_viewed,C0541,J00107,U1180,Delhi,Marketing
E001367,2026-04-28 08:00:00.000000,job_posted,C0630,J00367,,Pune,Software Engineer
E006126,2026-04-28 08:09:43.783783,application_submitted,C0612,J00496,U2492,Lucknow,Sales
E004556,2026-04-28 08:51:53.513513,job_viewed,C0608,J00783,U2697,Hyderabad,Marketing
E004930,2026-04-28 09:04:51.891891,job_viewed,C0436,J00923,U2062,Noida,Business Analyst
E004533,2026-04-28 09:30:48.648648,job_viewed,C0536,J00776,U1742,Mumbai,Business Analyst
E005354,2026-04-28 10:09:43.783783,job_viewed,C0575,J01060,U1198,Lucknow,Business Analyst
E000653,2026-04-28 11:27:34.054054,company_signup,C0653,,,Gurgaon,
E005091,2026-04-28 11:40:32.432432,job_viewed,C0592,J00976,U1873,Gurgaon,Marketing
E005089,2026-04-28 11:40:32.432432,job_viewed,C0592,J00975,U1335,Lucknow,Software Engineer
E002139,2026-04-28 11:53:30.810810,job_posted,C0642,J01139,,Lucknow,Sales
E002416,2026-04-28 13:37:17.837837,job_viewed,C0487,J00069,U2038,Gurgaon,Data Analyst
E001758,2026-04-28 14:16:12.972972,job_posted,C0637,J00758,,Hyderabad,Business Analyst
E000654,2026-04-28 15:47:01.621621,company_signup,C0654,,,Pune,
E002299,2026-04-28 16:38:55.135135,job_viewed,C0521,J00029,U1448,Noida,Data Analyst
E005052,2026-04-28 16:51:53.513513,job_viewed,C0460,J00960,U1973,Noida,Sales
E004646,2026-04-28 17:30:48.648648,job_viewed,C0499,J00812,U1885,Pune,Data Analyst
E004643,2026-04-28 17:30:48.648648,job_viewed,C0499,J00812,U1363,Pune,Data Analyst
E002068,2026-04-28 19:27:34.054054,job_posted,C0616,J01068,,Noida,Software Engineer
E002878,2026-04-28 19:40:32.432432,job_viewed,C0555,J00215,U0056,Noida,Software Engineer
E000655,2026-04-28 20:06:29.189189,company_signup,C0655,,,Noida,
E006323,2026-04-28 20:30:48.648648,application_submitted,C0536,J00776,U1742,Mumbai,Business Analyst
E001234,2026-04-28 20:58:22.702702,job_posted,C0633,J00234,,Mumbai,Software Engineer
E006032,2026-04-28 22:04:51.891891,application_submitted,C0473,J00358,U1841,Hyderabad,Sales
E003345,2026-04-28 22:55:08.108108,job_viewed,C0528,J00361,U0662,Gurgaon,Business Analyst
E002194,2026-04-29 00:12:58.378378,job_posted,C0606,J01194,,Gurgaon,HR
E000656,2026-04-29 00:25:56.756756,company_signup,C0656,,,Pune,
E003241,2026-04-29 00:38:55.135135,job_viewed,C0484,J00334,U2210,Mumbai,Data Analyst
E002313,2026-04-29 01:43:47.027027,job_viewed,C0512,J00034,U2161,Lucknow,Business Analyst
E004881,2026-04-29 02:09:43.783783,job_viewed,C0501,J00904,U1516,Bangalore,Sales
E004387,2026-04-29 03:01:37.297297,job_viewed,C0590,J00717,U2224,Noida,Marketing
E004475,2026-04-29 03:14:35.675675,job_viewed,C0529,J00747,U1569,Gurgaon,Marketing
E002438,2026-04-29 03:53:30.810810,job_viewed,C0568,J00076,U1824,Hyderabad,Software Engineer
E003155,2026-04-29 04:19:27.567567,job_viewed,C0557,J00307,U2885,Lucknow,Software Engineer
E003018,2026-04-29 04:32:25.945945,job_viewed,C0496,J00261,U1185,Gurgaon,Business Analyst
E006478,2026-04-29 04:40:32.432432,application_submitted,C0592,J00976,U1873,Gurgaon,Marketing
E000657,2026-04-29 04:45:24.324324,company_signup,C0657,,,Gurgaon,
E003959,2026-04-29 05:11:21.081081,job_viewed,C0535,J00585,U2813,Mumbai,HR
E004472,2026-04-29 05:37:17.837837,job_viewed,C0635,J00746,U2042,Mumbai,Sales
E002016,2026-04-29 06:55:08.108108,job_posted,C0602,J01016,,Pune,Marketing
E006467,2026-04-29 08:51:53.513513,application_submitted,C0460,J00960,U1973,Noida,Sales
E000658,2026-04-29 09:04:51.891891,company_signup,C0658,,,Bangalore,
E003478,2026-04-29 09:17:50.270270,job_viewed,C0486,J00413,U1687,Bangalore,Software Engineer
E002807,2026-04-29 09:43:47.027027,job_viewed,C0586,J00189,U0189,Pune,Data Analyst
E005356,2026-04-29 10:09:43.783783,job_viewed,C0575,J01060,U1178,Lucknow,Business Analyst
E006101,2026-04-29 11:24:19.459459,application_submitted,C0585,J00465,U1983,Lucknow,Business Analyst
E005095,2026-04-29 11:40:32.432432,job_viewed,C0592,J00976,U0907,Gurgaon,Marketing
E003844,2026-04-29 12:32:25.945945,job_viewed,C0570,J00546,U0326,Mumbai,Software Engineer
E000659,2026-04-29 13:24:19.459459,company_signup,C0659,,,Hyderabad,
E002418,2026-04-29 13:37:17.837837,job_viewed,C0487,J00069,U1102,Gurgaon,Data Analyst
E001389,2026-04-29 14:03:14.594594,job_posted,C0587,J00389,,Hyderabad,Business Analyst
E006010,2026-04-29 15:38:55.135135,application_submitted,C0484,J00334,U2210,Mumbai,Data Analyst
E002339,2026-04-29 16:51:53.513513,job_viewed,C0571,J00041,U1782,Delhi,Sales
E004676,2026-04-29 17:04:51.891891,job_viewed,C0510,J00822,U0550,Noida,Data Analyst
E006422,2026-04-29 17:09:43.783783,application_submitted,C0501,J00904,U1516,Bangalore,Sales
E004642,2026-04-29 17:30:48.648648,job_viewed,C0499,J00812,U2657,Pune,Data Analyst
E000660,2026-04-29 17:43:47.027027,company_signup,C0660,,,Mumbai,
E002467,2026-04-29 18:35:40.540540,job_viewed,C0527,J00085,U2260,Noida,Sales
E005135,2026-04-29 20:45:24.324324,job_viewed,C0583,J00992,U0632,Noida,Sales
E006351,2026-04-29 21:30:48.648648,application_submitted,C0499,J00812,U1885,Pune,Data Analyst
E005284,2026-04-29 21:50:16.216216,job_viewed,C0500,J01037,U0718,Lucknow,Business Analyst
E000661,2026-04-29 22:03:14.594594,company_signup,C0661,,,Lucknow,
E003337,2026-04-29 22:55:08.108108,job_viewed,C0528,J00360,U2890,Bangalore,HR
E006540,2026-04-29 23:09:43.783783,application_submitted,C0575,J01060,U1198,Lucknow,Business Analyst
E004882,2026-04-30 02:09:43.783783,job_viewed,C0501,J00904,U2868,Bangalore,Sales
E000662,2026-04-30 02:22:42.162162,company_signup,C0662,,,Bangalore,
E002138,2026-04-30 04:58:22.702702,job_posted,C0596,J01138,,Bangalore,Marketing
E005556,2026-04-30 04:58:22.702702,job_viewed,C0596,J01137,U1894,Noida,Business Analyst
E003963,2026-04-30 05:11:21.081081,job_viewed,C0535,J00587,U0597,Bangalore,Sales
E003175,2026-04-30 05:50:16.216216,job_viewed,C0463,J00314,U1170,Gurgaon,Data Analyst
E000663,2026-04-30 06:42:09.729729,company_signup,C0663,,,Pune,
E004819,2026-04-30 08:00:00.000000,job_viewed,C0519,J00879,U1058,Hyderabad,Business Analyst
E002767,2026-04-30 08:51:53.513513,job_viewed,C0497,J00180,U1952,Gurgaon,Software Engineer
E001172,2026-04-30 09:56:45.405405,job_posted,C0636,J00172,,Noida,HR
E000664,2026-04-30 11:01:37.297297,company_signup,C0664,,,Noida,
E001641,2026-04-30 11:27:34.054054,job_posted,C0653,J00641,,Noida,Sales
E003066,2026-04-30 12:45:24.324324,job_viewed,C0509,J00274,U1066,Hyderabad,Software Engineer
E005655,2026-04-30 12:58:22.702702,job_viewed,C0559,J01166,U1060,Noida,Data Analyst
E004003,2026-04-30 14:42:09.729729,job_viewed,C0626,J00601,U2758,Lucknow,Sales
E000665,2026-04-30 15:21:04.864864,company_signup,C0665,,,Delhi,
E004673,2026-04-30 17:04:51.891891,job_viewed,C0510,J00821,U1693,Lucknow,Business Analyst
E002499,2026-04-30 17:43:47.027027,job_viewed,C0549,J00096,U1504,Bangalore,Sales
E002456,2026-04-30 18:35:40.540540,job_viewed,C0527,J00084,U2102,Gurgaon,Software Engineer
E000666,2026-04-30 19:40:32.432432,company_signup,C0666,,,Pune,
E002983,2026-04-30 19:40:32.432432,job_viewed,C0444,J00250,U1550,Mumbai,Marketing
E004452,2026-04-30 23:34:03.243243,job_viewed,C0456,J00738,U0993,Pune,HR
E002327,2026-05-01 00:00:00.000000,job_viewed,C0556,J00038,U2551,Delhi,Data Analyst
E000667,2026-05-01 00:00:00.000000,company_signup,C0667,,,Noida,
E002323,2026-05-01 00:00:00.000000,job_viewed,C0556,J00037,U0116,Lucknow,Business Analyst
E002320,2026-05-01 00:00:00.000000,job_viewed,C0556,J00037,U1338,Lucknow,Business Analyst
E002319,2026-05-01 00:00:00.000000,job_viewed,C0556,J00037,U1017,Lucknow,Business Analyst
E002316,2026-05-01 01:43:47.027027,job_viewed,C0512,J00035,U2932,Delhi,Marketing
E006522,2026-05-01 01:50:16.216216,application_submitted,C0500,J01037,U0718,Lucknow,Business Analyst
E003407,2026-05-01 01:56:45.405405,job_viewed,C0451,J00384,U2308,Noida,Sales
E003403,2026-05-01 01:56:45.405405,job_viewed,C0451,J00384,U2510,Noida,Sales
E003406,2026-05-01 01:56:45.405405,job_viewed,C0451,J00384,U2383,Noida,Sales
E004388,2026-05-01 03:01:37.297297,job_viewed,C0590,J00717,U1495,Noida,Marketing
E004389,2026-05-01 03:01:37.297297,job_viewed,C0590,J00718,U2325,Bangalore,Sales
E001325,2026-05-01 03:14:35.675675,job_posted,C0640,J00325,,Pune,Data Analyst
E000668,2026-05-01 04:19:27.567567,company_signup,C0668,,,Hyderabad,
E002198,2026-05-01 05:11:21.081081,job_posted,C0646,J01198,,Lucknow,Software Engineer
E003608,2026-05-01 05:24:19.459459,job_viewed,C0585,J00466,U1637,Mumbai,Data Analyst
E003611,2026-05-01 05:24:19.459459,job_viewed,C0585,J00466,U1946,Mumbai,Data Analyst
E005733,2026-05-01 05:50:16.216216,job_viewed,C0574,J01192,U1566,Delhi,HR
E005996,2026-05-01 06:50:16.216216,application_submitted,C0463,J00314,U1170,Gurgaon,Data Analyst
E002575,2026-05-01 07:08:06.486486,job_viewed,C0430,J00126,U0904,Hyderabad,Data Analyst
E001163,2026-05-01 07:21:04.864864,job_posted,C0591,J00163,,Mumbai,Software Engineer
E000669,2026-05-01 08:38:55.135135,company_signup,C0669,,,Pune,
E005083,2026-05-01 09:17:50.270270,job_viewed,C0597,J00974,U1998,Lucknow,Marketing
E002389,2026-05-01 10:22:42.162162,job_viewed,C0514,J00060,U0306,Noida,HR
E004254,2026-05-01 10:35:40.540540,job_viewed,C0564,J00681,U0124,Bangalore,Data Analyst
E004129,2026-05-01 11:27:34.054054,job_viewed,C0653,J00641,U1215,Noida,Sales
E000670,2026-05-01 12:58:22.702702,company_signup,C0670,,,Gurgaon,
E001995,2026-05-01 13:37:17.837837,job_posted,C0598,J00995,,Mumbai,Software Engineer
E002417,2026-05-01 13:37:17.837837,job_viewed,C0487,J00069,U1410,Gurgaon,Data Analyst
E001850,2026-05-01 15:21:04.864864,job_posted,C0665,J00850,,Pune,Business Analyst
E001523,2026-05-01 16:00:00.000000,job_posted,C0593,J00523,,Delhi,Sales
E000671,2026-05-01 17:17:50.270270,company_signup,C0671,,,Delhi,
E004977,2026-05-01 17:56:45.405405,job_viewed,C0599,J00936,U1893,Gurgaon,Business Analyst
E005465,2026-05-01 18:22:42.162162,job_viewed,C0588,J01111,U1499,Gurgaon,Software Engineer
E004445,2026-05-01 19:14:35.675675,job_viewed,C0566,J00736,U1757,Mumbai,Data Analyst
E002880,2026-05-01 19:40:32.432432,job_viewed,C0555,J00215,U0574,Noida,Software Engineer
E006446,2026-05-01 19:56:45.405405,application_submitted,C0599,J00936,U1893,Gurgaon,Business Analyst
E006358,2026-05-01 20:04:51.891891,application_submitted,C0510,J00821,U1693,Lucknow,Business Analyst
E000672,2026-05-01 21:37:17.837837,company_signup,C0672,,,Noida,
E005283,2026-05-01 21:50:16.216216,job_viewed,C0500,J01036,U1093,Noida,Marketing
E002147,2026-05-01 22:29:11.351351,job_posted,C0650,J01147,,Pune,Marketing
E003339,2026-05-01 22:55:08.108108,job_viewed,C0528,J00360,U1718,Bangalore,HR
E005786,2026-05-02 00:00:00.000000,application_submitted,C0556,J00037,U1017,Lucknow,Business Analyst
E002519,2026-05-02 01:17:50.270270,job_viewed,C0523,J00102,U0381,Pune,Marketing
E000673,2026-05-02 01:56:45.405405,company_signup,C0673,,,Noida,
E002075,2026-05-02 02:35:40.540540,job_posted,C0601,J01075,,Noida,Sales
E004390,2026-05-02 03:01:37.297297,job_viewed,C0590,J00718,U1759,Bangalore,Sales
E003149,2026-05-02 04:19:27.567567,job_viewed,C0557,J00306,U2259,Bangalore,Software Engineer
E005551,2026-05-02 04:58:22.702702,job_viewed,C0596,J01136,U0868,Lucknow,HR
E003612,2026-05-02 05:24:19.459459,job_viewed,C0585,J00466,U0084,Mumbai,Data Analyst
E000674,2026-05-02 06:16:12.972972,company_signup,C0674,,,Noida,
E003475,2026-05-02 09:17:50.270270,job_viewed,C0486,J00413,U0774,Bangalore,Software Engineer
E006051,2026-05-02 09:56:45.405405,application_submitted,C0451,J00384,U2383,Noida,Sales
E005353,2026-05-02 10:09:43.783783,job_viewed,C0575,J01060,U2356,Lucknow,Business Analyst
E000675,2026-05-02 10:35:40.540540,company_signup,C0675,,,Hyderabad,
E001996,2026-05-02 11:14:35.675675,job_posted,C0603,J00996,,Noida,HR
E001997,2026-05-02 11:14:35.675675,job_posted,C0603,J00997,,Bangalore,Software Engineer
E004315,2026-05-02 11:14:35.675675,job_viewed,C0492,J00701,U2060,Delhi,HR
E001731,2026-05-02 12:45:24.324324,job_posted,C0620,J00731,,Hyderabad,Software Engineer
E003065,2026-05-02 12:45:24.324324,job_viewed,C0509,J00274,U0570,Hyderabad,Software Engineer
E002280,2026-05-02 14:55:08.108108,job_viewed,C0454,J00025,U1308,Mumbai,HR
E000676,2026-05-02 14:55:08.108108,company_signup,C0676,,,Pune,
E004454,2026-05-02 16:00:00.000000,job_viewed,C0482,J00739,U1061,Bangalore,Data Analyst
E001857,2026-05-02 16:38:55.135135,job_posted,C0632,J00857,,Gurgaon,Business Analyst
E001446,2026-05-02 17:04:51.891891,job_posted,C0621,J00446,,Noida,Sales
E002286,2026-05-02 17:17:50.270270,job_viewed,C0560,J00026,U2631,Lucknow,HR
E004644,2026-05-02 17:30:48.648648,job_viewed,C0499,J00812,U0333,Pune,Data Analyst
E005948,2026-05-02 17:40:32.432432,application_submitted,C0444,J00250,U1550,Mumbai,Marketing
E004974,2026-05-02 17:56:45.405405,job_viewed,C0599,J00936,U0024,Gurgaon,Business Analyst
E004976,2026-05-02 17:56:45.405405,job_viewed,C0599,J00936,U2395,Gurgaon,Business Analyst
E001937,2026-05-02 17:56:45.405405,job_posted,C0599,J00937,,Noida,Software Engineer
E000677,2026-05-02 19:14:35.675675,company_signup,C0677,,,Hyderabad,
E002066,2026-05-02 19:27:34.054054,job_posted,C0616,J01066,,Lucknow,Business Analyst
E002879,2026-05-02 19:40:32.432432,job_viewed,C0555,J00215,U2601,Noida,Software Engineer
E001882,2026-05-02 20:32:25.945945,job_posted,C0644,J00882,,Mumbai,Business Analyst
E001537,2026-05-02 21:24:19.459459,job_posted,C0622,J00537,,Pune,Data Analyst
E005787,2026-05-02 22:00:00.000000,application_submitted,C0556,J00038,U2551,Delhi,Data Analyst
E004453,2026-05-02 23:34:03.243243,job_viewed,C0456,J00738,U0173,Pune,HR
E000678,2026-05-02 23:34:03.243243,company_signup,C0678,,,Lucknow,
E002324,2026-05-03 00:00:00.000000,job_viewed,C0556,J00037,U1802,Lucknow,Business Analyst
E006258,2026-05-03 01:35:40.540540,application_submitted,C0564,J00681,U0124,Bangalore,Data Analyst
E004879,2026-05-03 02:09:43.783783,job_viewed,C0501,J00903,U1276,Delhi,Software Engineer
E001497,2026-05-03 02:09:43.783783,job_posted,C0612,J00497,,Bangalore,Business Analyst
E004186,2026-05-03 02:35:40.540540,job_viewed,C0490,J00655,U0101,Pune,Marketing
E001253,2026-05-03 02:48:38.918918,job_posted,C0651,J00253,,Delhi,HR
E006477,2026-05-03 03:17:50.270270,application_submitted,C0597,J00974,U1998,Lucknow,Marketing
E005970,2026-05-03 03:45:24.324324,application_submitted,C0509,J00274,U0570,Hyderabad,Software Engineer
E000679,2026-05-03 03:53:30.810810,company_signup,C0679,,,Mumbai,
E003605,2026-05-03 05:24:19.459459,job_viewed,C0585,J00465,U0999,Lucknow,Business Analyst
E003600,2026-05-03 05:24:19.459459,job_viewed,C0585,J00464,U0916,Hyderabad,HR
E004072,2026-05-03 06:42:09.729729,job_viewed,C0552,J00620,U0077,Bangalore,Software Engineer
E006302,2026-05-03 07:34:03.243243,application_submitted,C0456,J00738,U0173,Pune,HR
E000680,2026-05-03 08:12:58.378378,company_signup,C0680,,,Mumbai,
E001666,2026-05-03 08:38:55.135135,job_posted,C0669,J00666,,Mumbai,Software Engineer
E003471,2026-05-03 09:17:50.270270,job_viewed,C0486,J00412,U1449,Gurgaon,Sales
E001417,2026-05-03 09:30:48.648648,job_posted,C0647,J00417,,Hyderabad,HR
E006269,2026-05-03 10:14:35.675675,application_submitted,C0492,J00701,U2060,Delhi,HR
E002393,2026-05-03 10:22:42.162162,job_viewed,C0514,J00060,U1205,Noida,HR
E004250,2026-05-03 10:35:40.540540,job_viewed,C0564,J00681,U1649,Bangalore,Data Analyst
E000681,2026-05-03 12:32:25.945945,company_signup,C0681,,,Lucknow,
E003413,2026-05-03 14:03:14.594594,job_viewed,C0587,J00389,U0887,Hyderabad,Business Analyst
E006102,2026-05-03 14:24:19.459459,application_submitted,C0585,J00466,U0084,Mumbai,Data Analyst
E001516,2026-05-03 14:55:08.108108,job_posted,C0676,J00516,,Pune,HR
E001434,2026-05-03 15:08:06.486486,job_posted,C0615,J00434,,Delhi,Marketing
E000682,2026-05-03 16:51:53.513513,company_signup,C0682,,,Pune,
E002128,2026-05-03 17:17:50.270270,job_posted,C0671,J01128,,Lucknow,HR
E002501,2026-05-03 17:43:47.027027,job_viewed,C0549,J00096,U1658,Bangalore,Sales
E002463,2026-05-03 18:35:40.540540,job_viewed,C0527,J00085,U2995,Noida,Sales
E001883,2026-05-03 20:32:25.945945,job_posted,C0644,J00883,,Gurgaon,Business Analyst
E001235,2026-05-03 20:58:22.702702,job_posted,C0633,J00235,,Mumbai,Data Analyst
E000683,2026-05-03 21:11:21.081081,company_signup,C0683,,,Gurgaon,
E001538,2026-05-03 21:24:19.459459,job_posted,C0622,J00538,,Noida,Sales
E003336,2026-05-03 22:55:08.108108,job_viewed,C0528,J00360,U1153,Bangalore,HR
E004569,2026-05-03 23:08:06.486486,job_viewed,C0467,J00790,U0560,Mumbai,Marketing
E003326,2026-05-04 01:04:51.891891,job_viewed,C0473,J00358,U2559,Hyderabad,Sales
E006421,2026-05-04 01:09:43.783783,application_submitted,C0501,J00903,U1276,Delhi,Software Engineer
E000684,2026-05-04 01:30:48.648648,company_signup,C0684,,,Hyderabad,
E004787,2026-05-04 01:56:45.405405,job_viewed,C0562,J00866,U0635,Mumbai,Data Analyst
E003702,2026-05-04 02:09:43.783783,job_viewed,C0612,J00497,U2283,Bangalore,Business Analyst
E005385,2026-05-04 02:35:40.540540,job_viewed,C0601,J01074,U0769,Gurgaon,Data Analyst
E003929,2026-05-04 04:06:29.189189,job_viewed,C0507,J00574,U1309,Lucknow,HR
E001745,2026-05-04 05:37:17.837837,job_posted,C0635,J00745,,Bangalore,Sales
E000685,2026-05-04 05:50:16.216216,company_signup,C0685,,,Delhi,
E006398,2026-05-04 05:56:45.405405,application_submitted,C0562,J00866,U0635,Mumbai,Data Analyst
E006303,2026-05-04 07:00:00.000000,application_submitted,C0482,J00739,U1061,Bangalore,Data Analyst
E001294,2026-05-04 08:25:56.756756,job_posted,C0619,J00294,,Bangalore,Business Analyst
E004555,2026-05-04 08:51:53.513513,job_viewed,C0608,J00783,U0961,Hyderabad,Marketing
E004529,2026-05-04 09:30:48.648648,job_viewed,C0536,J00776,U0687,Mumbai,Business Analyst
E004531,2026-05-04 09:30:48.648648,job_viewed,C0536,J00776,U2655,Mumbai,Business Analyst
E006444,2026-05-04 09:56:45.405405,application_submitted,C0599,J00936,U0024,Gurgaon,Business Analyst
E001173,2026-05-04 09:56:45.405405,job_posted,C0636,J00173,,Mumbai,Data Analyst
E005358,2026-05-04 10:09:43.783783,job_viewed,C0575,J01060,U1309,Lucknow,Business Analyst
E000686,2026-05-04 10:09:43.783783,company_signup,C0686,,,Noida,
E004314,2026-05-04 11:14:35.675675,job_viewed,C0492,J00701,U0698,Delhi,HR
E005096,2026-05-04 11:40:32.432432,job_viewed,C0592,J00976,U0911,Gurgaon,Marketing
E005564,2026-05-04 11:53:30.810810,job_viewed,C0642,J01139,U1987,Lucknow,Sales
E006349,2026-05-04 12:30:48.648648,application_submitted,C0499,J00812,U0333,Pune,Data Analyst
E004438,2026-05-04 12:45:24.324324,job_viewed,C0620,J00731,U0711,Hyderabad,Software Engineer
E001730,2026-05-04 12:45:24.324324,job_posted,C0620,J00730,,Gurgaon,HR
E001957,2026-05-04 13:11:21.081081,job_posted,C0609,J00957,,Hyderabad,Marketing
E001777,2026-05-04 13:24:19.459459,job_posted,C0659,J00777,,Bangalore,Data Analyst
E000687,2026-05-04 14:29:11.351351,company_signup,C0687,,,Noida,
E005829,2026-05-04 14:43:47.027027,application_submitted,C0549,J00096,U1658,Bangalore,Sales
E006445,2026-05-04 14:56:45.405405,application_submitted,C0599,J00936,U2395,Gurgaon,Business Analyst
E005665,2026-05-04 16:12:58.378378,job_viewed,C0532,J01170,U1586,Lucknow,Business Analyst
E004767,2026-05-04 16:38:55.135135,job_viewed,C0632,J00857,U0167,Gurgaon,Business Analyst
E002291,2026-05-04 17:17:50.270270,job_viewed,C0560,J00026,U0658,Lucknow,HR
E002289,2026-05-04 17:17:50.270270,job_viewed,C0560,J00026,U1149,Lucknow,HR
E004975,2026-05-04 17:56:45.405405,job_viewed,C0599,J00936,U0676,Gurgaon,Business Analyst
E003766,2026-05-04 18:48:38.918918,job_viewed,C0577,J00520,U1406,Noida,Business Analyst
E000688,2026-05-04 18:48:38.918918,company_signup,C0688,,,Pune,
E002067,2026-05-04 19:27:34.054054,job_posted,C0616,J01067,,Mumbai,Business Analyst
E003098,2026-05-04 19:53:30.810810,job_viewed,C0605,J00289,U2974,Lucknow,Business Analyst
E001491,2026-05-04 21:50:16.216216,job_posted,C0611,J00491,,Noida,Data Analyst
E006255,2026-05-04 22:35:40.540540,application_submitted,C0564,J00681,U1649,Bangalore,Data Analyst
E000689,2026-05-04 23:08:06.486486,company_signup,C0689,,,Gurgaon,
E001820,2026-05-04 23:34:03.243243,job_posted,C0678,J00820,,Noida,Sales
E001326,2026-05-05 00:25:56.756756,job_posted,C0656,J00326,,Bangalore,Marketing
E001925,2026-05-05 01:30:48.648648,job_posted,C0684,J00925,,Noida,Marketing
E001498,2026-05-05 02:09:43.783783,job_posted,C0612,J00498,,Mumbai,Marketing
E005982,2026-05-05 02:53:30.810810,application_submitted,C0605,J00289,U2974,Lucknow,Business Analyst
E005314,2026-05-05 03:27:34.054054,job_viewed,C0579,J01046,U1935,Mumbai,Business Analyst
E000690,2026-05-05 03:27:34.054054,company_signup,C0690,,,Mumbai,
E002437,2026-05-05 03:53:30.810810,job_viewed,C0568,J00076,U2365,Hyderabad,Software Engineer
E006322,2026-05-05 04:30:48.648648,application_submitted,C0536,J00776,U2655,Mumbai,Business Analyst
E003961,2026-05-05 05:11:21.081081,job_viewed,C0535,J00586,U1225,Delhi,Marketing
E003607,2026-05-05 05:24:19.459459,job_viewed,C0585,J00466,U0415,Mumbai,Data Analyst
E004467,2026-05-05 05:37:17.837837,job_viewed,C0635,J00745,U0204,Bangalore,Sales
E003173,2026-05-05 05:50:16.216216,job_viewed,C0463,J00314,U1851,Gurgaon,Data Analyst
E004074,2026-05-05 06:42:09.729729,job_viewed,C0552,J00621,U2599,Bangalore,HR
E004070,2026-05-05 06:42:09.729729,job_viewed,C0552,J00620,U0205,Bangalore,Software Engineer
E005241,2026-05-05 06:55:08.108108,job_viewed,C0602,J01016,U2686,Pune,Marketing
E006391,2026-05-05 07:38:55.135135,application_submitted,C0632,J00857,U0167,Gurgaon,Business Analyst
E000691,2026-05-05 07:47:01.621621,company_signup,C0691,,,Mumbai,
E005821,2026-05-05 08:35:40.540540,application_submitted,C0527,J00085,U2995,Noida,Sales
E001174,2026-05-05 09:56:45.405405,job_posted,C0636,J00174,,Lucknow,Software Engineer
E004252,2026-05-05 10:35:40.540540,job_viewed,C0564,J00681,U2256,Bangalore,Data Analyst
E003358,2026-05-05 10:48:38.918918,job_viewed,C0614,J00368,U2753,Pune,Business Analyst
E004310,2026-05-05 11:14:35.675675,job_viewed,C0492,J00699,U0713,Hyderabad,Marketing
E002141,2026-05-05 11:53:30.810810,job_posted,C0642,J01141,,Noida,Sales
E000692,2026-05-05 12:06:29.189189,company_signup,C0692,,,Noida,
E004431,2026-05-05 12:45:24.324324,job_viewed,C0620,J00730,U2889,Gurgaon,HR
E004539,2026-05-05 13:24:19.459459,job_viewed,C0659,J00777,U1046,Bangalore,Data Analyst
E001759,2026-05-05 14:16:12.972972,job_posted,C0637,J00759,,Noida,Data Analyst
E002341,2026-05-05 14:29:11.351351,job_viewed,C0576,J00042,U2120,Hyderabad,HR
E001860,2026-05-05 14:29:11.351351,job_posted,C0687,J00860,,Delhi,HR
E006479,2026-05-05 14:40:32.432432,application_submitted,C0592,J00976,U0911,Gurgaon,Marketing
E000693,2026-05-05 16:25:56.756756,company_signup,C0693,,,Pune,
E002337,2026-05-05 16:51:53.513513,job_viewed,C0571,J00041,U0076,Delhi,Sales
E001864,2026-05-05 19:01:37.297297,job_posted,C0627,J00864,,Noida,Marketing
E005130,2026-05-05 20:45:24.324324,job_viewed,C0583,J00992,U2550,Noida,Sales
E000694,2026-05-05 20:45:24.324324,company_signup,C0694,,,Hyderabad,
E006542,2026-05-05 23:09:43.783783,application_submitted,C0575,J01060,U1309,Lucknow,Business Analyst
E003327,2026-05-06 01:04:51.891891,job_viewed,C0473,J00358,U0216,Hyderabad,Sales
E000695,2026-05-06 01:04:51.891891,company_signup,C0695,,,Mumbai,
E001194,2026-05-06 01:56:45.405405,job_posted,C0673,J00194,,Bangalore,Data Analyst
E005074,2026-05-06 04:06:29.189189,job_viewed,C0618,J00972,U2092,Pune,Sales
E000696,2026-05-06 05:24:19.459459,company_signup,C0696,,,Hyderabad,
E004066,2026-05-06 06:42:09.729729,job_viewed,C0552,J00620,U0560,Bangalore,Software Engineer
E005791,2026-05-06 06:51:53.513513,application_submitted,C0571,J00041,U0076,Delhi,Sales
E004224,2026-05-06 07:34:03.243243,job_viewed,C0530,J00670,U1297,Gurgaon,Software Engineer
E002055,2026-05-06 08:12:58.378378,job_posted,C0680,J01055,,Bangalore,Marketing
E001810,2026-05-06 09:04:51.891891,job_posted,C0658,J00810,,Pune,Marketing
E003476,2026-05-06 09:17:50.270270,job_viewed,C0486,J00413,U1676,Bangalore,Software Engineer
E000697,2026-05-06 09:43:47.027027,company_signup,C0697,,,Gurgaon,
E004311,2026-05-06 11:14:35.675675,job_viewed,C0492,J00700,U1500,Lucknow,Sales
E005148,2026-05-06 13:37:17.837837,job_viewed,C0598,J00995,U0585,Mumbai,Software Engineer
E001131,2026-05-06 13:50:16.216216,job_posted,C0648,J00131,,Delhi,Marketing
E000698,2026-05-06 14:03:14.594594,company_signup,C0698,,,Mumbai,
E002348,2026-05-06 14:29:11.351351,job_viewed,C0576,J00043,U0520,Mumbai,Software Engineer
E001851,2026-05-06 15:21:04.864864,job_posted,C0665,J00851,,Lucknow,Marketing
E002162,2026-05-06 15:47:01.621621,job_posted,C0654,J01162,,Bangalore,HR
E004766,2026-05-06 16:38:55.135135,job_viewed,C0632,J00857,U0019,Gurgaon,Business Analyst
E002335,2026-05-06 16:51:53.513513,job_viewed,C0571,J00041,U0431,Delhi,Sales
E002500,2026-05-06 17:43:47.027027,job_viewed,C0549,J00096,U2055,Bangalore,Sales
E001185,2026-05-06 18:09:43.783783,job_posted,C0649,J00185,,Noida,Marketing
E000699,2026-05-06 18:22:42.162162,company_signup,C0699,,,Mumbai,
E002461,2026-05-06 18:35:40.540540,job_viewed,C0527,J00084,U0706,Gurgaon,Software Engineer
E005814,2026-05-06 18:53:30.810810,application_submitted,C0568,J00076,U2365,Hyderabad,Software Engineer
E004893,2026-05-06 20:06:29.189189,job_viewed,C0544,J00908,U2389,Bangalore,HR
E002939,2026-05-06 20:58:22.702702,job_viewed,C0633,J00234,U1602,Mumbai,Software Engineer
E003821,2026-05-06 21:24:19.459459,job_viewed,C0622,J00537,U2837,Pune,Data Analyst
E000700,2026-05-06 22:42:09.729729,company_signup,C0700,,,Bangalore,
E003878,2026-05-06 23:47:01.621621,job_viewed,C0617,J00555,U0751,Gurgaon,Marketing
E003873,2026-05-06 23:47:01.621621,job_viewed,C0617,J00555,U2161,Gurgaon,Marketing
E002174,2026-05-07 01:04:51.891891,job_posted,C0695,J01174,,Lucknow,Software Engineer
E002520,2026-05-07 01:17:50.270270,job_viewed,C0523,J00103,U0673,Pune,Data Analyst
E005828,2026-05-07 01:43:47.027027,application_submitted,C0549,J00096,U2055,Bangalore,Sales
E003694,2026-05-07 02:09:43.783783,job_viewed,C0612,J00496,U1373,Lucknow,Sales
E000701,2026-05-07 03:01:37.297297,company_signup,C0701,,,Mumbai,
E002854,2026-05-07 03:40:32.432432,job_viewed,C0629,J00206,U0129,Pune,Marketing
E002439,2026-05-07 03:53:30.810810,job_viewed,C0568,J00076,U1580,Hyderabad,Software Engineer
E005073,2026-05-07 04:06:29.189189,job_viewed,C0618,J00972,U2197,Pune,Sales
E003150,2026-05-07 04:19:27.567567,job_viewed,C0557,J00306,U0703,Bangalore,Software Engineer
E005554,2026-05-07 04:58:22.702702,job_viewed,C0596,J01136,U2054,Lucknow,HR
E001986,2026-05-07 07:08:06.486486,job_posted,C0652,J00986,,Bangalore,HR
E000702,2026-05-07 07:21:04.864864,company_signup,C0702,,,Lucknow,
E002070,2026-05-07 07:34:03.243243,job_posted,C0641,J01070,,Gurgaon,Data Analyst
E004530,2026-05-07 09:30:48.648648,job_viewed,C0536,J00776,U0900,Mumbai,Business Analyst
E001624,2026-05-07 09:43:47.027027,job_posted,C0697,J00624,,Delhi,Data Analyst
E000703,2026-05-07 11:40:32.432432,company_signup,C0703,,,Delhi,
E002006,2026-05-07 12:32:25.945945,job_posted,C0681,J01006,,Lucknow,Data Analyst
E004432,2026-05-07 12:45:24.324324,job_viewed,C0620,J00730,U1242,Gurgaon,HR
E006488,2026-05-07 12:45:24.324324,application_submitted,C0583,J00992,U2550,Noida,Sales
E003068,2026-05-07 12:45:24.324324,job_viewed,C0509,J00274,U0545,Hyderabad,Software Engineer
E006216,2026-05-07 13:42:09.729729,application_submitted,C0552,J00620,U0560,Bangalore,Software Engineer
E004494,2026-05-07 14:16:12.972972,job_viewed,C0637,J00759,U0695,Noida,Data Analyst
E004749,2026-05-07 15:21:04.864864,job_viewed,C0665,J00851,U1119,Lucknow,Marketing
E006494,2026-05-07 15:37:17.837837,application_submitted,C0598,J00995,U0585,Mumbai,Software Engineer
E000704,2026-05-07 16:00:00.000000,company_signup,C0704,,,Lucknow,
E005666,2026-05-07 16:12:58.378378,job_viewed,C0532,J01170,U1421,Lucknow,Business Analyst
E002285,2026-05-07 17:17:50.270270,job_viewed,C0560,J00026,U0962,Lucknow,HR
E004188,2026-05-07 18:09:43.783783,job_viewed,C0538,J00658,U0447,Gurgaon,Sales
E000705,2026-05-07 20:19:27.567567,company_signup,C0705,,,Pune,
E001236,2026-05-07 20:58:22.702702,job_posted,C0633,J00236,,Noida,Data Analyst
E005197,2026-05-07 20:58:22.702702,job_viewed,C0522,J01008,U0744,Lucknow,Software Engineer
E003822,2026-05-07 21:24:19.459459,job_viewed,C0622,J00537,U1652,Pune,Data Analyst
E002146,2026-05-07 22:29:11.351351,job_posted,C0650,J01146,,Hyderabad,Sales
E003234,2026-05-08 00:25:56.756756,job_viewed,C0656,J00326,U0227,Bangalore,Marketing
E000706,2026-05-08 00:38:55.135135,company_signup,C0706,,,Pune,
E002522,2026-05-08 01:17:50.270270,job_viewed,C0523,J00103,U1212,Pune,Data Analyst
E002314,2026-05-08 01:43:47.027027,job_viewed,C0512,J00034,U0841,Lucknow,Business Analyst
E002436,2026-05-08 03:53:30.810810,job_viewed,C0568,J00076,U1361,Hyderabad,Software Engineer
E001231,2026-05-08 04:19:27.567567,job_posted,C0668,J00231,,Hyderabad,Sales
E005794,2026-05-08 04:29:11.351351,application_submitted,C0576,J00043,U0520,Mumbai,Software Engineer
E005558,2026-05-08 04:58:22.702702,job_viewed,C0596,J01138,U1787,Bangalore,Marketing
E000707,2026-05-08 04:58:22.702702,company_signup,C0707,,,Hyderabad,
E003960,2026-05-08 05:11:21.081081,job_viewed,C0535,J00585,U2754,Mumbai,HR
E005813,2026-05-08 05:53:30.810810,application_submitted,C0568,J00076,U1361,Hyderabad,Software Engineer
E005781,2026-05-08 06:17:50.270270,application_submitted,C0560,J00026,U0962,Lucknow,HR
E002525,2026-05-08 07:08:06.486486,job_viewed,C0541,J00105,U0457,Bangalore,Marketing
E005340,2026-05-08 08:12:58.378378,job_viewed,C0680,J01055,U2712,Bangalore,Marketing
E001665,2026-05-08 08:38:55.135135,job_posted,C0669,J00665,,Gurgaon,Sales
E006185,2026-05-08 09:11:21.081081,application_submitted,C0535,J00585,U2754,Mumbai,HR
E000708,2026-05-08 09:17:50.270270,company_signup,C0708,,,Lucknow,
E004251,2026-05-08 10:35:40.540540,job_viewed,C0564,J00681,U0274,Bangalore,Data Analyst
E004488,2026-05-08 11:01:37.297297,job_viewed,C0553,J00755,U1636,Lucknow,Business Analyst
E005158,2026-05-08 11:14:35.675675,job_viewed,C0603,J00997,U0762,Bangalore,Software Engineer
E004131,2026-05-08 11:27:34.054054,job_viewed,C0653,J00641,U0621,Noida,Sales
E005094,2026-05-08 11:40:32.432432,job_viewed,C0592,J00976,U0333,Gurgaon,Marketing
E001202,2026-05-08 12:58:22.702702,job_posted,C0670,J00202,,Hyderabad,Software Engineer
E003043,2026-05-08 13:11:21.081081,job_viewed,C0498,J00269,U0416,Mumbai,Marketing
E000709,2026-05-08 13:37:17.837837,company_signup,C0709,,,Lucknow,
E006623,2026-05-08 14:12:58.378378,application_submitted,C0532,J01170,U1421,Lucknow,Business Analyst
E001517,2026-05-08 14:55:08.108108,job_posted,C0676,J00517,,Mumbai,Business Analyst
E003757,2026-05-08 14:55:08.108108,job_viewed,C0676,J00516,U2288,Pune,HR
E001515,2026-05-08 14:55:08.108108,job_posted,C0676,J00515,,Delhi,Software Engineer
E003778,2026-05-08 16:00:00.000000,job_viewed,C0593,J00523,U0402,Delhi,Sales
E005518,2026-05-08 17:17:50.270270,job_viewed,C0671,J01128,U0304,Lucknow,HR
E002127,2026-05-08 17:17:50.270270,job_posted,C0671,J01127,,Delhi,Business Analyst
E000710,2026-05-08 17:56:45.405405,company_signup,C0710,,,Lucknow,
E001782,2026-05-08 18:35:40.540540,job_posted,C0638,J00782,,Gurgaon,Data Analyst
E001636,2026-05-08 20:19:27.567567,job_posted,C0705,J00636,,Hyderabad,Data Analyst
E006298,2026-05-08 20:45:24.324324,application_submitted,C0620,J00730,U1242,Gurgaon,HR
E002940,2026-05-08 20:58:22.702702,job_viewed,C0633,J00234,U1481,Mumbai,Software Engineer
E005196,2026-05-08 20:58:22.702702,job_viewed,C0522,J01008,U2810,Lucknow,Software Engineer
E000711,2026-05-08 22:16:12.972972,company_signup,C0711,,,Gurgaon,
E002332,2026-05-09 00:00:00.000000,job_viewed,C0556,J00039,U0241,Noida,Data Analyst
E005833,2026-05-09 00:17:50.270270,application_submitted,C0523,J00103,U1212,Pune,Data Analyst
E002317,2026-05-09 01:43:47.027027,job_viewed,C0512,J00035,U0030,Delhi,Marketing
E006256,2026-05-09 02:35:40.540540,application_submitted,C0564,J00681,U0274,Bangalore,Data Analyst
E000712,2026-05-09 02:35:40.540540,company_signup,C0712,,,Mumbai,
E004180,2026-05-09 02:35:40.540540,job_viewed,C0490,J00655,U0105,Pune,Marketing
E002999,2026-05-09 02:48:38.918918,job_viewed,C0651,J00253,U2105,Delhi,HR
E005815,2026-05-09 02:53:30.810810,application_submitted,C0568,J00076,U1580,Hyderabad,Software Engineer
E001324,2026-05-09 03:14:35.675675,job_posted,C0640,J00324,,Noida,Business Analyst
E001824,2026-05-09 03:27:34.054054,job_posted,C0690,J00824,,Gurgaon,Sales
E005553,2026-05-09 04:58:22.702702,job_viewed,C0596,J01136,U2629,Lucknow,HR
E003606,2026-05-09 05:24:19.459459,job_viewed,C0585,J00466,U0396,Mumbai,Data Analyst
E000713,2026-05-09 06:55:08.108108,company_signup,C0713,,,Delhi,
E006313,2026-05-09 07:16:12.972972,application_submitted,C0637,J00759,U0695,Noida,Data Analyst
E003473,2026-05-09 09:17:50.270270,job_viewed,C0486,J00413,U2118,Bangalore,Software Engineer
E002803,2026-05-09 09:43:47.027027,job_viewed,C0586,J00189,U2061,Pune,Data Analyst
E003359,2026-05-09 10:48:38.918918,job_viewed,C0614,J00368,U1754,Pune,Business Analyst
E000714,2026-05-09 11:14:35.675675,company_signup,C0714,,,Hyderabad,
E002140,2026-05-09 11:53:30.810810,job_posted,C0642,J01140,,Noida,Sales
E006384,2026-05-09 12:21:04.864864,application_submitted,C0665,J00851,U1119,Lucknow,Marketing
E004535,2026-05-09 13:24:19.459459,job_viewed,C0659,J00777,U1051,Bangalore,Data Analyst
E002347,2026-05-09 14:29:11.351351,job_viewed,C0576,J00043,U1828,Mumbai,Software Engineer
E000715,2026-05-09 15:34:03.243243,company_signup,C0715,,,Lucknow,
E001830,2026-05-09 16:25:56.756756,job_posted,C0693,J00830,,Gurgaon,Data Analyst
E004772,2026-05-09 16:38:55.135135,job_viewed,C0632,J00858,U2683,Lucknow,Business Analyst
E005789,2026-05-09 17:00:00.000000,application_submitted,C0556,J00039,U0241,Noida,Data Analyst
E002230,2026-05-09 19:27:34.054054,job_viewed,C0505,J00007,U2800,Delhi,Sales
E003103,2026-05-09 19:53:30.810810,job_viewed,C0605,J00289,U0588,Lucknow,Business Analyst
E003104,2026-05-09 19:53:30.810810,job_viewed,C0605,J00290,U0207,Delhi,Marketing
E000716,2026-05-09 19:53:30.810810,company_signup,C0716,,,Lucknow,
E001884,2026-05-09 20:32:25.945945,job_posted,C0644,J00884,,Gurgaon,Sales
E005202,2026-05-09 20:58:22.702702,job_viewed,C0522,J01008,U1405,Lucknow,Software Engineer
E001608,2026-05-09 21:11:21.081081,job_posted,C0683,J00608,,Pune,Sales
E003344,2026-05-09 22:55:08.108108,job_viewed,C0528,J00361,U1026,Gurgaon,Business Analyst
E002321,2026-05-10 00:00:00.000000,job_viewed,C0556,J00037,U2687,Lucknow,Business Analyst
E000717,2026-05-10 00:12:58.378378,company_signup,C0717,,,Bangalore,
E005965,2026-05-10 02:11:21.081081,application_submitted,C0498,J00269,U0416,Mumbai,Marketing
E006070,2026-05-10 03:17:50.270270,application_submitted,C0486,J00413,U2118,Bangalore,Software Engineer
E001825,2026-05-10 03:27:34.054054,job_posted,C0690,J00825,,Noida,Marketing
E005310,2026-05-10 03:27:34.054054,job_viewed,C0579,J01045,U1655,Pune,Business Analyst
E006595,2026-05-10 03:58:22.702702,application_submitted,C0596,J01136,U2629,Lucknow,HR
E003152,2026-05-10 04:19:27.567567,job_viewed,C0557,J00306,U2836,Bangalore,Software Engineer
E000718,2026-05-10 04:32:25.945945,company_signup,C0718,,,Hyderabad,
E001241,2026-05-10 04:58:22.702702,job_posted,C0707,J00241,,Lucknow,Marketing
E001242,2026-05-10 04:58:22.702702,job_posted,C0707,J00242,,Hyderabad,Data Analyst
E004468,2026-05-10 05:37:17.837837,job_viewed,C0635,J00745,U1833,Bangalore,Sales
E004067,2026-05-10 06:42:09.729729,job_viewed,C0552,J00620,U2261,Bangalore,Software Engineer
E005239,2026-05-10 06:55:08.108108,job_viewed,C0602,J01016,U0762,Pune,Marketing
E001984,2026-05-10 07:08:06.486486,job_posted,C0652,J00984,,Delhi,Data Analyst
E004225,2026-05-10 07:34:03.243243,job_viewed,C0530,J00672,U0708,Hyderabad,Data Analyst
E000719,2026-05-10 08:51:53.513513,company_signup,C0719,,,Lucknow,
E002113,2026-05-10 09:17:50.270270,job_posted,C0708,J01113,,Gurgaon,Business Analyst
E002801,2026-05-10 09:43:47.027027,job_viewed,C0586,J00189,U2922,Pune,Data Analyst
E004487,2026-05-10 11:01:37.297297,job_viewed,C0553,J00755,U2087,Lucknow,Business Analyst
E001062,2026-05-10 11:40:32.432432,job_posted,C0703,J00062,,Mumbai,Business Analyst
E005577,2026-05-10 11:53:30.810810,job_viewed,C0642,J01141,U0825,Noida,Sales
E000720,2026-05-10 13:11:21.081081,company_signup,C0720,,,Hyderabad,
E004536,2026-05-10 13:24:19.459459,job_viewed,C0659,J00777,U1986,Bangalore,Data Analyst
E004495,2026-05-10 14:16:12.972972,job_viewed,C0637,J00759,U0317,Noida,Data Analyst
E004747,2026-05-10 15:21:04.864864,job_viewed,C0665,J00851,U0969,Lucknow,Marketing
E002336,2026-05-10 16:51:53.513513,job_viewed,C0571,J00041,U2352,Delhi,Sales
E000721,2026-05-10 17:30:48.648648,company_signup,C0721,,,Mumbai,
E003101,2026-05-10 19:53:30.810810,job_viewed,C0605,J00289,U0754,Lucknow,Business Analyst
E005937,2026-05-10 19:58:22.702702,application_submitted,C0633,J00234,U1481,Mumbai,Software Engineer
E002022,2026-05-10 20:06:29.189189,job_posted,C0655,J01022,,Bangalore,Data Analyst
E005131,2026-05-10 20:45:24.324324,job_viewed,C0583,J00992,U2382,Noida,Sales
E002944,2026-05-10 20:58:22.702702,job_viewed,C0633,J00236,U1207,Noida,Data Analyst
E005793,2026-05-10 21:29:11.351351,application_submitted,C0576,J00043,U1828,Mumbai,Software Engineer
E000722,2026-05-10 21:50:16.216216,company_signup,C0722,,,Bangalore,
E005953,2026-05-10 22:48:38.918918,application_submitted,C0651,J00253,U2105,Delhi,HR
E004628,2026-05-10 23:21:04.864864,job_viewed,C0628,J00809,U1460,Gurgaon,Marketing
E002330,2026-05-11 00:00:00.000000,job_viewed,C0556,J00039,U2102,Noida,Data Analyst
E002518,2026-05-11 01:17:50.270270,job_viewed,C0523,J00102,U0391,Pune,Marketing
E000723,2026-05-11 02:09:43.783783,company_signup,C0723,,,Hyderabad,
E003704,2026-05-11 02:09:43.783783,job_viewed,C0612,J00497,U1824,Bangalore,Business Analyst
E003700,2026-05-11 02:09:43.783783,job_viewed,C0612,J00497,U0749,Bangalore,Business Analyst
E005311,2026-05-11 03:27:34.054054,job_viewed,C0579,J01045,U0081,Pune,Business Analyst
E002858,2026-05-11 03:40:32.432432,job_viewed,C0629,J00206,U1303,Pune,Marketing
E002931,2026-05-11 04:19:27.567567,job_viewed,C0668,J00231,U1460,Hyderabad,Sales
E001648,2026-05-11 04:45:24.324324,job_posted,C0657,J00648,,Lucknow,Sales
E000724,2026-05-11 06:29:11.351351,company_signup,C0724,,,Delhi,
E001985,2026-05-11 07:08:06.486486,job_posted,C0652,J00985,,Delhi,Sales
E002700,2026-05-11 07:21:04.864864,job_viewed,C0591,J00164,U1639,Pune,HR
E001418,2026-05-11 09:30:48.648648,job_posted,C0647,J00418,,Bangalore,Marketing
E002734,2026-05-11 09:56:45.405405,job_viewed,C0636,J00172,U1190,Noida,HR
E002740,2026-05-11 09:56:45.405405,job_viewed,C0636,J00173,U2953,Mumbai,Data Analyst
E005357,2026-05-11 10:09:43.783783,job_viewed,C0575,J01060,U1266,Lucknow,Business Analyst
E000725,2026-05-11 10:48:38.918918,company_signup,C0725,,,Delhi,
E006128,2026-05-11 11:09:43.783783,application_submitted,C0612,J00497,U0749,Bangalore,Business Analyst
E005090,2026-05-11 11:40:32.432432,job_viewed,C0592,J00976,U1567,Gurgaon,Marketing
E005569,2026-05-11 11:53:30.810810,job_viewed,C0642,J01140,U2513,Noida,Sales
E001575,2026-05-11 13:11:21.081081,job_posted,C0720,J00575,,Gurgaon,HR
E001576,2026-05-11 13:11:21.081081,job_posted,C0720,J00576,,Pune,Software Engineer
E005151,2026-05-11 13:37:17.837837,job_viewed,C0598,J00995,U1246,Mumbai,Software Engineer
E003761,2026-05-11 14:55:08.108108,job_viewed,C0676,J00517,U2095,Mumbai,Business Analyst
E000726,2026-05-11 15:08:06.486486,company_signup,C0726,,,Pune,
E006143,2026-05-11 15:55:08.108108,application_submitted,C0676,J00517,U2095,Mumbai,Business Analyst
E005664,2026-05-11 16:12:58.378378,job_viewed,C0532,J01170,U1095,Lucknow,Business Analyst
E004699,2026-05-11 16:25:56.756756,job_viewed,C0693,J00830,U2242,Gurgaon,Data Analyst
E004700,2026-05-11 16:25:56.756756,job_viewed,C0693,J00830,U1459,Gurgaon,Data Analyst
E004768,2026-05-11 16:38:55.135135,job_viewed,C0632,J00857,U0403,Gurgaon,Business Analyst
E002498,2026-05-11 17:43:47.027027,job_viewed,C0549,J00096,U0260,Bangalore,Sales
E004973,2026-05-11 17:56:45.405405,job_viewed,C0599,J00936,U2861,Gurgaon,Business Analyst
E004978,2026-05-11 17:56:45.405405,job_viewed,C0599,J00937,U1486,Noida,Software Engineer
E002455,2026-05-11 18:35:40.540540,job_viewed,C0527,J00084,U1368,Gurgaon,Software Engineer
E004781,2026-05-11 19:01:37.297297,job_viewed,C0627,J00864,U2366,Noida,Marketing
E000727,2026-05-11 19:27:34.054054,company_signup,C0727,,,Bangalore,
E002229,2026-05-11 19:27:34.054054,job_viewed,C0505,J00007,U0585,Delhi,Sales
E006443,2026-05-11 19:56:45.405405,application_submitted,C0599,J00936,U2861,Gurgaon,Business Analyst
E002946,2026-05-11 20:58:22.702702,job_viewed,C0633,J00236,U0078,Noida,Data Analyst
E001518,2026-05-11 22:03:14.594594,job_posted,C0661,J00518,,Mumbai,Data Analyst
E005195,2026-05-11 23:21:04.864864,job_viewed,C0517,J01007,U1966,Pune,Marketing
E000728,2026-05-11 23:47:01.621621,company_signup,C0728,,,Bangalore,
E002333,2026-05-12 00:00:00.000000,job_viewed,C0556,J00039,U1554,Noida,Data Analyst
E002318,2026-05-12 00:00:00.000000,job_viewed,C0556,J00037,U1610,Lucknow,Business Analyst
E001006,2026-05-12 00:38:55.135135,job_posted,C0706,J00006,,Pune,HR
E001005,2026-05-12 00:38:55.135135,job_posted,C0706,J00005,,Bangalore,Business Analyst
E002820,2026-05-12 01:56:45.405405,job_viewed,C0673,J00194,U2580,Bangalore,Data Analyst
E006325,2026-05-12 02:24:19.459459,application_submitted,C0659,J00777,U1986,Bangalore,Data Analyst
E003229,2026-05-12 03:14:35.675675,job_viewed,C0640,J00324,U1873,Noida,Business Analyst
E001685,2026-05-12 03:53:30.810810,job_posted,C0679,J00685,,Noida,Data Analyst
E000729,2026-05-12 04:06:29.189189,company_signup,C0729,,,Pune,
E003148,2026-05-12 04:19:27.567567,job_viewed,C0557,J00306,U1346,Bangalore,Software Engineer
E005734,2026-05-12 05:50:16.216216,job_viewed,C0574,J01192,U2214,Delhi,HR
E006314,2026-05-12 07:16:12.972972,application_submitted,C0637,J00759,U0317,Noida,Data Analyst
E000730,2026-05-12 08:25:56.756756,company_signup,C0730,,,Hyderabad,
E005080,2026-05-12 09:17:50.270270,job_viewed,C0597,J00974,U1926,Lucknow,Marketing
E005081,2026-05-12 09:17:50.270270,job_viewed,C0597,J00974,U0187,Lucknow,Marketing
E002742,2026-05-12 09:56:45.405405,job_viewed,C0636,J00173,U1336,Mumbai,Data Analyst
E001933,2026-05-12 10:35:40.540540,job_posted,C0675,J00933,,Delhi,Marketing
E005156,2026-05-12 11:14:35.675675,job_viewed,C0603,J00996,U0419,Noida,HR
E005086,2026-05-12 11:40:32.432432,job_viewed,C0592,J00975,U2094,Lucknow,Software Engineer
E005572,2026-05-12 11:53:30.810810,job_viewed,C0642,J01141,U2139,Noida,Sales
E005886,2026-05-12 11:56:45.405405,application_submitted,C0636,J00173,U2953,Mumbai,Data Analyst
E000731,2026-05-12 12:45:24.324324,company_signup,C0731,,,Bangalore,
E001778,2026-05-12 13:24:19.459459,job_posted,C0659,J00778,,Bangalore,HR
E001779,2026-05-12 13:24:19.459459,job_posted,C0659,J00779,,Pune,Software Engineer
E003409,2026-05-12 14:03:14.594594,job_viewed,C0587,J00389,U0874,Hyderabad,Business Analyst
E004004,2026-05-12 14:42:09.729729,job_viewed,C0626,J00601,U0560,Lucknow,Sales
E005827,2026-05-12 14:43:47.027027,application_submitted,C0549,J00096,U0260,Bangalore,Sales
E001191,2026-05-12 15:34:03.243243,job_posted,C0715,J00191,,Hyderabad,Software Engineer
E002161,2026-05-12 15:47:01.621621,job_posted,C0654,J01161,,Pune,Data Analyst
E005915,2026-05-12 16:40:32.432432,application_submitted,C0629,J00206,U1303,Pune,Marketing
E000732,2026-05-12 17:04:51.891891,company_signup,C0732,,,Delhi,
E001179,2026-05-12 17:30:48.648648,job_posted,C0721,J00179,,Bangalore,HR
E001487,2026-05-12 17:43:47.027027,job_posted,C0660,J00487,,Hyderabad,Data Analyst
E005885,2026-05-12 17:56:45.405405,application_submitted,C0636,J00172,U1190,Noida,HR
E005129,2026-05-12 20:45:24.324324,job_viewed,C0583,J00992,U1538,Noida,Sales
E003825,2026-05-12 21:24:19.459459,job_viewed,C0622,J00537,U1233,Pune,Data Analyst
E000733,2026-05-12 21:24:19.459459,company_signup,C0733,,,Delhi,
E006052,2026-05-12 22:03:14.594594,application_submitted,C0587,J00389,U0874,Hyderabad,Business Analyst
E001343,2026-05-12 22:16:12.972972,job_posted,C0711,J00343,,Hyderabad,Software Engineer
E003343,2026-05-12 22:55:08.108108,job_viewed,C0528,J00361,U1106,Gurgaon,Business Analyst
E006397,2026-05-12 23:01:37.297297,application_submitted,C0627,J00864,U2366,Noida,Marketing
E001926,2026-05-13 01:30:48.648648,job_posted,C0684,J00926,,Mumbai,Business Analyst
E000734,2026-05-13 01:43:47.027027,company_signup,C0734,,,Lucknow,
E001238,2026-05-13 03:01:37.297297,job_posted,C0701,J00238,,Noida,Marketing
E006541,2026-05-13 03:09:43.783783,application_submitted,C0575,J01060,U1266,Lucknow,Business Analyst
E000735,2026-05-13 06:03:14.594594,company_signup,C0735,,,Mumbai,
E001811,2026-05-13 09:04:51.891891,job_posted,C0658,J00811,,Pune,Sales
E003486,2026-05-13 09:30:48.648648,job_viewed,C0647,J00417,U2680,Hyderabad,HR
E002745,2026-05-13 09:56:45.405405,job_viewed,C0636,J00174,U1543,Lucknow,Software Engineer
E000736,2026-05-13 10:22:42.162162,company_signup,C0736,,,Bangalore,
E006365,2026-05-13 11:25:56.756756,application_submitted,C0693,J00830,U2242,Gurgaon,Data Analyst
E005087,2026-05-13 11:40:32.432432,job_viewed,C0592,J00975,U1564,Lucknow,Software Engineer
E006005,2026-05-13 12:14:35.675675,application_submitted,C0640,J00324,U1873,Noida,Business Analyst
E004433,2026-05-13 12:45:24.324324,job_viewed,C0620,J00730,U2154,Gurgaon,HR
E001298,2026-05-13 12:45:24.324324,job_posted,C0731,J00298,,Gurgaon,Data Analyst
E005887,2026-05-13 12:56:45.405405,application_submitted,C0636,J00173,U1336,Mumbai,Data Analyst
E005790,2026-05-13 13:00:00.000000,application_submitted,C0556,J00039,U1554,Noida,Data Analyst
E005045,2026-05-13 13:11:21.081081,job_viewed,C0609,J00958,U0387,Gurgaon,Marketing
E003414,2026-05-13 14:03:14.594594,job_viewed,C0587,J00389,U1116,Hyderabad,Business Analyst
E000737,2026-05-13 14:42:09.729729,company_signup,C0737,,,Hyderabad,
E002815,2026-05-13 15:34:03.243243,job_viewed,C0715,J00191,U1092,Hyderabad,Software Engineer
E005649,2026-05-13 15:47:01.621621,job_viewed,C0654,J01162,U0221,Bangalore,HR
E004771,2026-05-13 16:38:55.135135,job_viewed,C0632,J00857,U1063,Gurgaon,Business Analyst
E002288,2026-05-13 17:17:50.270270,job_viewed,C0560,J00026,U0103,Lucknow,HR
E001488,2026-05-13 17:43:47.027027,job_posted,C0660,J00488,,Delhi,Data Analyst
E004187,2026-05-13 18:09:43.783783,job_viewed,C0538,J00658,U0092,Gurgaon,Sales
E000738,2026-05-13 19:01:37.297297,company_signup,C0738,,,Pune,
E003106,2026-05-13 19:53:30.810810,job_viewed,C0605,J00290,U0165,Delhi,Marketing
E002054,2026-05-13 19:53:30.810810,job_posted,C0716,J01054,,Lucknow,Business Analyst
E006505,2026-05-13 20:21:04.864864,application_submitted,C0517,J01007,U1966,Pune,Marketing
E000739,2026-05-13 23:21:04.864864,company_signup,C0739,,,Pune,
E001028,2026-05-14 02:09:43.783783,job_posted,C0723,J00028,,Hyderabad,Sales
E003230,2026-05-14 03:14:35.675675,job_viewed,C0640,J00325,U0180,Pune,Data Analyst
E005317,2026-05-14 03:27:34.054054,job_viewed,C0579,J01046,U0487,Mumbai,Business Analyst
E005309,2026-05-14 03:27:34.054054,job_viewed,C0579,J01045,U0566,Pune,Business Analyst
E000740,2026-05-14 03:40:32.432432,company_signup,C0740,,,Hyderabad,
E001684,2026-05-14 03:53:30.810810,job_posted,C0679,J00684,,Delhi,HR
E005552,2026-05-14 04:58:22.702702,job_viewed,C0596,J01136,U0984,Lucknow,HR
E005562,2026-05-14 04:58:22.702702,job_viewed,C0596,J01138,U1318,Bangalore,Marketing
E003962,2026-05-14 05:11:21.081081,job_viewed,C0535,J00586,U2023,Delhi,Marketing
E004068,2026-05-14 06:42:09.729729,job_viewed,C0552,J00620,U0852,Bangalore,Software Engineer
E000741,2026-05-14 08:00:00.000000,company_signup,C0741,,,Gurgaon,
E004208,2026-05-14 08:38:55.135135,job_viewed,C0669,J00666,U0382,Mumbai,Software Engineer
E005082,2026-05-14 09:17:50.270270,job_viewed,C0597,J00974,U2291,Lucknow,Marketing
E002805,2026-05-14 09:43:47.027027,job_viewed,C0586,J00189,U2161,Pune,Data Analyst
E006618,2026-05-14 09:47:01.621621,application_submitted,C0654,J01162,U0221,Bangalore,HR
E000742,2026-05-14 12:19:27.567567,company_signup,C0742,,,Noida,
E002346,2026-05-14 14:29:11.351351,job_viewed,C0576,J00043,U0465,Mumbai,Software Engineer
E001829,2026-05-14 16:25:56.756756,job_posted,C0693,J00829,,Delhi,HR
E000743,2026-05-14 16:38:55.135135,company_signup,C0743,,,Mumbai,
E002300,2026-05-14 16:38:55.135135,job_viewed,C0521,J00029,U0608,Noida,Data Analyst
E003100,2026-05-14 19:53:30.810810,job_viewed,C0605,J00289,U2902,Lucknow,Business Analyst
E000744,2026-05-14 20:58:22.702702,company_signup,C0744,,,Pune,
E002938,2026-05-14 20:58:22.702702,job_viewed,C0633,J00234,U0996,Mumbai,Software Engineer
E001609,2026-05-14 21:11:21.081081,job_posted,C0683,J00609,,Gurgaon,HR
E005441,2026-05-14 21:11:21.081081,job_viewed,C0572,J01100,U1125,Hyderabad,Software Engineer
E003274,2026-05-14 22:16:12.972972,job_viewed,C0711,J00343,U1935,Hyderabad,Software Engineer
E002325,2026-05-15 00:00:00.000000,job_viewed,C0556,J00038,U2453,Delhi,Data Analyst
E002223,2026-05-15 00:38:55.135135,job_viewed,C0706,J00005,U2186,Bangalore,Business Analyst
E003357,2026-05-15 01:04:51.891891,job_viewed,C0584,J00366,U1974,Lucknow,Marketing
E005675,2026-05-15 01:04:51.891891,job_viewed,C0695,J01174,U0495,Lucknow,Software Engineer
E000745,2026-05-15 01:17:50.270270,company_signup,C0745,,,Bangalore,
E002315,2026-05-15 01:43:47.027027,job_viewed,C0512,J00035,U1093,Delhi,Marketing
E004785,2026-05-15 01:56:45.405405,job_viewed,C0562,J00866,U1970,Mumbai,Data Analyst
E003699,2026-05-15 02:09:43.783783,job_viewed,C0612,J00497,U1151,Bangalore,Business Analyst
E003697,2026-05-15 02:09:43.783783,job_viewed,C0612,J00496,U0712,Lucknow,Sales
E004385,2026-05-15 03:01:37.297297,job_viewed,C0590,J00717,U1806,Noida,Marketing
E002928,2026-05-15 04:19:27.567567,job_viewed,C0668,J00231,U0538,Hyderabad,Sales
E005563,2026-05-15 04:58:22.702702,job_viewed,C0596,J01138,U1543,Bangalore,Marketing
E002958,2026-05-15 04:58:22.702702,job_viewed,C0707,J00242,U1033,Hyderabad,Data Analyst
E000746,2026-05-15 05:37:17.837837,company_signup,C0746,,,Mumbai,
E006247,2026-05-15 06:38:55.135135,application_submitted,C0669,J00666,U0382,Mumbai,Software Engineer
E001726,2026-05-15 07:21:04.864864,job_posted,C0702,J00726,,Lucknow,Marketing
E006006,2026-05-15 08:14:35.675675,application_submitted,C0640,J00325,U0180,Pune,Data Analyst
E000747,2026-05-15 09:56:45.405405,company_signup,C0747,,,Bangalore,
E005359,2026-05-15 10:09:43.783783,job_viewed,C0575,J01060,U1384,Lucknow,Business Analyst
E004132,2026-05-15 11:27:34.054054,job_viewed,C0653,J00641,U1963,Noida,Sales
E005904,2026-05-15 12:34:03.243243,application_submitted,C0715,J00191,U1092,Hyderabad,Software Engineer
E001577,2026-05-15 13:11:21.081081,job_posted,C0720,J00577,,Noida,Business Analyst
E005149,2026-05-15 13:37:17.837837,job_viewed,C0598,J00995,U0232,Mumbai,Software Engineer
E005150,2026-05-15 13:37:17.837837,job_viewed,C0598,J00995,U2988,Mumbai,Software Engineer
E003412,2026-05-15 14:03:14.594594,job_viewed,C0587,J00389,U0461,Hyderabad,Business Analyst
E004492,2026-05-15 14:16:12.972972,job_viewed,C0637,J00759,U2521,Noida,Data Analyst
E000748,2026-05-15 14:16:12.972972,company_signup,C0748,,,Gurgaon,
E003762,2026-05-15 14:55:08.108108,job_viewed,C0676,J00517,U2887,Mumbai,Business Analyst
E006476,2026-05-15 15:17:50.270270,application_submitted,C0597,J00974,U2291,Lucknow,Marketing
E004746,2026-05-15 15:21:04.864864,job_viewed,C0665,J00851,U1650,Lucknow,Marketing
E001192,2026-05-15 15:34:03.243243,job_posted,C0715,J00192,,Mumbai,Marketing
E006495,2026-05-15 15:37:17.837837,application_submitted,C0598,J00995,U0232,Mumbai,Software Engineer
E006287,2026-05-15 17:01:37.297297,application_submitted,C0590,J00717,U1806,Noida,Marketing
E006127,2026-05-15 18:09:43.783783,application_submitted,C0612,J00497,U1151,Bangalore,Business Analyst
E002465,2026-05-15 18:35:40.540540,job_viewed,C0527,J00085,U1699,Noida,Sales
E000749,2026-05-15 18:35:40.540540,company_signup,C0749,,,Delhi,
E002457,2026-05-15 18:35:40.540540,job_viewed,C0527,J00084,U2576,Gurgaon,Software Engineer
E002460,2026-05-15 18:35:40.540540,job_viewed,C0527,J00084,U0129,Gurgaon,Software Engineer
E001443,2026-05-15 18:48:38.918918,job_posted,C0688,J00443,,Gurgaon,Business Analyst
E003102,2026-05-15 19:53:30.810810,job_viewed,C0605,J00289,U1660,Lucknow,Business Analyst
E004119,2026-05-15 20:19:27.567567,job_viewed,C0705,J00636,U2131,Hyderabad,Data Analyst
E005133,2026-05-15 20:45:24.324324,job_viewed,C0583,J00992,U1482,Noida,Sales
E004025,2026-05-15 21:11:21.081081,job_viewed,C0683,J00608,U2756,Pune,Sales
E006382,2026-05-15 21:21:04.864864,application_submitted,C0665,J00851,U1650,Lucknow,Marketing
E001752,2026-05-15 21:24:19.459459,job_posted,C0733,J00752,,Noida,Sales
E003340,2026-05-15 22:55:08.108108,job_viewed,C0528,J00361,U0314,Gurgaon,Business Analyst
E000750,2026-05-15 22:55:08.108108,company_signup,C0750,,,Mumbai,
E001819,2026-05-15 23:34:03.243243,job_posted,C0678,J00819,,Gurgaon,Software Engineer
E002326,2026-05-16 00:00:00.000000,job_viewed,C0556,J00038,U0685,Delhi,Data Analyst
E003231,2026-05-16 00:25:56.756756,job_viewed,C0656,J00326,U2522,Bangalore,Marketing
E003233,2026-05-16 00:25:56.756756,job_viewed,C0656,J00326,U2487,Bangalore,Marketing
E004939,2026-05-16 01:30:48.648648,job_viewed,C0684,J00926,U2004,Mumbai,Business Analyst
E004386,2026-05-16 03:01:37.297297,job_viewed,C0590,J00717,U1755,Noida,Marketing
E000751,2026-05-16 03:14:35.675675,company_signup,C0751,,,Lucknow,
E001823,2026-05-16 03:27:34.054054,job_posted,C0690,J00823,,Gurgaon,Sales
E005764,2026-05-16 04:38:55.135135,application_submitted,C0706,J00005,U2186,Bangalore,Business Analyst
E005560,2026-05-16 04:58:22.702702,job_viewed,C0596,J01138,U0012,Bangalore,Marketing
E000752,2026-05-16 07:34:03.243243,company_signup,C0752,,,Pune,
E004638,2026-05-16 09:04:51.891891,job_viewed,C0658,J00811,U1197,Pune,Sales
E002112,2026-05-16 09:17:50.270270,job_posted,C0708,J01112,,Gurgaon,Sales
E002804,2026-05-16 09:43:47.027027,job_viewed,C0586,J00189,U1042,Pune,Data Analyst
E002802,2026-05-16 09:43:47.027027,job_viewed,C0586,J00189,U1080,Pune,Data Analyst
E002800,2026-05-16 09:43:47.027027,job_viewed,C0586,J00188,U2366,Bangalore,Software Engineer
E005355,2026-05-16 10:09:43.783783,job_viewed,C0575,J01060,U0097,Lucknow,Business Analyst
E001597,2026-05-16 10:22:42.162162,job_posted,C0736,J00597,,Delhi,HR
E006007,2026-05-16 10:25:56.756756,application_submitted,C0656,J00326,U2487,Bangalore,Marketing
E005092,2026-05-16 11:40:32.432432,job_viewed,C0592,J00976,U2195,Gurgaon,Marketing
E000753,2026-05-16 11:53:30.810810,company_signup,C0753,,,Mumbai,
E005502,2026-05-16 12:06:29.189189,job_viewed,C0581,J01122,U1892,Gurgaon,Marketing
E001619,2026-05-16 12:19:27.567567,job_posted,C0742,J00619,,Delhi,Business Analyst
E003756,2026-05-16 14:55:08.108108,job_viewed,C0676,J00516,U1055,Pune,HR
E000754,2026-05-16 16:12:58.378378,company_signup,C0754,,,Mumbai,
E001831,2026-05-16 16:25:56.756756,job_posted,C0693,J00831,,Pune,Marketing
E006202,2026-05-16 17:11:21.081081,application_submitted,C0683,J00608,U2756,Pune,Sales
E002763,2026-05-16 17:30:48.648648,job_viewed,C0721,J00179,U2295,Bangalore,HR
E006036,2026-05-16 17:55:08.108108,application_submitted,C0528,J00361,U0314,Gurgaon,Business Analyst
E005464,2026-05-16 18:22:42.162162,job_viewed,C0588,J01111,U2736,Gurgaon,Software Engineer
E001442,2026-05-16 18:48:38.918918,job_posted,C0688,J00442,,Noida,Software Engineer
E005932,2026-05-16 19:19:27.567567,application_submitted,C0668,J00231,U0538,Hyderabad,Sales
E006288,2026-05-16 20:01:37.297297,application_submitted,C0590,J00717,U1755,Noida,Marketing
E000755,2026-05-16 20:32:25.945945,company_signup,C0755,,,Mumbai,
E002124,2026-05-16 20:45:24.324324,job_posted,C0694,J01124,,Pune,Software Engineer
E001756,2026-05-16 20:58:22.702702,job_posted,C0744,J00756,,Bangalore,HR
E005442,2026-05-16 21:11:21.081081,job_viewed,C0572,J01100,U2370,Hyderabad,Software Engineer
E001607,2026-05-16 21:11:21.081081,job_posted,C0683,J00607,,Gurgaon,HR
E003764,2026-05-16 22:03:14.594594,job_viewed,C0661,J00518,U0598,Mumbai,Data Analyst
E001341,2026-05-16 22:16:12.972972,job_posted,C0711,J00341,,Bangalore,Marketing
E004629,2026-05-16 23:21:04.864864,job_viewed,C0628,J00809,U2041,Gurgaon,Marketing
E002226,2026-05-17 00:38:55.135135,job_viewed,C0706,J00006,U1914,Pune,HR
E000756,2026-05-17 00:51:53.513513,company_signup,C0756,,,Noida,
E001075,2026-05-17 02:35:40.540540,job_posted,C0712,J00075,,Mumbai,Data Analyst
E002857,2026-05-17 03:40:32.432432,job_viewed,C0629,J00206,U0902,Pune,Marketing
E002925,2026-05-17 04:19:27.567567,job_viewed,C0668,J00231,U1358,Hyderabad,Sales
E005561,2026-05-17 04:58:22.702702,job_viewed,C0596,J01138,U2213,Bangalore,Marketing
E000757,2026-05-17 05:11:21.081081,company_signup,C0757,,,Mumbai,
E003601,2026-05-17 05:24:19.459459,job_viewed,C0585,J00464,U1898,Hyderabad,HR
E003602,2026-05-17 05:24:19.459459,job_viewed,C0585,J00464,U0926,Hyderabad,HR
E006543,2026-05-17 07:09:43.783783,application_submitted,C0575,J01060,U1384,Lucknow,Business Analyst
E006562,2026-05-17 07:11:21.081081,application_submitted,C0572,J01100,U2370,Hyderabad,Software Engineer
E002703,2026-05-17 07:21:04.864864,job_viewed,C0591,J00164,U0179,Pune,HR
E003116,2026-05-17 08:25:56.756756,job_viewed,C0619,J00294,U0231,Bangalore,Business Analyst
E004635,2026-05-17 09:04:51.891891,job_viewed,C0658,J00810,U2927,Pune,Marketing
E005474,2026-05-17 09:17:50.270270,job_viewed,C0708,J01113,U1747,Gurgaon,Business Analyst
E000758,2026-05-17 09:30:48.648648,company_signup,C0758,,,Bangalore,
E002741,2026-05-17 09:56:45.405405,job_viewed,C0636,J00173,U2717,Mumbai,Data Analyst
E001570,2026-05-17 10:09:43.783783,job_posted,C0686,J00570,,Mumbai,HR
E006496,2026-05-17 10:37:17.837837,application_submitted,C0598,J00995,U2988,Mumbai,Software Engineer
E005154,2026-05-17 11:14:35.675675,job_viewed,C0603,J00996,U1416,Noida,HR
E005085,2026-05-17 11:40:32.432432,job_viewed,C0592,J00975,U0535,Lucknow,Software Engineer
E005575,2026-05-17 11:53:30.810810,job_viewed,C0642,J01141,U0556,Noida,Sales
E003000,2026-05-17 11:53:30.810810,job_viewed,C0531,J00254,U1042,Bangalore,HR
E005189,2026-05-17 12:32:25.945945,job_viewed,C0681,J01006,U1061,Lucknow,Data Analyst
E005656,2026-05-17 12:58:22.702702,job_viewed,C0559,J01167,U2006,Bangalore,Business Analyst
E003939,2026-05-17 13:11:21.081081,job_viewed,C0720,J00577,U0110,Noida,Business Analyst
E004537,2026-05-17 13:24:19.459459,job_viewed,C0659,J00777,U1330,Bangalore,Data Analyst
E005766,2026-05-17 13:38:55.135135,application_submitted,C0706,J00006,U1914,Pune,HR
E006489,2026-05-17 13:45:24.324324,application_submitted,C0583,J00992,U1482,Noida,Sales
E000759,2026-05-17 13:50:16.216216,company_signup,C0759,,,Delhi,
E003410,2026-05-17 14:03:14.594594,job_viewed,C0587,J00389,U2303,Hyderabad,Business Analyst
E001299,2026-05-17 14:16:12.972972,job_posted,C0748,J00299,,Gurgaon,Software Engineer
E002340,2026-05-17 14:29:11.351351,job_viewed,C0576,J00042,U2331,Hyderabad,HR
E001693,2026-05-17 14:42:09.729729,job_posted,C0737,J00693,,Gurgaon,Software Engineer
E004691,2026-05-17 16:25:56.756756,job_viewed,C0693,J00829,U2139,Delhi,HR
E002297,2026-05-17 16:38:55.135135,job_viewed,C0521,J00029,U2967,Noida,Data Analyst
E001052,2026-05-17 16:38:55.135135,job_posted,C0743,J00052,,Bangalore,Sales
E005521,2026-05-17 17:17:50.270270,job_viewed,C0671,J01128,U2978,Lucknow,HR
E005522,2026-05-17 17:17:50.270270,job_viewed,C0671,J01128,U0944,Lucknow,HR
E001178,2026-05-17 17:30:48.648648,job_posted,C0721,J00178,,Mumbai,Data Analyst
E000760,2026-05-17 18:09:43.783783,company_signup,C0760,,,Gurgaon,
E004553,2026-05-17 18:35:40.540540,job_viewed,C0638,J00782,U1474,Gurgaon,Data Analyst
E002025,2026-05-17 20:32:25.945945,job_posted,C0755,J01025,,Lucknow,Sales
E005440,2026-05-17 21:11:21.081081,job_viewed,C0572,J01100,U2632,Hyderabad,Software Engineer
E002031,2026-05-17 21:50:16.216216,job_posted,C0722,J01031,,Noida,Software Engineer
E002032,2026-05-17 21:50:16.216216,job_posted,C0722,J01032,,Pune,HR
E006566,2026-05-17 22:22:42.162162,application_submitted,C0588,J01111,U2736,Gurgaon,Software Engineer
E000761,2026-05-17 22:29:11.351351,company_signup,C0761,,,Hyderabad,
E001473,2026-05-17 22:42:09.729729,job_posted,C0700,J00473,,Gurgaon,Business Analyst
E002329,2026-05-18 00:00:00.000000,job_viewed,C0556,J00039,U0810,Noida,Data Analyst
E005674,2026-05-18 01:04:51.891891,job_viewed,C0695,J01174,U2817,Lucknow,Software Engineer
E000762,2026-05-18 02:48:38.918918,company_signup,C0762,,,Mumbai,
E004391,2026-05-18 03:01:37.297297,job_viewed,C0590,J00718,U0041,Bangalore,Sales
E005559,2026-05-18 04:58:22.702702,job_viewed,C0596,J01138,U2614,Bangalore,Marketing
E004471,2026-05-18 05:37:17.837837,job_viewed,C0635,J00746,U1160,Mumbai,Sales
E000763,2026-05-18 07:08:06.486486,company_signup,C0763,,,Pune,
E005899,2026-05-18 07:43:47.027027,application_submitted,C0586,J00189,U1042,Pune,Data Analyst
E003115,2026-05-18 08:25:56.756756,job_viewed,C0619,J00293,U0778,Gurgaon,Business Analyst
E004209,2026-05-18 08:38:55.135135,job_viewed,C0669,J00666,U2438,Mumbai,Software Engineer
E003920,2026-05-18 10:09:43.783783,job_viewed,C0686,J00570,U1294,Mumbai,HR
E006308,2026-05-18 10:37:17.837837,application_submitted,C0635,J00746,U1160,Mumbai,Sales
E000764,2026-05-18 11:27:34.054054,company_signup,C0764,,,Mumbai,
E001297,2026-05-18 12:45:24.324324,job_posted,C0731,J00297,,Gurgaon,HR
E003938,2026-05-18 13:11:21.081081,job_viewed,C0720,J00576,U0308,Pune,Software Engineer
E004548,2026-05-18 13:24:19.459459,job_viewed,C0659,J00779,U1781,Pune,Software Engineer
E004493,2026-05-18 14:16:12.972972,job_viewed,C0637,J00759,U0553,Noida,Data Analyst
E001861,2026-05-18 14:29:11.351351,job_posted,C0687,J00861,,Pune,Business Analyst
E004293,2026-05-18 14:42:09.729729,job_viewed,C0737,J00693,U0672,Gurgaon,Software Engineer
E000765,2026-05-18 15:47:01.621621,company_signup,C0765,,,Pune,
E005647,2026-05-18 15:47:01.621621,job_viewed,C0654,J01161,U1218,Pune,Data Analyst
E006100,2026-05-18 16:24:19.459459,application_submitted,C0585,J00464,U1898,Hyderabad,HR
E004696,2026-05-18 16:25:56.756756,job_viewed,C0693,J00830,U2974,Gurgaon,Data Analyst
E004770,2026-05-18 16:38:55.135135,job_viewed,C0632,J00857,U0597,Gurgaon,Business Analyst
E004769,2026-05-18 16:38:55.135135,job_viewed,C0632,J00857,U0409,Gurgaon,Business Analyst
E002287,2026-05-18 17:17:50.270270,job_viewed,C0560,J00026,U0876,Lucknow,HR
E006326,2026-05-18 17:24:19.459459,application_submitted,C0659,J00777,U1330,Bangalore,Data Analyst
E005954,2026-05-18 18:53:30.810810,application_submitted,C0531,J00254,U1042,Bangalore,HR
E003107,2026-05-18 19:53:30.810810,job_viewed,C0605,J00290,U1999,Delhi,Marketing
E000766,2026-05-18 20:06:29.189189,company_signup,C0766,,,Bangalore,
E006329,2026-05-18 20:24:19.459459,application_submitted,C0659,J00779,U1781,Pune,Software Engineer
E005511,2026-05-18 20:45:24.324324,job_viewed,C0694,J01124,U0895,Pune,Software Engineer
E001342,2026-05-18 22:16:12.972972,job_posted,C0711,J00342,,Hyderabad,Marketing
E003876,2026-05-18 23:47:01.621621,job_viewed,C0617,J00555,U0589,Gurgaon,Marketing
E000767,2026-05-19 00:25:56.756756,company_signup,C0767,,,Pune,
E001027,2026-05-19 02:09:43.783783,job_posted,C0723,J00027,,Hyderabad,Software Engineer
E005315,2026-05-19 03:27:34.054054,job_viewed,C0579,J01046,U0704,Mumbai,Business Analyst
E002856,2026-05-19 03:40:32.432432,job_viewed,C0629,J00206,U1222,Pune,Marketing
E002926,2026-05-19 04:19:27.567567,job_viewed,C0668,J00231,U2714,Hyderabad,Sales
E005984,2026-05-19 04:25:56.756756,application_submitted,C0619,J00294,U0231,Bangalore,Business Analyst
E000768,2026-05-19 04:45:24.324324,company_signup,C0768,,,Lucknow,
E004159,2026-05-19 04:45:24.324324,job_viewed,C0657,J00648,U1307,Lucknow,Sales
E003610,2026-05-19 05:24:19.459459,job_viewed,C0585,J00466,U1650,Mumbai,Data Analyst
E005931,2026-05-19 06:19:27.567567,application_submitted,C0668,J00231,U2714,Hyderabad,Sales
E005116,2026-05-19 07:08:06.486486,job_viewed,C0652,J00986,U1761,Bangalore,HR
E002526,2026-05-19 07:08:06.486486,job_viewed,C0541,J00105,U0291,Bangalore,Marketing
E005117,2026-05-19 07:08:06.486486,job_viewed,C0652,J00986,U2732,Bangalore,HR
E002021,2026-05-19 07:47:01.621621,job_posted,C0691,J01021,,Noida,HR
E001606,2026-05-19 08:00:00.000000,job_posted,C0741,J00606,,Mumbai,Business Analyst
E004641,2026-05-19 09:04:51.891891,job_viewed,C0658,J00811,U2953,Pune,Sales
E000769,2026-05-19 09:04:51.891891,company_signup,C0769,,,Hyderabad,
E004633,2026-05-19 09:04:51.891891,job_viewed,C0658,J00810,U2979,Pune,Marketing
E006392,2026-05-19 09:38:55.135135,application_submitted,C0632,J00857,U0409,Gurgaon,Business Analyst
E002736,2026-05-19 09:56:45.405405,job_viewed,C0636,J00172,U0688,Noida,HR
E001770,2026-05-19 10:48:38.918918,job_posted,C0725,J00770,,Mumbai,Sales
E004130,2026-05-19 11:27:34.054054,job_viewed,C0653,J00641,U0653,Noida,Sales
E004062,2026-05-19 12:19:27.567567,job_viewed,C0742,J00619,U1077,Delhi,Business Analyst
E003129,2026-05-19 12:45:24.324324,job_viewed,C0731,J00298,U1849,Gurgaon,Data Analyst
E003943,2026-05-19 13:11:21.081081,job_viewed,C0720,J00577,U1916,Noida,Business Analyst
E000770,2026-05-19 13:24:19.459459,company_signup,C0770,,,Delhi,
E003411,2026-05-19 14:03:14.594594,job_viewed,C0587,J00389,U2618,Hyderabad,Business Analyst
E006393,2026-05-19 14:38:55.135135,application_submitted,C0632,J00857,U0597,Gurgaon,Business Analyst
E005520,2026-05-19 17:17:50.270270,job_viewed,C0671,J01128,U2160,Lucknow,HR
E005517,2026-05-19 17:17:50.270270,job_viewed,C0671,J01127,U2769,Delhi,Business Analyst
E002290,2026-05-19 17:17:50.270270,job_viewed,C0560,J00026,U2846,Lucknow,HR
E000771,2026-05-19 17:43:47.027027,company_signup,C0771,,,Pune,
E001116,2026-05-19 18:09:43.783783,job_posted,C0760,J00116,,Gurgaon,HR
E003767,2026-05-19 18:48:38.918918,job_viewed,C0577,J00520,U2800,Noida,Business Analyst
E002942,2026-05-19 20:58:22.702702,job_viewed,C0633,J00235,U1404,Mumbai,Data Analyst
E002945,2026-05-19 20:58:22.702702,job_viewed,C0633,J00236,U1536,Noida,Data Analyst
E006289,2026-05-19 21:01:37.297297,application_submitted,C0590,J00718,U0041,Bangalore,Sales
E003765,2026-05-19 22:03:14.594594,job_viewed,C0661,J00518,U1076,Mumbai,Data Analyst
E000772,2026-05-19 22:03:14.594594,company_signup,C0772,,,Pune,
E002078,2026-05-19 23:47:01.621621,job_posted,C0728,J01078,,Noida,HR
E003874,2026-05-19 23:47:01.621621,job_viewed,C0617,J00555,U2189,Gurgaon,Marketing
E003877,2026-05-19 23:47:01.621621,job_viewed,C0617,J00555,U0377,Gurgaon,Marketing
E002331,2026-05-20 00:00:00.000000,job_viewed,C0556,J00039,U1355,Noida,Data Analyst
E001232,2026-05-20 01:17:50.270270,job_posted,C0745,J00232,,Bangalore,Software Engineer
E000773,2026-05-20 02:22:42.162162,company_signup,C0773,,,Delhi,
E002994,2026-05-20 02:48:38.918918,job_viewed,C0651,J00253,U1075,Delhi,HR
E001218,2026-05-20 02:48:38.918918,job_posted,C0762,J00218,,Pune,Sales
E004395,2026-05-20 03:01:37.297297,job_viewed,C0590,J00718,U1852,Bangalore,Sales
E004678,2026-05-20 03:27:34.054054,job_viewed,C0690,J00824,U0762,Gurgaon,Sales
E002853,2026-05-20 03:40:32.432432,job_viewed,C0629,J00206,U2848,Pune,Marketing
E002855,2026-05-20 03:40:32.432432,job_viewed,C0629,J00206,U0751,Pune,Marketing
E002050,2026-05-20 05:11:21.081081,job_posted,C0757,J01050,,Noida,Business Analyst
E005735,2026-05-20 05:50:16.216216,job_viewed,C0574,J01192,U0001,Delhi,HR
E005736,2026-05-20 05:50:16.216216,job_viewed,C0574,J01192,U1285,Delhi,HR
E001945,2026-05-20 06:03:14.594594,job_posted,C0735,J00945,,Delhi,Marketing
E000774,2026-05-20 06:42:09.729729,company_signup,C0774,,,Hyderabad,
E005374,2026-05-20 07:34:03.243243,job_viewed,C0641,J01070,U0821,Gurgaon,Data Analyst
E001605,2026-05-20 08:00:00.000000,job_posted,C0741,J00605,,Bangalore,Business Analyst
E006644,2026-05-20 08:50:16.216216,application_submitted,C0574,J01192,U0001,Delhi,HR
E006484,2026-05-20 09:08:06.486486,application_submitted,C0652,J00986,U2732,Bangalore,HR
E002114,2026-05-20 09:17:50.270270,job_posted,C0708,J01114,,Noida,Sales
E003490,2026-05-20 09:30:48.648648,job_viewed,C0647,J00418,U1396,Bangalore,Marketing
E002739,2026-05-20 09:56:45.405405,job_viewed,C0636,J00173,U1083,Mumbai,Data Analyst
E005939,2026-05-20 10:58:22.702702,application_submitted,C0633,J00236,U1536,Noida,Data Analyst
E000775,2026-05-20 11:01:37.297297,company_signup,C0775,,,Mumbai,
E005088,2026-05-20 11:40:32.432432,job_viewed,C0592,J00975,U0175,Lucknow,Software Engineer
E001061,2026-05-20 11:40:32.432432,job_posted,C0703,J00061,,Delhi,Marketing
E005565,2026-05-20 11:53:30.810810,job_viewed,C0642,J01140,U0767,Noida,Sales
E005835,2026-05-20 12:08:06.486486,application_submitted,C0541,J00105,U0291,Bangalore,Marketing
E004065,2026-05-20 12:19:27.567567,job_viewed,C0742,J00619,U2732,Delhi,Business Analyst
E005191,2026-05-20 12:32:25.945945,job_viewed,C0681,J01006,U1207,Lucknow,Data Analyst
E001296,2026-05-20 12:45:24.324324,job_posted,C0731,J00296,,Lucknow,Software Engineer
E004540,2026-05-20 13:24:19.459459,job_viewed,C0659,J00778,U1574,Bangalore,HR
E001916,2026-05-20 14:03:14.594594,job_posted,C0698,J00916,,Lucknow,Software Engineer
E004295,2026-05-20 14:42:09.729729,job_viewed,C0737,J00693,U2097,Gurgaon,Software Engineer
E006144,2026-05-20 15:03:14.594594,application_submitted,C0661,J00518,U1076,Mumbai,Data Analyst
E000776,2026-05-20 15:21:04.864864,company_signup,C0776,,,Pune,
E002334,2026-05-20 16:51:53.513513,job_viewed,C0571,J00041,U1388,Delhi,Sales
E002764,2026-05-20 17:30:48.648648,job_viewed,C0721,J00179,U0387,Bangalore,HR
E006327,2026-05-20 18:24:19.459459,application_submitted,C0659,J00778,U1574,Bangalore,HR
E000777,2026-05-20 19:40:32.432432,company_signup,C0777,,,Delhi,
E003105,2026-05-20 19:53:30.810810,job_viewed,C0605,J00290,U2716,Delhi,Marketing
E005987,2026-05-20 20:45:24.324324,application_submitted,C0731,J00298,U1849,Gurgaon,Data Analyst
E003679,2026-05-20 21:50:16.216216,job_viewed,C0611,J00491,U2221,Noida,Data Analyst
E000778,2026-05-21 00:00:00.000000,company_signup,C0778,,,Lucknow,
E002433,2026-05-21 02:35:40.540540,job_viewed,C0712,J00075,U2709,Mumbai,Data Analyst
E002995,2026-05-21 02:48:38.918918,job_viewed,C0651,J00253,U0920,Delhi,HR
E004393,2026-05-21 03:01:37.297297,job_viewed,C0590,J00718,U2025,Bangalore,Sales
E001237,2026-05-21 03:01:37.297297,job_posted,C0701,J00237,,Delhi,Sales
E006348,2026-05-21 03:04:51.891891,application_submitted,C0658,J00811,U2953,Pune,Sales
E005313,2026-05-21 03:27:34.054054,job_viewed,C0579,J01046,U1635,Mumbai,Business Analyst
E005312,2026-05-21 03:27:34.054054,job_viewed,C0579,J01046,U1070,Mumbai,Business Analyst
E000779,2026-05-21 04:19:27.567567,company_signup,C0779,,,Lucknow,
E001909,2026-05-21 04:32:25.945945,job_posted,C0718,J00909,,Delhi,Data Analyst
E001463,2026-05-21 04:45:24.324324,job_posted,C0768,J00463,,Bangalore,HR
E004160,2026-05-21 04:45:24.324324,job_viewed,C0657,J00648,U2403,Lucknow,Sales
E003598,2026-05-21 05:24:19.459459,job_viewed,C0585,J00464,U0137,Hyderabad,HR
E004473,2026-05-21 05:37:17.837837,job_viewed,C0635,J00746,U2554,Mumbai,Sales
E005012,2026-05-21 06:03:14.594594,job_viewed,C0735,J00945,U1944,Delhi,Marketing
E002699,2026-05-21 07:21:04.864864,job_viewed,C0591,J00163,U0199,Mumbai,Software Engineer
E006529,2026-05-21 07:27:34.054054,application_submitted,C0579,J01046,U1635,Mumbai,Business Analyst
E000780,2026-05-21 08:38:55.135135,company_signup,C0780,,,Bangalore,
E003921,2026-05-21 10:09:43.783783,job_viewed,C0686,J00570,U0024,Mumbai,HR
E002396,2026-05-21 11:40:32.432432,job_viewed,C0703,J00062,U0818,Mumbai,Business Analyst
E002397,2026-05-21 11:40:32.432432,job_viewed,C0703,J00062,U2541,Mumbai,Business Analyst
E003119,2026-05-21 12:45:24.324324,job_viewed,C0731,J00296,U2652,Lucknow,Software Engineer
E000781,2026-05-21 12:58:22.702702,company_signup,C0781,,,Delhi,
E003932,2026-05-21 13:11:21.081081,job_viewed,C0720,J00576,U2848,Pune,Software Engineer
E003933,2026-05-21 13:11:21.081081,job_viewed,C0720,J00576,U1440,Pune,Software Engineer
E003936,2026-05-21 13:11:21.081081,job_viewed,C0720,J00576,U2897,Pune,Software Engineer
E005152,2026-05-21 13:37:17.837837,job_viewed,C0598,J00995,U2164,Mumbai,Software Engineer
E006291,2026-05-21 15:01:37.297297,application_submitted,C0590,J00718,U2025,Bangalore,Sales
E001428,2026-05-21 16:12:58.378378,job_posted,C0754,J00428,,Lucknow,Data Analyst
E004698,2026-05-21 16:25:56.756756,job_viewed,C0693,J00830,U2827,Gurgaon,Data Analyst
E000782,2026-05-21 17:17:50.270270,company_signup,C0782,,,Bangalore,
E005132,2026-05-21 20:45:24.324324,job_viewed,C0583,J00992,U0475,Noida,Sales
E002941,2026-05-21 20:58:22.702702,job_viewed,C0633,J00234,U1103,Mumbai,Software Engineer
E004490,2026-05-21 20:58:22.702702,job_viewed,C0744,J00756,U1678,Bangalore,HR
E004031,2026-05-21 21:11:21.081081,job_viewed,C0683,J00609,U2714,Gurgaon,HR
E000783,2026-05-21 21:37:17.837837,company_signup,C0783,,,Lucknow,
E003629,2026-05-21 22:42:09.729729,job_viewed,C0700,J00473,U2012,Gurgaon,Business Analyst
E004669,2026-05-21 23:34:03.243243,job_viewed,C0678,J00820,U0913,Noida,Sales
E004662,2026-05-21 23:34:03.243243,job_viewed,C0678,J00819,U0673,Gurgaon,Software Engineer
E005671,2026-05-22 01:04:51.891891,job_viewed,C0695,J01174,U2773,Lucknow,Software Engineer
E000784,2026-05-22 01:56:45.405405,company_signup,C0784,,,Hyderabad,
E003701,2026-05-22 02:09:43.783783,job_viewed,C0612,J00497,U2203,Bangalore,Business Analyst
E002996,2026-05-22 02:48:38.918918,job_viewed,C0651,J00253,U2314,Delhi,HR
E006122,2026-05-22 02:50:16.216216,application_submitted,C0611,J00491,U2221,Noida,Data Analyst
E005555,2026-05-22 04:58:22.702702,job_viewed,C0596,J01136,U1019,Lucknow,HR
E005557,2026-05-22 04:58:22.702702,job_viewed,C0596,J01138,U0405,Bangalore,Marketing
E001440,2026-05-22 05:37:17.837837,job_posted,C0746,J00440,,Pune,Marketing
E005011,2026-05-22 06:03:14.594594,job_viewed,C0735,J00945,U2124,Delhi,Marketing
E000785,2026-05-22 06:16:12.972972,company_signup,C0785,,,Mumbai,
E004069,2026-05-22 06:42:09.729729,job_viewed,C0552,J00620,U2884,Bangalore,Software Engineer
E005240,2026-05-22 06:55:08.108108,job_viewed,C0602,J01016,U0654,Pune,Marketing
E005952,2026-05-22 08:48:38.918918,application_submitted,C0651,J00253,U0920,Delhi,HR
E004634,2026-05-22 09:04:51.891891,job_viewed,C0658,J00810,U1231,Pune,Marketing
E000786,2026-05-22 10:35:40.540540,company_signup,C0786,,,Delhi,
E004249,2026-05-22 10:35:40.540540,job_viewed,C0564,J00681,U1245,Bangalore,Data Analyst
E004515,2026-05-22 10:48:38.918918,job_viewed,C0725,J00770,U2788,Mumbai,Sales
E004516,2026-05-22 10:48:38.918918,job_viewed,C0725,J00770,U1039,Mumbai,Sales
E006510,2026-05-22 11:55:08.108108,application_submitted,C0602,J01016,U0654,Pune,Marketing
E002082,2026-05-22 12:58:22.702702,job_posted,C0781,J01082,,Noida,Software Engineer
E005147,2026-05-22 13:37:17.837837,job_viewed,C0598,J00995,U0858,Mumbai,Software Engineer
E001694,2026-05-22 14:42:09.729729,job_posted,C0737,J00694,,Delhi,Sales
E000787,2026-05-22 14:55:08.108108,company_signup,C0787,,,Gurgaon,
E004748,2026-05-22 15:21:04.864864,job_viewed,C0665,J00851,U1843,Lucknow,Marketing
E006493,2026-05-22 17:37:17.837837,application_submitted,C0598,J00995,U0858,Mumbai,Software Engineer
E004782,2026-05-22 19:01:37.297297,job_viewed,C0627,J00864,U2949,Noida,Marketing
E000788,2026-05-22 19:14:35.675675,company_signup,C0788,,,Lucknow,
E006528,2026-05-22 20:27:34.054054,application_submitted,C0579,J01046,U1070,Mumbai,Business Analyst
E002027,2026-05-22 20:32:25.945945,job_posted,C0755,J01027,,Bangalore,Sales
E002026,2026-05-22 20:32:25.945945,job_posted,C0755,J01026,,Delhi,Business Analyst
E005509,2026-05-22 20:45:24.324324,job_viewed,C0694,J01124,U0813,Pune,Software Engineer
E000789,2026-05-22 23:34:03.243243,company_signup,C0789,,,Lucknow,
E003703,2026-05-23 02:09:43.783783,job_viewed,C0612,J00497,U2337,Bangalore,Business Analyst
E001074,2026-05-23 02:35:40.540540,job_posted,C0712,J00074,,Hyderabad,HR
E004392,2026-05-23 03:01:37.297297,job_viewed,C0590,J00718,U2342,Bangalore,Sales
E004268,2026-05-23 03:53:30.810810,job_viewed,C0679,J00685,U1098,Noida,Data Analyst
E000790,2026-05-23 03:53:30.810810,company_signup,C0790,,,Gurgaon,
E004266,2026-05-23 03:53:30.810810,job_viewed,C0679,J00685,U2354,Noida,Data Analyst
E001012,2026-05-23 04:06:29.189189,job_posted,C0729,J00012,,Hyderabad,Software Engineer
E001462,2026-05-23 04:45:24.324324,job_posted,C0768,J00462,,Pune,Software Engineer
E003599,2026-05-23 05:24:19.459459,job_viewed,C0585,J00464,U2275,Hyderabad,HR
E004071,2026-05-23 06:42:09.729729,job_viewed,C0552,J00620,U1100,Bangalore,Software Engineer
E000791,2026-05-23 08:12:58.378378,company_signup,C0791,,,Noida,
E004210,2026-05-23 08:38:55.135135,job_viewed,C0669,J00666,U2633,Mumbai,Software Engineer
E004631,2026-05-23 09:04:51.891891,job_viewed,C0658,J00810,U0728,Pune,Marketing
E003491,2026-05-23 09:30:48.648648,job_viewed,C0647,J00418,U0133,Bangalore,Marketing
E002738,2026-05-23 09:56:45.405405,job_viewed,C0636,J00173,U1812,Mumbai,Data Analyst
E001181,2026-05-23 10:35:40.540540,job_posted,C0786,J00181,,Bangalore,HR
E005157,2026-05-23 11:14:35.675675,job_viewed,C0603,J00996,U0864,Noida,HR
E005084,2026-05-23 11:40:32.432432,job_viewed,C0592,J00975,U0783,Lucknow,Software Engineer
E006596,2026-05-23 11:58:22.702702,application_submitted,C0596,J01138,U0405,Bangalore,Marketing
E000792,2026-05-23 12:32:25.945945,company_signup,C0792,,,Lucknow,
E004434,2026-05-23 12:45:24.324324,job_viewed,C0620,J00730,U0528,Gurgaon,HR
E003944,2026-05-23 13:11:21.081081,job_viewed,C0720,J00577,U0557,Noida,Business Analyst
E004545,2026-05-23 13:24:19.459459,job_viewed,C0659,J00779,U1161,Pune,Software Engineer
E001193,2026-05-23 15:34:03.243243,job_posted,C0715,J00193,,Hyderabad,Marketing
E001286,2026-05-23 15:47:01.621621,job_posted,C0765,J00286,,Lucknow,HR
E005648,2026-05-23 15:47:01.621621,job_viewed,C0654,J01162,U2077,Bangalore,HR
E003520,2026-05-23 16:12:58.378378,job_viewed,C0754,J00428,U2350,Lucknow,Data Analyst
E001053,2026-05-23 16:38:55.135135,job_posted,C0743,J00053,,Noida,Data Analyst
E000793,2026-05-23 16:51:53.513513,company_signup,C0793,,,Pune,
E002338,2026-05-23 16:51:53.513513,job_viewed,C0571,J00041,U1357,Delhi,Sales
E001493,2026-05-23 18:35:40.540540,job_posted,C0749,J00493,,Mumbai,Data Analyst
E005266,2026-05-23 20:32:25.945945,job_viewed,C0755,J01026,U2870,Delhi,Business Analyst
E005268,2026-05-23 20:32:25.945945,job_viewed,C0755,J01026,U1513,Delhi,Business Analyst
E005510,2026-05-23 20:45:24.324324,job_viewed,C0694,J01124,U1991,Pune,Software Engineer
E000794,2026-05-23 21:11:21.081081,company_signup,C0794,,,Hyderabad,
E002030,2026-05-23 21:50:16.216216,job_posted,C0722,J01030,,Bangalore,HR
E003272,2026-05-23 22:16:12.972972,job_viewed,C0711,J00341,U1450,Bangalore,Marketing
E005391,2026-05-23 23:47:01.621621,job_viewed,C0728,J01078,U0718,Noida,HR
E001127,2026-05-24 00:00:00.000000,job_posted,C0778,J00127,,Gurgaon,Sales
E006551,2026-05-24 00:47:01.621621,application_submitted,C0728,J01078,U0718,Noida,HR
E000795,2026-05-24 01:30:48.648648,company_signup,C0795,,,Delhi,
E004938,2026-05-24 01:30:48.648648,job_viewed,C0684,J00926,U2985,Mumbai,Business Analyst
E002295,2026-05-24 02:09:43.783783,job_viewed,C0723,J00027,U2398,Hyderabad,Software Engineer
E002998,2026-05-24 02:48:38.918918,job_viewed,C0651,J00253,U1272,Delhi,HR
E002240,2026-05-24 04:06:29.189189,job_viewed,C0729,J00012,U1463,Hyderabad,Software Engineer
E000796,2026-05-24 05:50:16.216216,company_signup,C0796,,,Gurgaon,
E005238,2026-05-24 06:55:08.108108,job_viewed,C0602,J01016,U1190,Pune,Marketing
E005237,2026-05-24 06:55:08.108108,job_viewed,C0602,J01016,U1296,Pune,Marketing
E001998,2026-05-24 08:38:55.135135,job_posted,C0780,J00998,,Bangalore,Business Analyst
E005469,2026-05-24 09:17:50.270270,job_viewed,C0708,J01112,U1882,Gurgaon,Sales
E000797,2026-05-24 10:09:43.783783,company_signup,C0797,,,Pune,
E001596,2026-05-24 10:22:42.162162,job_posted,C0736,J00596,,Gurgaon,HR
E001182,2026-05-24 10:35:40.540540,job_posted,C0786,J00182,,Delhi,Marketing
E001771,2026-05-24 10:48:38.918918,job_posted,C0725,J00771,,Noida,HR
E001614,2026-05-24 11:01:37.297297,job_posted,C0775,J00614,,Lucknow,Sales
E006383,2026-05-24 11:21:04.864864,application_submitted,C0665,J00851,U1843,Lucknow,Marketing
E005190,2026-05-24 12:32:25.945945,job_viewed,C0681,J01006,U1366,Lucknow,Data Analyst
E004430,2026-05-24 12:45:24.324324,job_viewed,C0620,J00730,U0012,Gurgaon,HR
E003124,2026-05-24 12:45:24.324324,job_viewed,C0731,J00298,U1599,Gurgaon,Data Analyst
E003941,2026-05-24 13:11:21.081081,job_viewed,C0720,J00577,U0340,Noida,Business Analyst
E000798,2026-05-24 14:29:11.351351,company_signup,C0798,,,Gurgaon,
E002065,2026-05-24 15:21:04.864864,job_posted,C0776,J01065,,Noida,Data Analyst
E005646,2026-05-24 15:47:01.621621,job_viewed,C0654,J01161,U1943,Pune,Data Analyst
E003518,2026-05-24 16:12:58.378378,job_viewed,C0754,J00428,U0076,Lucknow,Data Analyst
E004694,2026-05-24 16:25:56.756756,job_viewed,C0693,J00829,U2317,Delhi,HR
E000799,2026-05-24 18:48:38.918918,company_signup,C0799,,,Delhi,
E004780,2026-05-24 19:01:37.297297,job_viewed,C0627,J00864,U0266,Noida,Marketing
E006290,2026-05-24 22:01:37.297297,application_submitted,C0590,J00718,U2342,Bangalore,Sales
E003763,2026-05-24 22:03:14.594594,job_viewed,C0661,J00518,U1703,Mumbai,Data Analyst
E005770,2026-05-24 22:06:29.189189,application_submitted,C0729,J00012,U1463,Hyderabad,Software Engineer
E000800,2026-05-24 23:08:06.486486,company_signup,C0800,,,Bangalore,
E002227,2026-05-25 00:38:55.135135,job_viewed,C0706,J00006,U1717,Pune,HR
E004786,2026-05-25 01:56:45.405405,job_viewed,C0562,J00866,U2180,Mumbai,Data Analyst
E002296,2026-05-25 02:09:43.783783,job_viewed,C0723,J00027,U1976,Hyderabad,Software Engineer
E001723,2026-05-25 02:22:42.162162,job_posted,C0773,J00723,,Hyderabad,Marketing
E002434,2026-05-25 02:35:40.540540,job_viewed,C0712,J00075,U1779,Mumbai,Data Analyst
E002888,2026-05-25 02:48:38.918918,job_viewed,C0762,J00218,U2224,Pune,Sales
E000801,2026-05-25 03:27:34.054054,company_signup,C0801,,,Delhi,
E006076,2026-05-25 03:30:48.648648,application_submitted,C0647,J00418,U0133,Bangalore,Marketing
E005329,2026-05-25 05:11:21.081081,job_viewed,C0757,J01050,U0377,Noida,Business Analyst
E005331,2026-05-25 05:11:21.081081,job_viewed,C0757,J01050,U0444,Noida,Business Analyst
E001944,2026-05-25 06:03:14.594594,job_posted,C0735,J00944,,Bangalore,Software Engineer
E000802,2026-05-25 07:47:01.621621,company_signup,C0802,,,Noida,
E004017,2026-05-25 08:00:00.000000,job_viewed,C0741,J00606,U1163,Mumbai,Business Analyst
E003994,2026-05-25 10:22:42.162162,job_viewed,C0736,J00596,U1157,Gurgaon,HR
E001595,2026-05-25 10:22:42.162162,job_posted,C0736,J00595,,Pune,HR
E003993,2026-05-25 10:22:42.162162,job_viewed,C0736,J00596,U0333,Gurgaon,HR
E004521,2026-05-25 10:48:38.918918,job_viewed,C0725,J00771,U1437,Noida,HR
E005155,2026-05-25 11:14:35.675675,job_viewed,C0603,J00996,U1653,Noida,HR
E000803,2026-05-25 12:06:29.189189,company_signup,C0803,,,Delhi,
E003128,2026-05-25 12:45:24.324324,job_viewed,C0731,J00298,U2143,Gurgaon,Data Analyst
E002083,2026-05-25 12:58:22.702702,job_posted,C0781,J01083,,Noida,Software Engineer
E003759,2026-05-25 14:55:08.108108,job_viewed,C0676,J00516,U1413,Pune,HR
E000804,2026-05-25 16:25:56.756756,company_signup,C0804,,,Delhi,
E001781,2026-05-25 16:51:53.513513,job_posted,C0793,J00781,,Bangalore,Data Analyst
E003549,2026-05-25 18:48:38.918918,job_viewed,C0688,J00442,U1000,Noida,Software Engineer
E001690,2026-05-25 19:14:35.675675,job_posted,C0788,J00690,,Hyderabad,Data Analyst
E001554,2026-05-25 19:27:34.054054,job_posted,C0727,J00554,,Hyderabad,Business Analyst
E006509,2026-05-25 19:55:08.108108,application_submitted,C0602,J01016,U1190,Pune,Marketing
E004118,2026-05-25 20:19:27.567567,job_viewed,C0705,J00636,U0133,Hyderabad,Data Analyst
E000805,2026-05-25 20:45:24.324324,company_signup,C0805,,,Noida,
E001754,2026-05-25 21:24:19.459459,job_posted,C0733,J00754,,Bangalore,HR
E003820,2026-05-25 21:24:19.459459,job_viewed,C0622,J00537,U0049,Pune,Data Analyst
E001753,2026-05-25 21:24:19.459459,job_posted,C0733,J00753,,Lucknow,HR
E006436,2026-05-25 21:30:48.648648,application_submitted,C0684,J00926,U2985,Mumbai,Business Analyst
E005782,2026-05-25 22:09:43.783783,application_submitted,C0723,J00027,U1976,Hyderabad,Software Engineer
E002079,2026-05-25 23:47:01.621621,job_posted,C0728,J01079,,Noida,Business Analyst
E000806,2026-05-26 01:04:51.891891,company_signup,C0806,,,Hyderabad,
E005673,2026-05-26 01:04:51.891891,job_viewed,C0695,J01174,U1843,Lucknow,Software Engineer
E004394,2026-05-26 03:01:37.297297,job_viewed,C0590,J00718,U2031,Bangalore,Sales
E005316,2026-05-26 03:27:34.054054,job_viewed,C0579,J01046,U2640,Mumbai,Business Analyst
E004267,2026-05-26 03:53:30.810810,job_viewed,C0679,J00685,U2006,Noida,Data Analyst
E006396,2026-05-26 04:01:37.297297,application_submitted,C0627,J00864,U0266,Noida,Marketing
E001013,2026-05-26 04:06:29.189189,job_posted,C0729,J00013,,Hyderabad,Sales
E000807,2026-05-26 05:24:19.459459,company_signup,C0807,,,Lucknow,
E005014,2026-05-26 06:03:14.594594,job_viewed,C0735,J00945,U2795,Delhi,Marketing
E003488,2026-05-26 09:30:48.648648,job_viewed,C0647,J00417,U0704,Hyderabad,HR
E001873,2026-05-26 09:30:48.648648,job_posted,C0758,J00873,,Delhi,Software Engineer
E000808,2026-05-26 09:43:47.027027,company_signup,C0808,,,Delhi,
E002743,2026-05-26 09:56:45.405405,job_viewed,C0636,J00173,U0708,Mumbai,Data Analyst
E004038,2026-05-26 11:01:37.297297,job_viewed,C0775,J00614,U2504,Lucknow,Sales
E001123,2026-05-26 11:53:30.810810,job_posted,C0753,J00123,,Noida,Software Engineer
E005567,2026-05-26 11:53:30.810810,job_viewed,C0642,J01140,U0522,Noida,Sales
E001447,2026-05-26 12:32:25.945945,job_posted,C0792,J00447,,Pune,HR
E005187,2026-05-26 12:32:25.945945,job_viewed,C0681,J01006,U2834,Lucknow,Data Analyst
E004437,2026-05-26 12:45:24.324324,job_viewed,C0620,J00731,U1677,Hyderabad,Software Engineer
E005402,2026-05-26 12:58:22.702702,job_viewed,C0781,J01082,U0545,Noida,Software Engineer
E005404,2026-05-26 12:58:22.702702,job_viewed,C0781,J01082,U1003,Noida,Software Engineer
E004534,2026-05-26 13:24:19.459459,job_viewed,C0659,J00777,U0624,Bangalore,Data Analyst
E000809,2026-05-26 14:03:14.594594,company_signup,C0809,,,Noida,
E003755,2026-05-26 14:55:08.108108,job_viewed,C0676,J00516,U2133,Pune,HR
E002064,2026-05-26 15:21:04.864864,job_posted,C0776,J01064,,Delhi,Software Engineer
E002816,2026-05-26 15:34:03.243243,job_viewed,C0715,J00191,U0052,Hyderabad,Software Engineer
E003078,2026-05-26 16:12:58.378378,job_viewed,C0643,J00279,U1333,Lucknow,Data Analyst
E005523,2026-05-26 17:17:50.270270,job_viewed,C0671,J01128,U2430,Lucknow,HR
E006300,2026-05-26 17:45:24.324324,application_submitted,C0620,J00731,U1677,Hyderabad,Software Engineer
E006208,2026-05-26 18:01:37.297297,application_submitted,C0775,J00614,U2504,Lucknow,Sales
E000810,2026-05-26 18:22:42.162162,company_signup,C0810,,,Pune,
E001492,2026-05-26 18:35:40.540540,job_posted,C0749,J00492,,Hyderabad,HR
E001245,2026-05-26 18:48:38.918918,job_posted,C0799,J00245,,Pune,HR
E005259,2026-05-26 20:32:25.945945,job_viewed,C0755,J01025,U1643,Lucknow,Sales
E001757,2026-05-26 20:58:22.702702,job_posted,C0744,J00757,,Noida,Data Analyst
E004484,2026-05-26 21:24:19.459459,job_viewed,C0733,J00754,U0377,Bangalore,HR
E003823,2026-05-26 21:24:19.459459,job_viewed,C0622,J00537,U0311,Pune,Data Analyst
E000811,2026-05-26 22:42:09.729729,company_signup,C0811,,,Bangalore,
E002581,2026-05-27 00:00:00.000000,job_viewed,C0778,J00127,U2057,Gurgaon,Sales
E003232,2026-05-27 00:25:56.756756,job_viewed,C0656,J00326,U1391,Bangalore,Marketing
E004940,2026-05-27 01:30:48.648648,job_viewed,C0684,J00926,U0608,Mumbai,Business Analyst
E001724,2026-05-27 02:22:42.162162,job_posted,C0773,J00724,,Hyderabad,Business Analyst
E002997,2026-05-27 02:48:38.918918,job_viewed,C0651,J00253,U2760,Delhi,HR
E000812,2026-05-27 03:01:37.297297,company_signup,C0812,,,Bangalore,
E004469,2026-05-27 05:37:17.837837,job_viewed,C0635,J00745,U2565,Bangalore,Sales
E000813,2026-05-27 07:21:04.864864,company_signup,C0813,,,Delhi,
E001761,2026-05-27 07:47:01.621621,job_posted,C0802,J00761,,Bangalore,Sales
E001999,2026-05-27 08:38:55.135135,job_posted,C0780,J00999,,Noida,Business Analyst
E005468,2026-05-27 09:17:50.270270,job_viewed,C0708,J01112,U2266,Gurgaon,Sales
E005473,2026-05-27 09:17:50.270270,job_viewed,C0708,J01113,U0923,Gurgaon,Business Analyst
E002744,2026-05-27 09:56:45.405405,job_viewed,C0636,J00174,U2285,Lucknow,Software Engineer
E004524,2026-05-27 10:48:38.918918,job_viewed,C0725,J00771,U2340,Noida,HR
E004517,2026-05-27 10:48:38.918918,job_viewed,C0725,J00770,U2243,Mumbai,Sales
E001615,2026-05-27 11:01:37.297297,job_posted,C0775,J00615,,Mumbai,HR
E000814,2026-05-27 11:40:32.432432,company_signup,C0814,,,Hyderabad,
E005566,2026-05-27 11:53:30.810810,job_viewed,C0642,J01140,U1745,Noida,Sales
E005573,2026-05-27 11:53:30.810810,job_viewed,C0642,J01141,U1754,Noida,Sales
E004061,2026-05-27 12:19:27.567567,job_viewed,C0742,J00619,U1300,Delhi,Business Analyst
E004294,2026-05-27 14:42:09.729729,job_viewed,C0737,J00693,U2794,Gurgaon,Software Engineer
E001688,2026-05-27 14:55:08.108108,job_posted,C0787,J00688,,Noida,HR
E005650,2026-05-27 15:47:01.621621,job_viewed,C0654,J01162,U2839,Bangalore,HR
E000815,2026-05-27 16:00:00.000000,company_signup,C0815,,,Hyderabad,
E006324,2026-05-27 16:24:19.459459,application_submitted,C0659,J00777,U0624,Bangalore,Data Analyst
E002762,2026-05-27 17:30:48.648648,job_viewed,C0721,J00179,U0562,Bangalore,HR
E000816,2026-05-27 20:19:27.567567,company_signup,C0816,,,Pune,
E003824,2026-05-27 21:24:19.459459,job_viewed,C0622,J00537,U1927,Pune,Data Analyst
E000817,2026-05-28 00:38:55.135135,company_signup,C0817,,,Delhi,
E001056,2026-05-28 00:51:53.513513,job_posted,C0756,J00056,,Gurgaon,Business Analyst
E002242,2026-05-28 04:06:29.189189,job_viewed,C0729,J00012,U2159,Hyderabad,Software Engineer
E002930,2026-05-28 04:19:27.567567,job_viewed,C0668,J00231,U1599,Hyderabad,Sales
E000818,2026-05-28 04:58:22.702702,company_signup,C0818,,,Bangalore,
E002049,2026-05-28 05:11:21.081081,job_posted,C0757,J01049,,Bangalore,Marketing
E005848,2026-05-28 06:00:00.000000,application_submitted,C0778,J00127,U2057,Gurgaon,Sales
E001971,2026-05-28 07:21:04.864864,job_posted,C0813,J00971,,Pune,Software Engineer
E001969,2026-05-28 07:21:04.864864,job_posted,C0813,J00969,,Bangalore,Business Analyst
E004012,2026-05-28 08:00:00.000000,job_viewed,C0741,J00605,U0432,Bangalore,Business Analyst
E000819,2026-05-28 09:17:50.270270,company_signup,C0819,,,Hyderabad,
E006567,2026-05-28 09:17:50.270270,application_submitted,C0708,J01113,U0923,Gurgaon,Business Analyst
E004435,2026-05-28 12:45:24.324324,job_viewed,C0620,J00730,U2894,Gurgaon,HR
E004541,2026-05-28 13:24:19.459459,job_viewed,C0659,J00778,U2743,Bangalore,HR
E002057,2026-05-28 13:24:19.459459,job_posted,C0770,J01057,,Hyderabad,Marketing
E004547,2026-05-28 13:24:19.459459,job_viewed,C0659,J00779,U2655,Pune,Software Engineer
E000820,2026-05-28 13:37:17.837837,company_signup,C0820,,,Delhi,
E004491,2026-05-28 14:16:12.972972,job_viewed,C0637,J00759,U1590,Noida,Data Analyst
E004297,2026-05-28 14:42:09.729729,job_viewed,C0737,J00693,U2461,Gurgaon,Software Engineer
E003519,2026-05-28 16:12:58.378378,job_viewed,C0754,J00428,U1740,Lucknow,Data Analyst
E006328,2026-05-28 16:24:19.459459,application_submitted,C0659,J00778,U2743,Bangalore,HR
E002372,2026-05-28 16:38:55.135135,job_viewed,C0743,J00053,U0916,Noida,Data Analyst
E004979,2026-05-28 17:56:45.405405,job_viewed,C0599,J00937,U2420,Noida,Software Engineer
E000821,2026-05-28 17:56:45.405405,company_signup,C0821,,,Gurgaon,
E004483,2026-05-28 21:24:19.459459,job_viewed,C0733,J00754,U1763,Bangalore,HR
E000822,2026-05-28 22:16:12.972972,company_signup,C0822,,,Hyderabad,
E005599,2026-05-28 22:29:11.351351,job_viewed,C0650,J01146,U1886,Hyderabad,Sales
E004664,2026-05-28 23:34:03.243243,job_viewed,C0678,J00819,U2077,Gurgaon,Software Engineer
E000823,2026-05-29 02:35:40.540540,company_signup,C0823,,,Noida,
E003592,2026-05-29 04:45:24.324324,job_viewed,C0768,J00463,U2816,Bangalore,HR
E005324,2026-05-29 05:11:21.081081,job_viewed,C0757,J01049,U1401,Bangalore,Marketing
E001441,2026-05-29 05:37:17.837837,job_posted,C0746,J00441,,Pune,Software Engineer
E000824,2026-05-29 06:55:08.108108,company_signup,C0824,,,Gurgaon,
E004498,2026-05-29 07:47:01.621621,job_viewed,C0802,J00761,U1504,Bangalore,Sales
E004022,2026-05-29 08:00:00.000000,job_viewed,C0741,J00606,U1378,Mumbai,Business Analyst
E005339,2026-05-29 08:12:58.378378,job_viewed,C0680,J01055,U2000,Bangalore,Marketing
E004636,2026-05-29 09:04:51.891891,job_viewed,C0658,J00811,U2025,Pune,Sales
E001514,2026-05-29 09:17:50.270270,job_posted,C0819,J00514,,Lucknow,Sales
E003489,2026-05-29 09:30:48.648648,job_viewed,C0647,J00418,U0615,Bangalore,Marketing
E001508,2026-05-29 09:43:47.027027,job_posted,C0808,J00508,,Noida,HR
E002735,2026-05-29 09:56:45.405405,job_viewed,C0636,J00172,U2126,Noida,HR
E003918,2026-05-29 10:09:43.783783,job_viewed,C0686,J00570,U0790,Mumbai,HR
E005891,2026-05-29 10:30:48.648648,application_submitted,C0721,J00179,U0562,Bangalore,HR
E002780,2026-05-29 10:35:40.540540,job_viewed,C0786,J00182,U2354,Delhi,Marketing
E000825,2026-05-29 11:14:35.675675,company_signup,C0825,,,Lucknow,
E006619,2026-05-29 11:47:01.621621,application_submitted,C0654,J01162,U2839,Bangalore,HR
E005571,2026-05-29 11:53:30.810810,job_viewed,C0642,J01140,U1514,Noida,Sales
E005933,2026-05-29 12:19:27.567567,application_submitted,C0668,J00231,U1599,Hyderabad,Sales
E003557,2026-05-29 12:32:25.945945,job_viewed,C0792,J00447,U1024,Pune,HR
E003122,2026-05-29 12:45:24.324324,job_viewed,C0731,J00296,U1169,Lucknow,Software Engineer
E005345,2026-05-29 13:24:19.459459,job_viewed,C0770,J01057,U1840,Hyderabad,Marketing
E003758,2026-05-29 14:55:08.108108,job_viewed,C0676,J00516,U0363,Pune,HR
E003536,2026-05-29 15:08:06.486486,job_viewed,C0615,J00434,U0454,Delhi,Marketing
E000826,2026-05-29 15:34:03.243243,company_signup,C0826,,,Hyderabad,
E004982,2026-05-29 17:56:45.405405,job_viewed,C0599,J00937,U0257,Noida,Software Engineer
E006311,2026-05-29 18:24:19.459459,application_submitted,C0733,J00754,U1763,Bangalore,HR
E001993,2026-05-29 19:40:32.432432,job_posted,C0777,J00993,,Lucknow,HR
E000827,2026-05-29 19:53:30.810810,company_signup,C0827,,,Bangalore,
E005270,2026-05-29 20:32:25.945945,job_viewed,C0755,J01027,U1416,Bangalore,Sales
E005278,2026-05-29 21:50:16.216216,job_viewed,C0722,J01032,U1973,Pune,HR
E000828,2026-05-30 00:12:58.378378,company_signup,C0828,,,Mumbai,
E002821,2026-05-30 01:56:45.405405,job_viewed,C0673,J00194,U1435,Bangalore,Data Analyst
E002819,2026-05-30 01:56:45.405405,job_viewed,C0673,J00194,U2739,Bangalore,Data Analyst
E001217,2026-05-30 02:48:38.918918,job_posted,C0762,J00217,,Noida,HR
E002887,2026-05-30 02:48:38.918918,job_viewed,C0762,J00218,U2585,Pune,Sales
E000829,2026-05-30 04:32:25.945945,company_signup,C0829,,,Gurgaon,
E001461,2026-05-30 04:45:24.324324,job_posted,C0768,J00461,,Bangalore,Data Analyst
E005322,2026-05-30 05:11:21.081081,job_viewed,C0757,J01049,U1292,Bangalore,Marketing
E004016,2026-05-30 08:00:00.000000,job_viewed,C0741,J00605,U1349,Bangalore,Business Analyst
E006089,2026-05-30 08:08:06.486486,application_submitted,C0615,J00434,U0454,Delhi,Marketing
E000830,2026-05-30 08:51:53.513513,company_signup,C0830,,,Lucknow,
E003487,2026-05-30 09:30:48.648648,job_viewed,C0647,J00417,U2886,Hyderabad,HR
E006299,2026-05-30 10:45:24.324324,application_submitted,C0620,J00730,U2894,Gurgaon,HR
E004520,2026-05-30 10:48:38.918918,job_viewed,C0725,J00771,U1832,Noida,HR
E005578,2026-05-30 11:53:30.810810,job_viewed,C0642,J01141,U2850,Noida,Sales
E001328,2026-05-30 12:06:29.189189,job_posted,C0803,J00328,,Gurgaon,Software Engineer
E006531,2026-05-30 12:11:21.081081,application_submitted,C0757,J01049,U1401,Bangalore,Marketing
E005399,2026-05-30 12:58:22.702702,job_viewed,C0781,J01082,U0950,Noida,Software Engineer
E000831,2026-05-30 13:11:21.081081,company_signup,C0831,,,Pune,
E004773,2026-05-30 14:29:11.351351,job_viewed,C0687,J00861,U2306,Pune,Business Analyst
E005372,2026-05-30 15:21:04.864864,job_viewed,C0776,J01065,U2450,Noida,Data Analyst
E001950,2026-05-30 15:34:03.243243,job_posted,C0826,J00950,,Pune,Marketing
E001429,2026-05-30 16:12:58.378378,job_posted,C0754,J00429,,Lucknow,Software Engineer
E000832,2026-05-30 17:30:48.648648,company_signup,C0832,,,Pune,
E001246,2026-05-30 18:48:38.918918,job_posted,C0799,J00246,,Lucknow,Marketing
E004288,2026-05-30 19:14:35.675675,job_viewed,C0788,J00690,U0383,Hyderabad,Data Analyst
E001244,2026-05-30 20:06:29.189189,job_posted,C0766,J00244,,Pune,Sales
E002179,2026-05-30 20:19:27.567567,job_posted,C0816,J01179,,Bangalore,Business Analyst
E004489,2026-05-30 20:58:22.702702,job_viewed,C0744,J00756,U2115,Bangalore,HR
E004030,2026-05-30 21:11:21.081081,job_viewed,C0683,J00609,U1099,Gurgaon,HR
E004481,2026-05-30 21:24:19.459459,job_viewed,C0733,J00753,U1883,Lucknow,HR
E000833,2026-05-30 21:50:16.216216,company_signup,C0833,,,Bangalore,
E003628,2026-05-30 22:42:09.729729,job_viewed,C0700,J00473,U1093,Gurgaon,Business Analyst
E004666,2026-05-30 23:34:03.243243,job_viewed,C0678,J00819,U0464,Gurgaon,Software Engineer
E002585,2026-05-31 00:00:00.000000,job_viewed,C0778,J00127,U1638,Gurgaon,Sales
E002584,2026-05-31 00:00:00.000000,job_viewed,C0778,J00127,U2063,Gurgaon,Sales
E006075,2026-05-31 00:30:48.648648,application_submitted,C0647,J00417,U2886,Hyderabad,HR
E001055,2026-05-31 00:51:53.513513,job_posted,C0756,J00055,,Hyderabad,Sales
E002932,2026-05-31 01:17:50.270270,job_viewed,C0745,J00232,U1538,Bangalore,Software Engineer
E000834,2026-05-31 02:09:43.783783,company_signup,C0834,,,Hyderabad,
E006536,2026-05-31 02:12:58.378378,application_submitted,C0680,J01055,U2000,Bangalore,Marketing
E002435,2026-05-31 02:35:40.540540,job_viewed,C0712,J00075,U2015,Mumbai,Data Analyst
E002889,2026-05-31 02:48:38.918918,job_viewed,C0762,J00218,U0041,Pune,Sales
E005328,2026-05-31 05:11:21.081081,job_viewed,C0757,J01049,U0705,Bangalore,Marketing
E004470,2026-05-31 05:37:17.837837,job_viewed,C0635,J00745,U0689,Bangalore,Sales
E004466,2026-05-31 05:37:17.837837,job_viewed,C0635,J00745,U1057,Bangalore,Sales
E000835,2026-05-31 06:29:11.351351,company_signup,C0835,,,Delhi,
E004496,2026-05-31 07:47:01.621621,job_viewed,C0802,J00761,U2609,Bangalore,Sales
E006520,2026-05-31 08:50:16.216216,application_submitted,C0722,J01032,U1973,Pune,HR
E001965,2026-05-31 09:04:51.891891,job_posted,C0769,J00965,,Bangalore,Sales
E002737,2026-05-31 09:56:45.405405,job_viewed,C0636,J00173,U1352,Mumbai,Data Analyst
E000836,2026-05-31 10:48:38.918918,company_signup,C0836,,,Hyderabad,
E004044,2026-05-31 11:01:37.297297,job_viewed,C0775,J00615,U1891,Mumbai,HR
E005153,2026-05-31 11:14:35.675675,job_viewed,C0603,J00996,U1043,Noida,HR
E006517,2026-05-31 11:32:25.945945,application_submitted,C0755,J01027,U1416,Bangalore,Sales
E005570,2026-05-31 11:53:30.810810,job_viewed,C0642,J01140,U1470,Noida,Sales
E004063,2026-05-31 12:19:27.567567,job_viewed,C0742,J00619,U0715,Delhi,Business Analyst
E005850,2026-05-31 13:00:00.000000,application_submitted,C0778,J00127,U2063,Gurgaon,Sales
E004542,2026-05-31 13:24:19.459459,job_viewed,C0659,J00779,U2155,Pune,Software Engineer
E002131,2026-05-31 14:03:14.594594,job_posted,C0809,J01131,,Noida,Business Analyst
E000837,2026-05-31 15:08:06.486486,company_signup,C0837,,,Bangalore,
E005370,2026-05-31 15:21:04.864864,job_viewed,C0776,J01064,U2265,Delhi,Software Engineer
E004697,2026-05-31 16:25:56.756756,job_viewed,C0693,J00830,U0661,Gurgaon,Data Analyst
E005519,2026-05-31 17:17:50.270270,job_viewed,C0671,J01128,U1974,Lucknow,HR
E004980,2026-05-31 17:56:45.405405,job_viewed,C0599,J00937,U0757,Noida,Software Engineer
E004981,2026-05-31 17:56:45.405405,job_viewed,C0599,J00937,U2430,Noida,Software Engineer
E006205,2026-05-31 18:11:21.081081,application_submitted,C0683,J00609,U1099,Gurgaon,HR
E004783,2026-05-31 19:01:37.297297,job_viewed,C0627,J00864,U0454,Noida,Marketing
E000838,2026-05-31 19:27:34.054054,company_signup,C0838,,,Pune,
E001243,2026-05-31 20:06:29.189189,job_posted,C0766,J00243,,Hyderabad,HR
E004026,2026-05-31 21:11:21.081081,job_viewed,C0683,J00609,U2323,Gurgaon,HR
E004028,2026-05-31 21:11:21.081081,job_viewed,C0683,J00609,U1862,Gurgaon,HR
E004478,2026-05-31 21:24:19.459459,job_viewed,C0733,J00753,U2868,Lucknow,HR
E003276,2026-05-31 22:16:12.972972,job_viewed,C0711,J00343,U1929,Hyderabad,Software Engineer
E003630,2026-05-31 22:42:09.729729,job_viewed,C0700,J00473,U1992,Gurgaon,Business Analyst
E004668,2026-05-31 23:34:03.243243,job_viewed,C0678,J00819,U2314,Gurgaon,Software Engineer
E000839,2026-05-31 23:47:01.621621,company_signup,C0839,,,Hyderabad,
E002294,2026-06-01 02:09:43.783783,job_viewed,C0723,J00027,U2711,Hyderabad,Software Engineer
E001722,2026-06-01 02:22:42.162162,job_posted,C0773,J00722,,Lucknow,Business Analyst
E000840,2026-06-01 04:06:29.189189,company_signup,C0840,,,Pune,
E006203,2026-06-01 05:11:21.081081,application_submitted,C0683,J00609,U1862,Gurgaon,HR
E005068,2026-06-01 07:21:04.864864,job_viewed,C0813,J00971,U1037,Pune,Software Engineer
E004015,2026-06-01 08:00:00.000000,job_viewed,C0741,J00605,U2568,Bangalore,Business Analyst
E000841,2026-06-01 08:25:56.756756,company_signup,C0841,,,Gurgaon,
E004630,2026-06-01 09:04:51.891891,job_viewed,C0658,J00810,U1498,Pune,Marketing
E005467,2026-06-01 09:17:50.270270,job_viewed,C0708,J01112,U0368,Gurgaon,Sales
E001507,2026-06-01 09:43:47.027027,job_posted,C0808,J00507,,Lucknow,Marketing
E002746,2026-06-01 09:56:45.405405,job_viewed,C0636,J00174,U2049,Lucknow,Software Engineer
E001327,2026-06-01 12:06:29.189189,job_posted,C0803,J00327,,Hyderabad,Data Analyst
E005188,2026-06-01 12:32:25.945945,job_viewed,C0681,J01006,U0661,Lucknow,Data Analyst
E000842,2026-06-01 12:45:24.324324,company_signup,C0842,,,Lucknow,
E003125,2026-06-01 12:45:24.324324,job_viewed,C0731,J00298,U1870,Gurgaon,Data Analyst
E005401,2026-06-01 12:58:22.702702,job_viewed,C0781,J01082,U2403,Noida,Software Engineer
E003940,2026-06-01 13:11:21.081081,job_viewed,C0720,J00577,U1665,Noida,Business Analyst
E004538,2026-06-01 13:24:19.459459,job_viewed,C0659,J00777,U0019,Bangalore,Data Analyst
E002056,2026-06-01 13:24:19.459459,job_posted,C0770,J01056,,Mumbai,Business Analyst
E001780,2026-06-01 16:51:53.513513,job_posted,C0793,J00780,,Noida,Business Analyst
E000843,2026-06-01 17:04:51.891891,company_signup,C0843,,,Delhi,
E004784,2026-06-01 19:01:37.297297,job_viewed,C0627,J00864,U1464,Noida,Marketing
E005373,2026-06-01 19:27:34.054054,job_viewed,C0616,J01067,U0867,Mumbai,Business Analyst
E001994,2026-06-01 19:40:32.432432,job_posted,C0777,J00994,,Hyderabad,Data Analyst
E004024,2026-06-01 21:11:21.081081,job_viewed,C0683,J00608,U2493,Pune,Sales
E000844,2026-06-01 21:24:19.459459,company_signup,C0844,,,Gurgaon,
E002220,2026-06-02 00:38:55.135135,job_viewed,C0706,J00005,U0739,Bangalore,Business Analyst
E005672,2026-06-02 01:04:51.891891,job_viewed,C0695,J01174,U0003,Lucknow,Software Engineer
E000845,2026-06-02 01:43:47.027027,company_signup,C0845,,,Pune,
E001634,2026-06-02 02:09:43.783783,job_posted,C0834,J00634,,Lucknow,Software Engineer
E004403,2026-06-02 02:22:42.162162,job_viewed,C0773,J00722,U2845,Lucknow,Business Analyst
E004407,2026-06-02 02:22:42.162162,job_viewed,C0773,J00722,U2765,Lucknow,Business Analyst
E002947,2026-06-02 03:01:37.297297,job_viewed,C0701,J00237,U1533,Delhi,Sales
E002950,2026-06-02 03:01:37.297297,job_viewed,C0701,J00238,U0123,Noida,Marketing
E002929,2026-06-02 04:19:27.567567,job_viewed,C0668,J00231,U0301,Hyderabad,Sales
E002957,2026-06-02 04:58:22.702702,job_viewed,C0707,J00242,U1717,Hyderabad,Data Analyst
E006199,2026-06-02 05:00:00.000000,application_submitted,C0741,J00605,U2568,Bangalore,Business Analyst
E005330,2026-06-02 05:11:21.081081,job_viewed,C0757,J01050,U0118,Noida,Business Analyst
E000846,2026-06-02 06:03:14.594594,company_signup,C0846,,,Pune,
E005941,2026-06-02 08:58:22.702702,application_submitted,C0707,J00242,U1717,Hyderabad,Data Analyst
E003729,2026-06-02 09:43:47.027027,job_viewed,C0808,J00508,U2101,Noida,HR
E003733,2026-06-02 09:43:47.027027,job_viewed,C0808,J00508,U0798,Noida,HR
E000847,2026-06-02 10:22:42.162162,company_signup,C0847,,,Mumbai,
E003998,2026-06-02 10:22:42.162162,job_viewed,C0736,J00597,U2957,Delhi,HR
E001875,2026-06-02 10:48:38.918918,job_posted,C0836,J00875,,Noida,Software Engineer
E004043,2026-06-02 11:01:37.297297,job_viewed,C0775,J00614,U1729,Lucknow,Sales
E004047,2026-06-02 11:01:37.297297,job_viewed,C0775,J00615,U0396,Mumbai,HR
E005574,2026-06-02 11:53:30.810810,job_viewed,C0642,J01141,U1613,Noida,Sales
E005576,2026-06-02 11:53:30.810810,job_viewed,C0642,J01141,U2050,Noida,Sales
E006180,2026-06-02 12:11:21.081081,application_submitted,C0720,J00577,U1665,Noida,Business Analyst
E003123,2026-06-02 12:45:24.324324,job_viewed,C0731,J00298,U1702,Gurgaon,Data Analyst
E004436,2026-06-02 12:45:24.324324,job_viewed,C0620,J00730,U0387,Gurgaon,HR
E001828,2026-06-02 12:45:24.324324,job_posted,C0842,J00828,,Bangalore,Software Engineer
E002846,2026-06-02 12:58:22.702702,job_viewed,C0670,J00202,U0535,Hyderabad,Software Engineer
E005762,2026-06-02 14:38:55.135135,application_submitted,C0706,J00005,U0739,Bangalore,Business Analyst
E000848,2026-06-02 14:42:09.729729,company_signup,C0848,,,Mumbai,
E003760,2026-06-02 14:55:08.108108,job_viewed,C0676,J00517,U1395,Mumbai,Business Analyst
E006211,2026-06-02 16:01:37.297297,application_submitted,C0775,J00614,U1729,Lucknow,Sales
E001318,2026-06-02 16:25:56.756756,job_posted,C0804,J00318,,Noida,HR
E004549,2026-06-02 16:51:53.513513,job_viewed,C0793,J00781,U1806,Bangalore,Data Analyst
E002756,2026-06-02 17:30:48.648648,job_viewed,C0721,J00178,U1341,Mumbai,Data Analyst
E004554,2026-06-02 18:35:40.540540,job_viewed,C0638,J00782,U0884,Gurgaon,Data Analyst
E003683,2026-06-02 18:35:40.540540,job_viewed,C0749,J00493,U1215,Mumbai,Data Analyst
E000849,2026-06-02 19:01:37.297297,company_signup,C0849,,,Gurgaon,
E004291,2026-06-02 19:14:35.675675,job_viewed,C0788,J00690,U0433,Hyderabad,Data Analyst
E004120,2026-06-02 20:19:27.567567,job_viewed,C0705,J00636,U0376,Hyderabad,Data Analyst
E005263,2026-06-02 20:32:25.945945,job_viewed,C0755,J01026,U2391,Delhi,Business Analyst
E005272,2026-06-02 20:32:25.945945,job_viewed,C0755,J01027,U2249,Bangalore,Sales
E001991,2026-06-02 20:45:24.324324,job_posted,C0805,J00991,,Mumbai,Business Analyst
E005512,2026-06-02 20:45:24.324324,job_viewed,C0694,J01124,U2317,Pune,Software Engineer
E005277,2026-06-02 21:50:16.216216,job_viewed,C0722,J01032,U2367,Pune,HR
E005601,2026-06-02 22:29:11.351351,job_viewed,C0650,J01146,U0801,Hyderabad,Sales
E005602,2026-06-02 22:29:11.351351,job_viewed,C0650,J01146,U1498,Hyderabad,Sales
E000850,2026-06-02 23:21:04.864864,company_signup,C0850,,,Noida,
E002221,2026-06-03 00:38:55.135135,job_viewed,C0706,J00005,U0872,Bangalore,Business Analyst
E002933,2026-06-03 01:17:50.270270,job_viewed,C0745,J00232,U0620,Bangalore,Software Engineer
E004111,2026-06-03 02:09:43.783783,job_viewed,C0834,J00634,U2710,Lucknow,Software Engineer
E002883,2026-06-03 02:48:38.918918,job_viewed,C0762,J00217,U2162,Noida,HR
E002952,2026-06-03 03:01:37.297297,job_viewed,C0701,J00238,U1095,Noida,Marketing
E000851,2026-06-03 03:40:32.432432,company_signup,C0851,,,Gurgaon,
E006142,2026-06-03 03:55:08.108108,application_submitted,C0676,J00517,U1395,Mumbai,Business Analyst
E002927,2026-06-03 04:19:27.567567,job_viewed,C0668,J00231,U1358,Hyderabad,Sales
E004161,2026-06-03 04:45:24.324324,job_viewed,C0657,J00648,U0497,Lucknow,Sales
E006346,2026-06-03 05:04:51.891891,application_submitted,C0658,J00810,U1498,Pune,Marketing
E005326,2026-06-03 05:11:21.081081,job_viewed,C0757,J01049,U2656,Bangalore,Marketing
E001372,2026-06-03 05:50:16.216216,job_posted,C0796,J00372,,Bangalore,Sales
E005007,2026-06-03 06:03:14.594594,job_viewed,C0735,J00944,U0293,Bangalore,Software Engineer
E005009,2026-06-03 06:03:14.594594,job_viewed,C0735,J00945,U1348,Delhi,Marketing
E006195,2026-06-03 06:22:42.162162,application_submitted,C0736,J00597,U2957,Delhi,HR
E000852,2026-06-03 08:00:00.000000,company_signup,C0852,,,Mumbai,
E006626,2026-06-03 08:04:51.891891,application_submitted,C0695,J01174,U0003,Lucknow,Software Engineer
E001014,2026-06-03 08:12:58.378378,job_posted,C0791,J00014,,Bangalore,Data Analyst
E004632,2026-06-03 09:04:51.891891,job_viewed,C0658,J00810,U0483,Pune,Marketing
E005479,2026-06-03 09:17:50.270270,job_viewed,C0708,J01114,U2613,Noida,Sales
E004963,2026-06-03 10:35:40.540540,job_viewed,C0675,J00933,U2551,Delhi,Marketing
E004522,2026-06-03 10:48:38.918918,job_viewed,C0725,J00771,U1756,Noida,HR
E005986,2026-06-03 11:45:24.324324,application_submitted,C0731,J00298,U1702,Gurgaon,Data Analyst
E006319,2026-06-03 11:48:38.918918,application_submitted,C0725,J00771,U1756,Noida,HR
E000853,2026-06-03 12:19:27.567567,company_signup,C0853,,,Pune,
E004544,2026-06-03 13:24:19.459459,job_viewed,C0659,J00779,U1860,Pune,Software Engineer
E002590,2026-06-03 13:50:16.216216,job_viewed,C0648,J00131,U1690,Delhi,Marketing
E003095,2026-06-03 15:47:01.621621,job_viewed,C0765,J00286,U0689,Lucknow,HR
E004701,2026-06-03 16:25:56.756756,job_viewed,C0693,J00831,U2260,Pune,Marketing
E004693,2026-06-03 16:25:56.756756,job_viewed,C0693,J00829,U0320,Delhi,HR
E000854,2026-06-03 16:38:55.135135,company_signup,C0854,,,Bangalore,
E002374,2026-06-03 16:38:55.135135,job_viewed,C0743,J00053,U0278,Noida,Data Analyst
E002757,2026-06-03 17:30:48.648648,job_viewed,C0721,J00178,U2940,Mumbai,Data Analyst
E003551,2026-06-03 18:48:38.918918,job_viewed,C0688,J00442,U1613,Noida,Software Engineer
E003550,2026-06-03 18:48:38.918918,job_viewed,C0688,J00442,U2519,Noida,Software Engineer
E006533,2026-06-03 19:11:21.081081,application_submitted,C0757,J01050,U0118,Noida,Business Analyst
E001691,2026-06-03 19:14:35.675675,job_posted,C0788,J00691,,Gurgaon,Data Analyst
E004289,2026-06-03 19:14:35.675675,job_viewed,C0788,J00690,U0569,Hyderabad,Data Analyst
E005800,2026-06-03 20:38:55.135135,application_submitted,C0743,J00053,U0278,Noida,Data Analyst
E002943,2026-06-03 20:58:22.702702,job_viewed,C0633,J00236,U2606,Noida,Data Analyst
E000855,2026-06-03 20:58:22.702702,company_signup,C0855,,,Gurgaon,
E005600,2026-06-03 22:29:11.351351,job_viewed,C0650,J01146,U0748,Hyderabad,Sales
E005390,2026-06-03 23:47:01.621621,job_viewed,C0728,J01078,U0967,Noida,HR
E001500,2026-06-04 00:12:58.378378,job_posted,C0828,J00500,,Bangalore,HR
E001499,2026-06-04 00:12:58.378378,job_posted,C0828,J00499,,Lucknow,HR
E006123,2026-06-04 00:35:40.540540,application_submitted,C0749,J00493,U1215,Mumbai,Data Analyst
E002222,2026-06-04 00:38:55.135135,job_viewed,C0706,J00005,U0192,Bangalore,Business Analyst
E002218,2026-06-04 00:38:55.135135,job_viewed,C0706,J00005,U1988,Bangalore,Business Analyst
E005912,2026-06-04 00:58:22.702702,application_submitted,C0670,J00202,U0535,Hyderabad,Software Engineer
E000856,2026-06-04 01:17:50.270270,company_signup,C0856,,,Pune,
E002951,2026-06-04 03:01:37.297297,job_viewed,C0701,J00238,U1758,Noida,Marketing
E002949,2026-06-04 03:01:37.297297,job_viewed,C0701,J00238,U0524,Noida,Marketing
E002948,2026-06-04 03:01:37.297297,job_viewed,C0701,J00237,U1158,Delhi,Sales
E000857,2026-06-04 05:37:17.837837,company_signup,C0857,,,Bangalore,
E003371,2026-06-04 05:50:16.216216,job_viewed,C0796,J00372,U2104,Bangalore,Sales
E006265,2026-06-04 06:14:35.675675,application_submitted,C0788,J00690,U0433,Hyderabad,Data Analyst
E004014,2026-06-04 08:00:00.000000,job_viewed,C0741,J00605,U2101,Bangalore,Business Analyst
E004639,2026-06-04 09:04:51.891891,job_viewed,C0658,J00811,U2595,Pune,Sales
E005478,2026-06-04 09:17:50.270270,job_viewed,C0708,J01114,U1090,Noida,Sales
E006603,2026-06-04 09:29:11.351351,application_submitted,C0650,J01146,U0801,Hyderabad,Sales
E000858,2026-06-04 09:56:45.405405,company_signup,C0858,,,Bangalore,
E002770,2026-06-04 10:35:40.540540,job_viewed,C0786,J00181,U2382,Bangalore,HR
E001329,2026-06-04 12:06:29.189189,job_posted,C0803,J00329,,Lucknow,Data Analyst
E005400,2026-06-04 12:58:22.702702,job_viewed,C0781,J01082,U0428,Noida,Software Engineer
E005403,2026-06-04 12:58:22.702702,job_viewed,C0781,J01082,U0824,Noida,Software Engineer
E003937,2026-06-04 13:11:21.081081,job_viewed,C0720,J00576,U0743,Pune,Software Engineer
E003935,2026-06-04 13:11:21.081081,job_viewed,C0720,J00576,U2682,Pune,Software Engineer
E001316,2026-06-04 13:11:21.081081,job_posted,C0831,J00316,,Pune,Sales
E005763,2026-06-04 13:38:55.135135,application_submitted,C0706,J00005,U0192,Bangalore,Business Analyst
E005534,2026-06-04 14:03:14.594594,job_viewed,C0809,J01131,U0961,Noida,Business Analyst
E005535,2026-06-04 14:03:14.594594,job_viewed,C0809,J01131,U1348,Noida,Business Analyst
E000859,2026-06-04 14:16:12.972972,company_signup,C0859,,,Mumbai,
E003201,2026-06-04 16:25:56.756756,job_viewed,C0804,J00318,U0586,Noida,HR
E002761,2026-06-04 17:30:48.648648,job_viewed,C0721,J00178,U1359,Mumbai,Data Analyst
E002759,2026-06-04 17:30:48.648648,job_viewed,C0721,J00178,U1074,Mumbai,Data Analyst
E001651,2026-06-04 17:56:45.405405,job_posted,C0821,J00651,,Bangalore,Sales
E006223,2026-06-04 18:09:43.783783,application_submitted,C0834,J00634,U2710,Lucknow,Software Engineer
E000860,2026-06-04 18:35:40.540540,company_signup,C0860,,,Gurgaon,
E006233,2026-06-04 18:45:24.324324,application_submitted,C0657,J00648,U0497,Lucknow,Sales
E001692,2026-06-04 19:14:35.675675,job_posted,C0788,J00692,,Mumbai,Marketing
E005691,2026-06-04 20:19:27.567567,job_viewed,C0816,J01179,U0378,Bangalore,Business Analyst
E005938,2026-06-04 21:58:22.702702,application_submitted,C0633,J00236,U2606,Noida,Data Analyst
E003273,2026-06-04 22:16:12.972972,job_viewed,C0711,J00343,U0988,Hyderabad,Software Engineer
E003627,2026-06-04 22:42:09.729729,job_viewed,C0700,J00473,U1175,Gurgaon,Business Analyst
E000861,2026-06-04 22:55:08.108108,company_signup,C0861,,,Hyderabad,
E005940,2026-06-04 23:01:37.297297,application_submitted,C0701,J00238,U1758,Noida,Marketing
E002105,2026-06-05 00:38:55.135135,job_posted,C0817,J01105,,Gurgaon,Business Analyst
E006456,2026-06-05 01:03:14.594594,application_submitted,C0735,J00944,U0293,Bangalore,Software Engineer
E004112,2026-06-05 02:09:43.783783,job_viewed,C0834,J00634,U1126,Lucknow,Software Engineer
E000862,2026-06-05 03:14:35.675675,company_signup,C0862,,,Delhi,
E006569,2026-06-05 03:17:50.270270,application_submitted,C0708,J01114,U2613,Noida,Sales
E005851,2026-06-05 03:50:16.216216,application_submitted,C0648,J00131,U1690,Delhi,Marketing
E006555,2026-06-05 03:58:22.702702,application_submitted,C0781,J01082,U0428,Noida,Software Engineer
E002243,2026-06-05 04:06:29.189189,job_viewed,C0729,J00013,U2742,Hyderabad,Sales
E002956,2026-06-05 04:58:22.702702,job_viewed,C0707,J00242,U2629,Hyderabad,Data Analyst
E003366,2026-06-05 05:50:16.216216,job_viewed,C0796,J00372,U1001,Bangalore,Sales
E001604,2026-06-05 06:29:11.351351,job_posted,C0835,J00604,,Delhi,Marketing
E000863,2026-06-05 07:34:03.243243,company_signup,C0863,,,Mumbai,
E001760,2026-06-05 07:47:01.621621,job_posted,C0802,J00760,,Pune,Data Analyst
E004497,2026-06-05 07:47:01.621621,job_viewed,C0802,J00761,U1972,Bangalore,Sales
E005162,2026-06-05 08:38:55.135135,job_viewed,C0780,J00998,U0615,Bangalore,Business Analyst
E001876,2026-06-05 10:48:38.918918,job_posted,C0836,J00876,,Hyderabad,Sales
E000864,2026-06-05 11:53:30.810810,company_signup,C0864,,,Mumbai,
E004064,2026-06-05 12:19:27.567567,job_viewed,C0742,J00619,U2696,Delhi,Business Analyst
E001448,2026-06-05 12:32:25.945945,job_posted,C0792,J00448,,Delhi,HR
E005892,2026-06-05 12:35:40.540540,application_submitted,C0786,J00181,U2382,Bangalore,HR
E004685,2026-06-05 12:45:24.324324,job_viewed,C0842,J00828,U1146,Bangalore,Software Engineer
E003942,2026-06-05 13:11:21.081081,job_viewed,C0720,J00577,U0979,Noida,Business Analyst
E002080,2026-06-05 13:37:17.837837,job_posted,C0820,J01080,,Mumbai,Sales
E005539,2026-06-05 14:03:14.594594,job_viewed,C0809,J01131,U0509,Noida,Business Analyst
E001344,2026-06-05 14:42:09.729729,job_posted,C0848,J00344,,Mumbai,Marketing
E004296,2026-06-05 14:42:09.729729,job_viewed,C0737,J00693,U0316,Gurgaon,Software Engineer
E006589,2026-06-05 15:03:14.594594,application_submitted,C0809,J01131,U0961,Noida,Business Analyst
E005369,2026-06-05 15:21:04.864864,job_viewed,C0776,J01064,U0559,Delhi,Software Engineer
E006498,2026-06-05 15:38:55.135135,application_submitted,C0780,J00998,U0615,Bangalore,Business Analyst
E000865,2026-06-05 16:12:58.378378,company_signup,C0865,,,Hyderabad,
E001045,2026-06-05 18:35:40.540540,job_posted,C0860,J00045,,Delhi,Marketing
E002967,2026-06-05 18:48:38.918918,job_viewed,C0799,J00245,U0634,Pune,HR
E000866,2026-06-05 20:32:25.945945,company_signup,C0866,,,Delhi,
E005128,2026-06-05 20:45:24.324324,job_viewed,C0805,J00991,U0325,Mumbai,Business Analyst
E006556,2026-06-05 23:58:22.702702,application_submitted,C0781,J01082,U0824,Noida,Software Engineer
E002583,2026-06-06 00:00:00.000000,job_viewed,C0778,J00127,U1017,Gurgaon,Sales
E002224,2026-06-06 00:38:55.135135,job_viewed,C0706,J00005,U1009,Bangalore,Business Analyst
E000867,2026-06-06 00:51:53.513513,company_signup,C0867,,,Pune,
E002160,2026-06-06 01:17:50.270270,job_posted,C0856,J01160,,Pune,Business Analyst
E004404,2026-06-06 02:22:42.162162,job_viewed,C0773,J00722,U1734,Lucknow,Business Analyst
E002884,2026-06-06 02:48:38.918918,job_viewed,C0762,J00217,U2061,Noida,HR
E006592,2026-06-06 03:03:14.594594,application_submitted,C0809,J01131,U0509,Noida,Business Analyst
E004677,2026-06-06 03:27:34.054054,job_viewed,C0690,J00824,U2887,Gurgaon,Sales
E000868,2026-06-06 05:11:21.081081,company_signup,C0868,,,Noida,
E003372,2026-06-06 05:50:16.216216,job_viewed,C0796,J00372,U1136,Bangalore,Sales
E001970,2026-06-06 07:21:04.864864,job_posted,C0813,J00970,,Lucknow,Software Engineer
E005069,2026-06-06 07:21:04.864864,job_viewed,C0813,J00971,U1465,Pune,Software Engineer
E006568,2026-06-06 08:17:50.270270,application_submitted,C0708,J01114,U1090,Noida,Sales
E000869,2026-06-06 09:30:48.648648,company_signup,C0869,,,Gurgaon,
E003731,2026-06-06 09:43:47.027027,job_viewed,C0808,J00508,U2433,Noida,HR
E003919,2026-06-06 10:09:43.783783,job_viewed,C0686,J00570,U1665,Mumbai,HR
E002775,2026-06-06 10:35:40.540540,job_viewed,C0786,J00181,U0392,Bangalore,HR
E004045,2026-06-06 11:01:37.297297,job_viewed,C0775,J00615,U2991,Mumbai,HR
E006487,2026-06-06 11:45:24.324324,application_submitted,C0805,J00991,U0325,Mumbai,Business Analyst
E004060,2026-06-06 12:19:27.567567,job_viewed,C0742,J00619,U2016,Delhi,Business Analyst
E003560,2026-06-06 12:32:25.945945,job_viewed,C0792,J00448,U1177,Delhi,HR
E003126,2026-06-06 12:45:24.324324,job_viewed,C0731,J00298,U2657,Gurgaon,Data Analyst
E003120,2026-06-06 12:45:24.324324,job_viewed,C0731,J00296,U0085,Lucknow,Software Engineer
E003934,2026-06-06 13:11:21.081081,job_viewed,C0720,J00576,U0385,Pune,Software Engineer
E000870,2026-06-06 13:50:16.216216,company_signup,C0870,,,Noida,
E005368,2026-06-06 15:21:04.864864,job_viewed,C0776,J01064,U1661,Delhi,Software Engineer
E002817,2026-06-06 15:34:03.243243,job_viewed,C0715,J00193,U2569,Hyderabad,Marketing
E006266,2026-06-06 16:42:09.729729,application_submitted,C0737,J00693,U0316,Gurgaon,Software Engineer
E004551,2026-06-06 16:51:53.513513,job_viewed,C0793,J00781,U1080,Bangalore,Data Analyst
E006224,2026-06-06 18:09:43.783783,application_submitted,C0834,J00634,U1126,Lucknow,Software Engineer
E000871,2026-06-06 18:09:43.783783,company_signup,C0871,,,Pune,
E002969,2026-06-06 18:48:38.918918,job_viewed,C0799,J00246,U0516,Lucknow,Marketing
E005765,2026-06-06 19:38:55.135135,application_submitted,C0706,J00005,U1009,Bangalore,Business Analyst
E002959,2026-06-06 20:06:29.189189,job_viewed,C0766,J00243,U2577,Hyderabad,HR
E006359,2026-06-06 20:27:34.054054,application_submitted,C0690,J00824,U2887,Gurgaon,Sales
E004480,2026-06-06 21:24:19.459459,job_viewed,C0733,J00753,U0657,Lucknow,HR
E004482,2026-06-06 21:24:19.459459,job_viewed,C0733,J00754,U2217,Bangalore,HR
E000872,2026-06-06 22:29:11.351351,company_signup,C0872,,,Lucknow,
E001171,2026-06-06 22:42:09.729729,job_posted,C0811,J00171,,Pune,Sales
E000873,2026-06-07 02:48:38.918918,company_signup,C0873,,,Mumbai,
E001565,2026-06-07 03:01:37.297297,job_posted,C0812,J00565,,Delhi,Sales
E001370,2026-06-07 04:06:29.189189,job_posted,C0840,J00370,,Delhi,Business Analyst
E001940,2026-06-07 04:58:22.702702,job_posted,C0818,J00940,,Hyderabad,Marketing
E001603,2026-06-07 06:29:11.351351,job_posted,C0835,J00603,,Pune,HR
E004010,2026-06-07 06:29:11.351351,job_viewed,C0835,J00604,U1568,Delhi,Marketing
E005849,2026-06-07 07:00:00.000000,application_submitted,C0778,J00127,U1017,Gurgaon,Sales
E000874,2026-06-07 07:08:06.486486,company_signup,C0874,,,Delhi,
E005065,2026-06-07 07:21:04.864864,job_viewed,C0813,J00969,U2523,Bangalore,Business Analyst
E004501,2026-06-07 07:47:01.621621,job_viewed,C0802,J00761,U1869,Bangalore,Sales
E004013,2026-06-07 08:00:00.000000,job_viewed,C0741,J00605,U1933,Bangalore,Business Analyst
E001337,2026-06-07 08:25:56.756756,job_posted,C0841,J00337,,Hyderabad,Data Analyst
E006093,2026-06-07 10:32:25.945945,application_submitted,C0792,J00448,U1177,Delhi,HR
E002777,2026-06-07 10:35:40.540540,job_viewed,C0786,J00182,U0340,Delhi,Marketing
E004046,2026-06-07 11:01:37.297297,job_viewed,C0775,J00615,U2318,Mumbai,HR
E004050,2026-06-07 11:01:37.297297,job_viewed,C0775,J00615,U1987,Mumbai,HR
E006546,2026-06-07 11:21:04.864864,application_submitted,C0776,J01064,U1661,Delhi,Software Engineer
E000875,2026-06-07 11:27:34.054054,company_signup,C0875,,,Mumbai,
E005568,2026-06-07 11:53:30.810810,job_viewed,C0642,J01140,U1328,Noida,Sales
E005341,2026-06-07 13:24:19.459459,job_viewed,C0770,J01056,U2629,Mumbai,Business Analyst
E004546,2026-06-07 13:24:19.459459,job_viewed,C0659,J00779,U2946,Pune,Software Engineer
E003093,2026-06-07 15:47:01.621621,job_viewed,C0765,J00286,U1192,Lucknow,HR
E003092,2026-06-07 15:47:01.621621,job_viewed,C0765,J00286,U0927,Lucknow,HR
E000876,2026-06-07 15:47:01.621621,company_signup,C0876,,,Bangalore,
E003681,2026-06-07 18:35:40.540540,job_viewed,C0749,J00493,U1360,Mumbai,Data Analyst
E000877,2026-06-07 20:06:29.189189,company_signup,C0877,,,Mumbai,
E005693,2026-06-07 20:19:27.567567,job_viewed,C0816,J01179,U1849,Bangalore,Business Analyst
E005690,2026-06-07 20:19:27.567567,job_viewed,C0816,J01179,U1646,Bangalore,Business Analyst
E001136,2026-06-07 20:32:25.945945,job_posted,C0866,J00136,,Pune,Data Analyst
E005262,2026-06-07 20:32:25.945945,job_viewed,C0755,J01026,U2198,Delhi,Business Analyst
E004032,2026-06-07 21:11:21.081081,job_viewed,C0683,J00609,U1814,Gurgaon,HR
E005279,2026-06-07 21:50:16.216216,job_viewed,C0722,J01032,U2669,Pune,HR
E003275,2026-06-07 22:16:12.972972,job_viewed,C0711,J00343,U2608,Hyderabad,Software Engineer
E004663,2026-06-07 23:34:03.243243,job_viewed,C0678,J00819,U2579,Gurgaon,Software Engineer
E000878,2026-06-08 00:25:56.756756,company_signup,C0878,,,Mumbai,
E005452,2026-06-08 00:38:55.135135,job_viewed,C0817,J01105,U1243,Gurgaon,Business Analyst
E002219,2026-06-08 00:38:55.135135,job_viewed,C0706,J00005,U0530,Bangalore,Business Analyst
E004936,2026-06-08 01:30:48.648648,job_viewed,C0684,J00926,U1332,Mumbai,Business Analyst
E004941,2026-06-08 01:30:48.648648,job_viewed,C0684,J00926,U1478,Mumbai,Business Analyst
E004402,2026-06-08 02:22:42.162162,job_viewed,C0773,J00722,U1441,Lucknow,Business Analyst
E006597,2026-06-08 02:53:30.810810,application_submitted,C0642,J01140,U1328,Noida,Sales
E006212,2026-06-08 03:01:37.297297,application_submitted,C0775,J00615,U2991,Mumbai,HR
E000879,2026-06-08 04:45:24.324324,company_signup,C0879,,,Pune,
E004983,2026-06-08 04:58:22.702702,job_viewed,C0818,J00940,U0259,Hyderabad,Marketing
E005332,2026-06-08 05:11:21.081081,job_viewed,C0757,J01050,U0640,Noida,Business Analyst
E001869,2026-06-08 05:24:19.459459,job_posted,C0807,J00869,,Hyderabad,Sales
E005942,2026-06-08 06:06:29.189189,application_submitted,C0766,J00243,U2577,Hyderabad,HR
E006537,2026-06-08 06:24:19.459459,application_submitted,C0770,J01056,U2629,Mumbai,Business Analyst
E004019,2026-06-08 08:00:00.000000,job_viewed,C0741,J00606,U1940,Mumbai,Business Analyst
E000880,2026-06-08 09:04:51.891891,company_signup,C0880,,,Pune,
E005477,2026-06-08 09:17:50.270270,job_viewed,C0708,J01114,U0434,Noida,Sales
E001513,2026-06-08 09:17:50.270270,job_posted,C0819,J00513,,Gurgaon,Data Analyst
E006201,2026-06-08 10:00:00.000000,application_submitted,C0741,J00606,U1940,Mumbai,Business Analyst
E006447,2026-06-08 11:58:22.702702,application_submitted,C0818,J00940,U0259,Hyderabad,Marketing
E006310,2026-06-08 12:24:19.459459,application_submitted,C0733,J00753,U0657,Lucknow,HR
E003118,2026-06-08 12:45:24.324324,job_viewed,C0731,J00296,U2440,Lucknow,Software Engineer
E001315,2026-06-08 13:11:21.081081,job_posted,C0831,J00315,,Gurgaon,Software Engineer
E003188,2026-06-08 13:11:21.081081,job_viewed,C0831,J00316,U2215,Pune,Sales
E000881,2026-06-08 13:24:19.459459,company_signup,C0881,,,Pune,
E005392,2026-06-08 13:37:17.837837,job_viewed,C0820,J01080,U1110,Mumbai,Sales
E002130,2026-06-08 14:03:14.594594,job_posted,C0809,J01130,,Delhi,Data Analyst
E001345,2026-06-08 14:42:09.729729,job_posted,C0848,J00345,,Pune,Sales
E003279,2026-06-08 14:42:09.729729,job_viewed,C0848,J00344,U1016,Mumbai,Marketing
E003097,2026-06-08 15:47:01.621621,job_viewed,C0765,J00286,U2745,Lucknow,HR
E003094,2026-06-08 15:47:01.621621,job_viewed,C0765,J00286,U1075,Lucknow,HR
E001317,2026-06-08 16:25:56.756756,job_posted,C0804,J00317,,Lucknow,Sales
E002760,2026-06-08 17:30:48.648648,job_viewed,C0721,J00178,U0718,Mumbai,Data Analyst
E000882,2026-06-08 17:43:47.027027,company_signup,C0882,,,Noida,
E001581,2026-06-08 19:01:37.297297,job_posted,C0849,J00581,,Bangalore,Marketing
E005145,2026-06-08 19:40:32.432432,job_viewed,C0777,J00994,U1595,Hyderabad,Data Analyst
E002961,2026-06-08 20:06:29.189189,job_viewed,C0766,J00243,U1173,Hyderabad,HR
E002963,2026-06-08 20:06:29.189189,job_viewed,C0766,J00243,U1642,Hyderabad,HR
E001135,2026-06-08 20:32:25.945945,job_posted,C0866,J00135,,Noida,Software Engineer
E005264,2026-06-08 20:32:25.945945,job_viewed,C0755,J01026,U0580,Delhi,Business Analyst
E005981,2026-06-08 21:47:01.621621,application_submitted,C0765,J00286,U0927,Lucknow,HR
E000883,2026-06-08 22:03:14.594594,company_signup,C0883,,,Bangalore,
E006437,2026-06-08 22:30:48.648648,application_submitted,C0684,J00926,U1478,Mumbai,Business Analyst
E001524,2026-06-08 22:55:08.108108,job_posted,C0861,J00524,,Hyderabad,Data Analyst
E004667,2026-06-08 23:34:03.243243,job_viewed,C0678,J00819,U2199,Gurgaon,Software Engineer
E005644,2026-06-09 01:17:50.270270,job_viewed,C0856,J01160,U0280,Pune,Business Analyst
E004935,2026-06-09 01:30:48.648648,job_viewed,C0684,J00926,U0828,Mumbai,Business Analyst
E000884,2026-06-09 02:22:42.162162,company_signup,C0884,,,Lucknow,
E004408,2026-06-09 02:22:42.162162,job_viewed,C0773,J00724,U1411,Hyderabad,Business Analyst
E001390,2026-06-09 02:48:38.918918,job_posted,C0873,J00390,,Mumbai,Business Analyst
E005013,2026-06-09 06:03:14.594594,job_viewed,C0735,J00945,U2757,Delhi,Marketing
E000885,2026-06-09 06:42:09.729729,company_signup,C0885,,,Lucknow,
E004018,2026-06-09 08:00:00.000000,job_viewed,C0741,J00606,U0299,Mumbai,Business Analyst
E004020,2026-06-09 08:00:00.000000,job_viewed,C0741,J00606,U0850,Mumbai,Business Analyst
E004637,2026-06-09 09:04:51.891891,job_viewed,C0658,J00811,U0759,Pune,Sales
E001512,2026-06-09 09:17:50.270270,job_posted,C0819,J00512,,Mumbai,Software Engineer
E003995,2026-06-09 10:22:42.162162,job_viewed,C0736,J00596,U0783,Gurgaon,HR
E004048,2026-06-09 11:01:37.297297,job_viewed,C0775,J00615,U2961,Mumbai,HR
E000886,2026-06-09 11:01:37.297297,company_signup,C0886,,,Pune,
E004040,2026-06-09 11:01:37.297297,job_viewed,C0775,J00614,U1254,Lucknow,Sales
E001175,2026-06-09 11:40:32.432432,job_posted,C0814,J00175,,Mumbai,Data Analyst
E004543,2026-06-09 13:24:19.459459,job_viewed,C0659,J00779,U0776,Pune,Software Engineer
E000887,2026-06-09 15:21:04.864864,company_signup,C0887,,,Delhi,
E003200,2026-06-09 16:25:56.756756,job_viewed,C0804,J00318,U2706,Noida,HR
E006200,2026-06-09 18:00:00.000000,application_submitted,C0741,J00606,U0299,Mumbai,Business Analyst
E006564,2026-06-09 18:38:55.135135,application_submitted,C0817,J01105,U1243,Gurgaon,Business Analyst
E002970,2026-06-09 18:48:38.918918,job_viewed,C0799,J00246,U1421,Lucknow,Marketing
E000888,2026-06-09 19:40:32.432432,company_signup,C0888,,,Noida,
E005141,2026-06-09 19:40:32.432432,job_viewed,C0777,J00993,U2710,Lucknow,HR
E005943,2026-06-09 20:06:29.189189,application_submitted,C0766,J00243,U1642,Hyderabad,HR
E002965,2026-06-09 20:06:29.189189,job_viewed,C0766,J00244,U1830,Pune,Sales
E005276,2026-06-09 21:50:16.216216,job_viewed,C0722,J01032,U1948,Pune,HR
E006020,2026-06-09 23:42:09.729729,application_submitted,C0848,J00344,U1016,Mumbai,Marketing
E002123,2026-06-09 23:47:01.621621,job_posted,C0839,J01123,,Lucknow,HR
E000889,2026-06-10 00:00:00.000000,company_signup,C0889,,,Hyderabad,
E002225,2026-06-10 00:38:55.135135,job_viewed,C0706,J00006,U0192,Pune,HR
E004937,2026-06-10 01:30:48.648648,job_viewed,C0684,J00926,U2816,Mumbai,Business Analyst
E004265,2026-06-10 03:53:30.810810,job_viewed,C0679,J00685,U1793,Noida,Data Analyst
E000890,2026-06-10 04:19:27.567567,company_signup,C0890,,,Delhi,
E002101,2026-06-10 04:32:25.945945,job_posted,C0829,J01101,,Hyderabad,Software Engineer
E003597,2026-06-10 04:45:24.324324,job_viewed,C0768,J00463,U0338,Bangalore,HR
E001939,2026-06-10 04:58:22.702702,job_posted,C0818,J00939,,Pune,Data Analyst
E006347,2026-06-10 05:04:51.891891,application_submitted,C0658,J00811,U0759,Pune,Sales
E005327,2026-06-10 05:11:21.081081,job_viewed,C0757,J01049,U2418,Bangalore,Marketing
E005325,2026-06-10 05:11:21.081081,job_viewed,C0757,J01049,U0855,Bangalore,Marketing
E004788,2026-06-10 05:24:19.459459,job_viewed,C0807,J00869,U1956,Hyderabad,Sales
E003367,2026-06-10 05:50:16.216216,job_viewed,C0796,J00372,U1668,Bangalore,Sales
E005010,2026-06-10 06:03:14.594594,job_viewed,C0735,J00945,U0596,Delhi,Marketing
E005997,2026-06-10 07:11:21.081081,application_submitted,C0831,J00316,U2215,Pune,Sales
E000891,2026-06-10 08:38:55.135135,company_signup,C0891,,,Gurgaon,
E004640,2026-06-10 09:04:51.891891,job_viewed,C0658,J00811,U2429,Pune,Sales
E003734,2026-06-10 09:43:47.027027,job_viewed,C0808,J00508,U2851,Noida,HR
E003996,2026-06-10 10:22:42.162162,job_viewed,C0736,J00596,U0540,Gurgaon,HR
E004519,2026-06-10 10:48:38.918918,job_viewed,C0725,J00771,U2876,Noida,HR
E003121,2026-06-10 12:45:24.324324,job_viewed,C0731,J00296,U0049,Lucknow,Software Engineer
E000892,2026-06-10 12:58:22.702702,company_signup,C0892,,,Gurgaon,
E006532,2026-06-10 13:11:21.081081,application_submitted,C0757,J01049,U0855,Bangalore,Marketing
E003180,2026-06-10 13:11:21.081081,job_viewed,C0831,J00315,U0932,Gurgaon,Software Engineer
E002081,2026-06-10 13:37:17.837837,job_posted,C0820,J01081,,Pune,Software Engineer
E001346,2026-06-10 14:42:09.729729,job_posted,C0848,J00346,,Gurgaon,Marketing
E004277,2026-06-10 14:55:08.108108,job_viewed,C0787,J00688,U0640,Noida,HR
E004692,2026-06-10 16:25:56.756756,job_viewed,C0693,J00829,U0008,Delhi,HR
E002371,2026-06-10 16:38:55.135135,job_viewed,C0743,J00053,U1874,Noida,Data Analyst
E000893,2026-06-10 17:17:50.270270,company_signup,C0893,,,Delhi,
E002758,2026-06-10 17:30:48.648648,job_viewed,C0721,J00178,U2711,Mumbai,Data Analyst
E006435,2026-06-10 17:30:48.648648,application_submitted,C0684,J00926,U0828,Mumbai,Business Analyst
E002351,2026-06-10 18:35:40.540540,job_viewed,C0860,J00045,U0926,Delhi,Marketing
E005513,2026-06-10 20:45:24.324324,job_viewed,C0694,J01124,U2005,Pune,Software Engineer
E004477,2026-06-10 21:24:19.459459,job_viewed,C0733,J00753,U2393,Lucknow,HR
E000894,2026-06-10 21:37:17.837837,company_signup,C0894,,,Pune,
E003277,2026-06-10 22:16:12.972972,job_viewed,C0711,J00343,U0182,Hyderabad,Software Engineer
E002106,2026-06-11 00:38:55.135135,job_posted,C0817,J01106,,Lucknow,Marketing
E006581,2026-06-11 00:45:24.324324,application_submitted,C0694,J01124,U2005,Pune,Software Engineer
E006019,2026-06-11 01:16:12.972972,application_submitted,C0711,J00343,U0182,Hyderabad,Software Engineer
E002158,2026-06-11 01:17:50.270270,job_posted,C0856,J01158,,Pune,Software Engineer
E005985,2026-06-11 01:45:24.324324,application_submitted,C0731,J00296,U0049,Lucknow,Software Engineer
E006043,2026-06-11 01:50:16.216216,application_submitted,C0796,J00372,U1668,Bangalore,Sales
E000895,2026-06-11 01:56:45.405405,company_signup,C0895,,,Hyderabad,
E003415,2026-06-11 02:48:38.918918,job_viewed,C0873,J00390,U2284,Mumbai,Business Analyst
E001979,2026-06-11 04:19:27.567567,job_posted,C0890,J00979,,Delhi,Sales
E001980,2026-06-11 04:19:27.567567,job_posted,C0890,J00980,,Bangalore,Data Analyst
E001113,2026-06-11 05:11:21.081081,job_posted,C0868,J00113,,Mumbai,Business Analyst
E001721,2026-06-11 05:37:17.837837,job_posted,C0857,J00721,,Hyderabad,Data Analyst
E001906,2026-06-11 06:03:14.594594,job_posted,C0846,J00906,,Hyderabad,HR
E005006,2026-06-11 06:03:14.594594,job_viewed,C0735,J00944,U0555,Bangalore,Software Engineer
E000896,2026-06-11 06:16:12.972972,company_signup,C0896,,,Hyderabad,
E001362,2026-06-11 08:51:53.513513,job_posted,C0830,J00362,,Noida,Marketing
E005944,2026-06-11 09:06:29.189189,application_submitted,C0766,J00244,U1830,Pune,Sales
E005471,2026-06-11 09:17:50.270270,job_viewed,C0708,J01112,U2889,Gurgaon,Sales
E003748,2026-06-11 09:17:50.270270,job_viewed,C0819,J00512,U2189,Mumbai,Software Engineer
E000897,2026-06-11 10:35:40.540540,company_signup,C0897,,,Noida,
E004518,2026-06-11 10:48:38.918918,job_viewed,C0725,J00771,U0427,Noida,HR
E003127,2026-06-11 12:45:24.324324,job_viewed,C0731,J00298,U1402,Gurgaon,Data Analyst
E001142,2026-06-11 12:58:22.702702,job_posted,C0892,J00142,,Lucknow,Data Analyst
E005395,2026-06-11 13:37:17.837837,job_viewed,C0820,J01081,U2445,Pune,Software Engineer
E004292,2026-06-11 14:42:09.729729,job_viewed,C0737,J00693,U2841,Gurgaon,Software Engineer
E003289,2026-06-11 14:42:09.729729,job_viewed,C0848,J00346,U0281,Gurgaon,Marketing
E004275,2026-06-11 14:55:08.108108,job_viewed,C0787,J00688,U2907,Noida,HR
E004278,2026-06-11 14:55:08.108108,job_viewed,C0787,J00688,U0325,Noida,HR
E000898,2026-06-11 14:55:08.108108,company_signup,C0898,,,Hyderabad,
E006099,2026-06-11 16:45:24.324324,application_submitted,C0768,J00463,U0338,Bangalore,HR
E004290,2026-06-11 19:14:35.675675,job_viewed,C0788,J00690,U1072,Hyderabad,Data Analyst
E000899,2026-06-11 19:14:35.675675,company_signup,C0899,,,Gurgaon,
E001424,2026-06-11 19:27:34.054054,job_posted,C0838,J00424,,Mumbai,Business Analyst
E002966,2026-06-11 20:06:29.189189,job_viewed,C0766,J00244,U2167,Pune,Sales
E002600,2026-06-11 20:32:25.945945,job_viewed,C0866,J00136,U0814,Pune,Data Analyst
E001351,2026-06-11 21:24:19.459459,job_posted,C0844,J00351,,Gurgaon,HR
E003270,2026-06-11 22:16:12.972972,job_viewed,C0711,J00341,U2541,Bangalore,Marketing
E001633,2026-06-11 22:16:12.972972,job_posted,C0822,J00633,,Gurgaon,Business Analyst
E000900,2026-06-11 23:34:03.243243,company_signup,C0900,,,Bangalore,
E006552,2026-06-11 23:37:17.837837,application_submitted,C0820,J01081,U2445,Pune,Software Engineer
E006263,2026-06-11 23:55:08.108108,application_submitted,C0787,J00688,U2907,Noida,HR
E000901,2026-06-12 03:53:30.810810,company_signup,C0901,,,Pune,
E003595,2026-06-12 04:45:24.324324,job_viewed,C0768,J00463,U2073,Bangalore,HR
E005067,2026-06-12 07:21:04.864864,job_viewed,C0813,J00969,U0090,Bangalore,Business Analyst
E005066,2026-06-12 07:21:04.864864,job_viewed,C0813,J00969,U2443,Bangalore,Business Analyst
E000902,2026-06-12 08:12:58.378378,company_signup,C0902,,,Hyderabad,
E003348,2026-06-12 08:51:53.513513,job_viewed,C0830,J00362,U2811,Noida,Marketing
E003349,2026-06-12 08:51:53.513513,job_viewed,C0830,J00362,U2165,Noida,Marketing
E004049,2026-06-12 11:01:37.297297,job_viewed,C0775,J00615,U0450,Mumbai,HR
E000903,2026-06-12 12:32:25.945945,company_signup,C0903,,,Noida,
E004689,2026-06-12 12:45:24.324324,job_viewed,C0842,J00828,U2637,Bangalore,Software Engineer
E005344,2026-06-12 13:24:19.459459,job_viewed,C0770,J01057,U0624,Hyderabad,Marketing
E003278,2026-06-12 14:42:09.729729,job_viewed,C0848,J00344,U0772,Mumbai,Marketing
E002035,2026-06-12 14:55:08.108108,job_posted,C0898,J01035,,Hyderabad,Data Analyst
E005371,2026-06-12 15:21:04.864864,job_viewed,C0776,J01064,U1148,Delhi,Software Engineer
E006309,2026-06-12 15:24:19.459459,application_submitted,C0733,J00753,U2393,Lucknow,HR
E001952,2026-06-12 16:12:58.378378,job_posted,C0865,J00952,,Noida,Data Analyst
E003521,2026-06-12 16:12:58.378378,job_viewed,C0754,J00428,U2263,Lucknow,Data Analyst
E004695,2026-06-12 16:25:56.756756,job_viewed,C0693,J00829,U1699,Delhi,HR
E000904,2026-06-12 16:51:53.513513,company_signup,C0904,,,Gurgaon,
E001683,2026-06-12 17:30:48.648648,job_posted,C0832,J00683,,Pune,Data Analyst
E001456,2026-06-12 19:14:35.675675,job_posted,C0899,J00456,,Pune,Business Analyst
E005260,2026-06-12 20:32:25.945945,job_viewed,C0755,J01025,U0601,Lucknow,Sales
E004029,2026-06-12 21:11:21.081081,job_viewed,C0683,J00609,U1867,Gurgaon,HR
E000905,2026-06-12 21:11:21.081081,company_signup,C0905,,,Bangalore,
E004027,2026-06-12 21:11:21.081081,job_viewed,C0683,J00609,U1203,Gurgaon,HR
E003271,2026-06-12 22:16:12.972972,job_viewed,C0711,J00341,U2176,Bangalore,Marketing
E001347,2026-06-12 22:29:11.351351,job_posted,C0872,J00347,,Noida,HR
E005508,2026-06-12 23:47:01.621621,job_viewed,C0839,J01123,U0770,Lucknow,HR
E001563,2026-06-13 00:00:00.000000,job_posted,C0889,J00563,,Hyderabad,HR
E000906,2026-06-13 01:30:48.648648,company_signup,C0906,,,Mumbai,
E002431,2026-06-13 02:35:40.540540,job_viewed,C0712,J00075,U1424,Mumbai,Data Analyst
E002432,2026-06-13 02:35:40.540540,job_viewed,C0712,J00075,U0965,Mumbai,Data Analyst
E001720,2026-06-13 05:37:17.837837,job_posted,C0857,J00720,,Delhi,Software Engineer
E000907,2026-06-13 05:50:16.216216,company_signup,C0907,,,Mumbai,
E002182,2026-06-13 07:08:06.486486,job_posted,C0874,J01182,,Bangalore,Sales
E005072,2026-06-13 07:21:04.864864,job_viewed,C0813,J00971,U1735,Pune,Software Engineer
E004021,2026-06-13 08:00:00.000000,job_viewed,C0741,J00606,U2226,Mumbai,Business Analyst
E001765,2026-06-13 08:12:58.378378,job_posted,C0902,J00765,,Bangalore,Business Analyst
E003251,2026-06-13 08:25:56.756756,job_viewed,C0841,J00337,U2690,Hyderabad,Data Analyst
E005159,2026-06-13 08:38:55.135135,job_viewed,C0780,J00998,U1648,Bangalore,Business Analyst
E005472,2026-06-13 09:17:50.270270,job_viewed,C0708,J01112,U0699,Gurgaon,Sales
E005475,2026-06-13 09:17:50.270270,job_viewed,C0708,J01114,U1560,Noida,Sales
E005470,2026-06-13 09:17:50.270270,job_viewed,C0708,J01112,U1589,Gurgaon,Sales
E003746,2026-06-13 09:17:50.270270,job_viewed,C0819,J00512,U0345,Mumbai,Software Engineer
E000908,2026-06-13 10:09:43.783783,company_signup,C0908,,,Bangalore,
E004812,2026-06-13 10:48:38.918918,job_viewed,C0836,J00876,U2776,Hyderabad,Sales
E001874,2026-06-13 10:48:38.918918,job_posted,C0836,J00874,,Mumbai,Data Analyst
E001319,2026-06-13 11:27:34.054054,job_posted,C0875,J00319,,Noida,Business Analyst
E002751,2026-06-13 11:40:32.432432,job_viewed,C0814,J00175,U2213,Mumbai,Data Analyst
E004686,2026-06-13 12:45:24.324324,job_viewed,C0842,J00828,U0561,Bangalore,Software Engineer
E005396,2026-06-13 13:37:17.837837,job_viewed,C0820,J01081,U0947,Pune,Software Engineer
E000909,2026-06-13 14:29:11.351351,company_signup,C0909,,,Gurgaon,
E003287,2026-06-13 14:42:09.729729,job_viewed,C0848,J00346,U2719,Gurgaon,Marketing
E003198,2026-06-13 16:25:56.756756,job_viewed,C0804,J00317,U1644,Lucknow,Sales
E006473,2026-06-13 17:21:04.864864,application_submitted,C0813,J00969,U2443,Bangalore,Business Analyst
E000910,2026-06-13 18:48:38.918918,company_signup,C0910,,,Noida,
E003552,2026-06-13 18:48:38.918918,job_viewed,C0688,J00442,U2555,Noida,Software Engineer
E003948,2026-06-13 19:01:37.297297,job_viewed,C0849,J00581,U0784,Bangalore,Marketing
E005137,2026-06-13 19:40:32.432432,job_viewed,C0777,J00993,U0222,Lucknow,HR
E005269,2026-06-13 20:32:25.945945,job_viewed,C0755,J01027,U1101,Bangalore,Sales
E005514,2026-06-13 20:45:24.324324,job_viewed,C0694,J01124,U0571,Pune,Software Engineer
E004106,2026-06-13 22:16:12.972972,job_viewed,C0822,J00633,U2873,Gurgaon,Business Analyst
E000911,2026-06-13 23:08:06.486486,company_signup,C0911,,,Bangalore,
E004665,2026-06-13 23:34:03.243243,job_viewed,C0678,J00819,U0966,Gurgaon,Software Engineer
E006204,2026-06-14 00:11:21.081081,application_submitted,C0683,J00609,U1867,Gurgaon,HR
E003705,2026-06-14 00:12:58.378378,job_viewed,C0828,J00499,U0137,Lucknow,HR
E006474,2026-06-14 00:21:04.864864,application_submitted,C0813,J00969,U0090,Bangalore,Business Analyst
E006580,2026-06-14 00:47:01.621621,application_submitted,C0839,J01123,U0770,Lucknow,HR
E001100,2026-06-14 01:43:47.027027,job_posted,C0845,J00100,,Delhi,Data Analyst
E003416,2026-06-14 02:48:38.918918,job_viewed,C0873,J00390,U1605,Mumbai,Business Analyst
E002885,2026-06-14 02:48:38.918918,job_viewed,C0762,J00217,U2492,Noida,HR
E000912,2026-06-14 03:27:34.054054,company_signup,C0912,,,Pune,
E003364,2026-06-14 04:06:29.189189,job_viewed,C0840,J00370,U0259,Delhi,Business Analyst
E002241,2026-06-14 04:06:29.189189,job_viewed,C0729,J00012,U0552,Hyderabad,Software Engineer
E001371,2026-06-14 04:06:29.189189,job_posted,C0840,J00371,,Bangalore,Marketing
E003594,2026-06-14 04:45:24.324324,job_viewed,C0768,J00463,U1727,Bangalore,HR
E004789,2026-06-14 05:24:19.459459,job_viewed,C0807,J00869,U2219,Hyderabad,Sales
E002063,2026-06-14 06:42:09.729729,job_posted,C0885,J01063,,Hyderabad,Software Engineer
E005070,2026-06-14 07:21:04.864864,job_viewed,C0813,J00971,U0098,Pune,Software Engineer
E000913,2026-06-14 07:47:01.621621,company_signup,C0913,,,Pune,
E004023,2026-06-14 08:00:00.000000,job_viewed,C0741,J00606,U1950,Mumbai,Business Analyst
E003352,2026-06-14 08:51:53.513513,job_viewed,C0830,J00362,U0046,Noida,Marketing
E001111,2026-06-14 10:09:43.783783,job_posted,C0908,J00111,,Delhi,Business Analyst
E002778,2026-06-14 10:35:40.540540,job_viewed,C0786,J00182,U0757,Delhi,Marketing
E002772,2026-06-14 10:35:40.540540,job_viewed,C0786,J00181,U1991,Bangalore,HR
E004805,2026-06-14 10:48:38.918918,job_viewed,C0836,J00874,U0632,Mumbai,Data Analyst
E006582,2026-06-14 11:45:24.324324,application_submitted,C0694,J01124,U0571,Pune,Software Engineer
E001207,2026-06-14 11:53:30.810810,job_posted,C0864,J00207,,Gurgaon,Software Engineer
E000914,2026-06-14 12:06:29.189189,company_signup,C0914,,,Mumbai,
E003284,2026-06-14 14:42:09.729729,job_viewed,C0848,J00345,U0066,Pune,Sales
E004276,2026-06-14 14:55:08.108108,job_viewed,C0787,J00688,U2036,Noida,HR
E001846,2026-06-14 15:08:06.486486,job_posted,C0837,J00846,,Mumbai,Marketing
E003203,2026-06-14 16:25:56.756756,job_viewed,C0804,J00318,U2170,Noida,HR
E000915,2026-06-14 16:25:56.756756,company_signup,C0915,,,Hyderabad,
E006039,2026-06-14 16:51:53.513513,application_submitted,C0830,J00362,U0046,Noida,Marketing
E004258,2026-06-14 17:30:48.648648,job_viewed,C0832,J00683,U1560,Pune,Data Analyst
E004172,2026-06-14 17:56:45.405405,job_viewed,C0821,J00651,U2459,Bangalore,Sales
E001458,2026-06-14 19:14:35.675675,job_posted,C0899,J00458,,Gurgaon,Software Engineer
E003508,2026-06-14 19:27:34.054054,job_viewed,C0838,J00424,U0506,Mumbai,Business Analyst
E006497,2026-06-14 19:38:55.135135,application_submitted,C0780,J00998,U1648,Bangalore,Business Analyst
E005136,2026-06-14 19:40:32.432432,job_viewed,C0777,J00993,U1959,Lucknow,HR
E005142,2026-06-14 19:40:32.432432,job_viewed,C0777,J00994,U1621,Hyderabad,Data Analyst
E005126,2026-06-14 20:45:24.324324,job_viewed,C0805,J00991,U2880,Mumbai,Business Analyst
E000916,2026-06-14 20:45:24.324324,company_signup,C0916,,,Noida,
E000917,2026-06-15 01:04:51.891891,company_signup,C0917,,,Mumbai,
E001588,2026-06-15 03:27:34.054054,job_posted,C0912,J00588,,Pune,Sales
E001184,2026-06-15 03:40:32.432432,job_posted,C0851,J00184,,Gurgaon,Business Analyst
E006516,2026-06-15 04:32:25.945945,application_submitted,C0755,J01027,U1101,Bangalore,Sales
E000918,2026-06-15 05:24:19.459459,company_signup,C0918,,,Hyderabad,
E001907,2026-06-15 06:03:14.594594,job_posted,C0846,J00907,,Bangalore,Data Analyst
E005005,2026-06-15 06:03:14.594594,job_viewed,C0735,J00944,U1955,Bangalore,Software Engineer
E005003,2026-06-15 06:03:14.594594,job_viewed,C0735,J00944,U1512,Bangalore,Software Engineer
E004011,2026-06-15 06:29:11.351351,job_viewed,C0835,J00604,U2960,Delhi,Marketing
E006053,2026-06-15 08:48:38.918918,application_submitted,C0873,J00390,U1605,Mumbai,Business Analyst
E001385,2026-06-15 09:04:51.891891,job_posted,C0880,J00385,,Bangalore,HR
E000919,2026-06-15 09:43:47.027027,company_signup,C0919,,,Hyderabad,
E001459,2026-06-15 09:56:45.405405,job_posted,C0858,J00459,,Delhi,Sales
E003992,2026-06-15 10:22:42.162162,job_viewed,C0736,J00596,U1876,Gurgaon,HR
E006357,2026-06-15 10:34:03.243243,application_submitted,C0678,J00819,U0966,Gurgaon,Software Engineer
E002779,2026-06-15 10:35:40.540540,job_viewed,C0786,J00182,U2339,Delhi,Marketing
E004041,2026-06-15 11:01:37.297297,job_viewed,C0775,J00614,U2728,Lucknow,Sales
E006455,2026-06-15 11:03:14.594594,application_submitted,C0735,J00944,U1512,Bangalore,Software Engineer
E003191,2026-06-15 13:11:21.081081,job_viewed,C0831,J00316,U2766,Pune,Sales
E000920,2026-06-15 14:03:14.594594,company_signup,C0920,,,Lucknow,
E006260,2026-06-15 14:30:48.648648,application_submitted,C0832,J00683,U1560,Pune,Data Analyst
E003283,2026-06-15 14:42:09.729729,job_viewed,C0848,J00345,U2783,Pune,Sales
E003196,2026-06-15 16:25:56.756756,job_viewed,C0804,J00317,U1721,Lucknow,Sales
E002373,2026-06-15 16:38:55.135135,job_viewed,C0743,J00053,U2686,Noida,Data Analyst
E000921,2026-06-15 18:22:42.162162,company_signup,C0921,,,Pune,
E001457,2026-06-15 19:14:35.675675,job_posted,C0899,J00457,,Mumbai,Data Analyst
E005143,2026-06-15 19:40:32.432432,job_viewed,C0777,J00994,U2953,Hyderabad,Data Analyst
E005261,2026-06-15 20:32:25.945945,job_viewed,C0755,J01025,U2161,Lucknow,Sales
E001350,2026-06-15 21:24:19.459459,job_posted,C0844,J00350,,Bangalore,Marketing
E005275,2026-06-15 21:50:16.216216,job_viewed,C0722,J01031,U0691,Noida,Software Engineer
E000922,2026-06-15 22:42:09.729729,company_signup,C0922,,,Gurgaon,
E006492,2026-06-16 00:40:32.432432,application_submitted,C0777,J00994,U1621,Hyderabad,Data Analyst
E006238,2026-06-16 01:56:45.405405,application_submitted,C0821,J00651,U2459,Bangalore,Sales
E002293,2026-06-16 02:09:43.783783,job_viewed,C0723,J00027,U0171,Hyderabad,Software Engineer
E001391,2026-06-16 02:48:38.918918,job_posted,C0873,J00391,,Pune,HR
E000923,2026-06-16 03:01:37.297297,company_signup,C0923,,,Delhi,
E001617,2026-06-16 04:45:24.324324,job_posted,C0879,J00617,,Gurgaon,Business Analyst
E003593,2026-06-16 04:45:24.324324,job_viewed,C0768,J00463,U0496,Bangalore,HR
E003590,2026-06-16 04:45:24.324324,job_viewed,C0768,J00462,U0991,Pune,Software Engineer
E002196,2026-06-16 05:50:16.216216,job_posted,C0907,J01196,,Mumbai,Sales
E005711,2026-06-16 07:08:06.486486,job_viewed,C0874,J01182,U0634,Bangalore,Sales
E000924,2026-06-16 07:21:04.864864,company_signup,C0924,,,Gurgaon,
E004800,2026-06-16 09:30:48.648648,job_viewed,C0758,J00873,U0472,Delhi,Software Engineer
E003997,2026-06-16 10:22:42.162162,job_viewed,C0736,J00596,U1520,Gurgaon,HR
E004815,2026-06-16 10:48:38.918918,job_viewed,C0836,J00876,U2528,Hyderabad,Sales
E000925,2026-06-16 11:40:32.432432,company_signup,C0925,,,Delhi,
E002747,2026-06-16 11:40:32.432432,job_viewed,C0814,J00175,U0172,Mumbai,Data Analyst
E003117,2026-06-16 12:45:24.324324,job_viewed,C0731,J00296,U1468,Lucknow,Software Engineer
E003185,2026-06-16 13:11:21.081081,job_viewed,C0831,J00315,U1279,Gurgaon,Software Engineer
E005398,2026-06-16 13:37:17.837837,job_viewed,C0820,J01081,U0536,Pune,Software Engineer
E002034,2026-06-16 14:55:08.108108,job_posted,C0898,J01034,,Hyderabad,HR
E006210,2026-06-16 15:01:37.297297,application_submitted,C0775,J00614,U2728,Lucknow,Sales
E004741,2026-06-16 15:08:06.486486,job_viewed,C0837,J00846,U0929,Mumbai,Marketing
E000926,2026-06-16 16:00:00.000000,company_signup,C0926,,,Bangalore,
E005031,2026-06-16 16:12:58.378378,job_viewed,C0865,J00952,U1279,Noida,Data Analyst
E005026,2026-06-16 16:12:58.378378,job_viewed,C0865,J00952,U2245,Noida,Data Analyst
E004261,2026-06-16 17:30:48.648648,job_viewed,C0832,J00683,U0626,Pune,Data Analyst
E001528,2026-06-16 17:43:47.027027,job_posted,C0882,J00528,,Pune,Data Analyst
E000927,2026-06-16 20:19:27.567567,company_signup,C0927,,,Pune,
E004485,2026-06-16 21:24:19.459459,job_viewed,C0733,J00754,U1586,Bangalore,HR
E003304,2026-06-16 21:24:19.459459,job_viewed,C0844,J00350,U1445,Bangalore,Marketing
E001622,2026-06-16 23:08:06.486486,job_posted,C0911,J00622,,Lucknow,Data Analyst
E000928,2026-06-17 00:38:55.135135,company_signup,C0928,,,Hyderabad,
E001827,2026-06-17 00:51:53.513513,job_posted,C0867,J00827,,Mumbai,Sales
E002159,2026-06-17 01:17:50.270270,job_posted,C0856,J01159,,Noida,Sales
E002292,2026-06-17 02:09:43.783783,job_viewed,C0723,J00027,U0423,Hyderabad,Software Engineer
E002094,2026-06-17 02:22:42.162162,job_posted,C0884,J01094,,Gurgaon,Marketing
E004406,2026-06-17 02:22:42.162162,job_viewed,C0773,J00722,U2606,Lucknow,Business Analyst
E004405,2026-06-17 02:22:42.162162,job_viewed,C0773,J00722,U0985,Lucknow,Business Analyst
E005799,2026-06-17 03:38:55.135135,application_submitted,C0743,J00053,U2686,Noida,Data Analyst
E002239,2026-06-17 04:06:29.189189,job_viewed,C0729,J00012,U1612,Hyderabad,Software Engineer
E005443,2026-06-17 04:32:25.945945,job_viewed,C0829,J01101,U1643,Hyderabad,Software Engineer
E003596,2026-06-17 04:45:24.324324,job_viewed,C0768,J00463,U2336,Bangalore,HR
E000929,2026-06-17 04:58:22.702702,company_signup,C0929,,,Noida,
E006633,2026-06-17 05:08:06.486486,application_submitted,C0874,J01182,U0634,Bangalore,Sales
E005333,2026-06-17 05:11:21.081081,job_viewed,C0757,J01050,U2706,Noida,Business Analyst
E001114,2026-06-17 05:11:21.081081,job_posted,C0868,J00114,,Noida,Software Engineer
E001449,2026-06-17 05:24:19.459459,job_posted,C0918,J00449,,Noida,Business Analyst
E004401,2026-06-17 05:37:17.837837,job_viewed,C0857,J00721,U1420,Hyderabad,Data Analyst
E005008,2026-06-17 06:03:14.594594,job_viewed,C0735,J00945,U0317,Delhi,Marketing
E005710,2026-06-17 07:08:06.486486,job_viewed,C0874,J01182,U0642,Bangalore,Sales
E001414,2026-06-17 07:47:01.621621,job_posted,C0913,J00414,,Gurgaon,Data Analyst
E005160,2026-06-17 08:38:55.135135,job_viewed,C0780,J00998,U1537,Bangalore,Business Analyst
E005476,2026-06-17 09:17:50.270270,job_viewed,C0708,J01114,U1084,Noida,Sales
E000930,2026-06-17 09:17:50.270270,company_signup,C0930,,,Delhi,
E003754,2026-06-17 09:17:50.270270,job_viewed,C0819,J00513,U1047,Gurgaon,Data Analyst
E003752,2026-06-17 09:17:50.270270,job_viewed,C0819,J00512,U0463,Mumbai,Software Engineer
E001762,2026-06-17 09:43:47.027027,job_posted,C0919,J00762,,Mumbai,Sales
E001704,2026-06-17 10:35:40.540540,job_posted,C0897,J00704,,Mumbai,Marketing
E002771,2026-06-17 10:35:40.540540,job_viewed,C0786,J00181,U1106,Bangalore,HR
E002774,2026-06-17 10:35:40.540540,job_viewed,C0786,J00181,U0550,Bangalore,HR
E001393,2026-06-17 11:01:37.297297,job_posted,C0886,J00393,,Bangalore,HR
E004690,2026-06-17 12:45:24.324324,job_viewed,C0842,J00828,U1462,Bangalore,Software Engineer
E003183,2026-06-17 13:11:21.081081,job_viewed,C0831,J00315,U2043,Gurgaon,Software Engineer
E003184,2026-06-17 13:11:21.081081,job_viewed,C0831,J00315,U2542,Gurgaon,Software Engineer
E000931,2026-06-17 13:37:17.837837,company_signup,C0931,,,Gurgaon,
E005537,2026-06-17 14:03:14.594594,job_viewed,C0809,J01131,U0521,Noida,Business Analyst
E006379,2026-06-17 14:08:06.486486,application_submitted,C0837,J00846,U0929,Mumbai,Marketing
E005769,2026-06-17 16:06:29.189189,application_submitted,C0729,J00012,U1612,Hyderabad,Software Engineer
E005027,2026-06-17 16:12:58.378378,job_viewed,C0865,J00952,U2303,Noida,Data Analyst
E003202,2026-06-17 16:25:56.756756,job_viewed,C0804,J00318,U0990,Noida,HR
E004263,2026-06-17 17:30:48.648648,job_viewed,C0832,J00683,U0998,Pune,Data Analyst
E001529,2026-06-17 17:43:47.027027,job_posted,C0882,J00529,,Delhi,Marketing
E000932,2026-06-17 17:56:45.405405,company_signup,C0932,,,Hyderabad,
E003680,2026-06-17 18:35:40.540540,job_viewed,C0749,J00493,U2167,Mumbai,Data Analyst
E001521,2026-06-17 18:48:38.918918,job_posted,C0910,J00521,,Lucknow,Data Analyst
E001668,2026-06-17 20:19:27.567567,job_posted,C0927,J00668,,Mumbai,Marketing
E005124,2026-06-17 20:45:24.324324,job_viewed,C0805,J00991,U1666,Mumbai,Business Analyst
E006097,2026-06-17 21:45:24.324324,application_submitted,C0768,J00462,U0991,Pune,Software Engineer
E000933,2026-06-17 22:16:12.972972,company_signup,C0933,,,Delhi,
E002380,2026-06-18 00:51:53.513513,job_viewed,C0756,J00056,U1213,Gurgaon,Business Analyst
E006098,2026-06-18 01:45:24.324324,application_submitted,C0768,J00463,U0496,Bangalore,HR
E004109,2026-06-18 02:09:43.783783,job_viewed,C0834,J00634,U2676,Lucknow,Software Engineer
E000934,2026-06-18 02:35:40.540540,company_signup,C0934,,,Delhi,
E001956,2026-06-18 03:14:35.675675,job_posted,C0862,J00956,,Gurgaon,Marketing
E001589,2026-06-18 03:27:34.054054,job_posted,C0912,J00589,,Pune,Marketing
E006554,2026-06-18 03:37:17.837837,application_submitted,C0820,J01081,U0536,Pune,Software Engineer
E001112,2026-06-18 05:11:21.081081,job_posted,C0868,J00112,,Mumbai,HR
E000935,2026-06-18 06:55:08.108108,company_signup,C0935,,,Lucknow,
E005709,2026-06-18 07:08:06.486486,job_viewed,C0874,J01182,U1266,Bangalore,Sales
E004802,2026-06-18 09:30:48.648648,job_viewed,C0758,J00873,U2297,Delhi,Software Engineer
E003728,2026-06-18 09:43:47.027027,job_viewed,C0808,J00507,U2265,Lucknow,Marketing
E001110,2026-06-18 10:09:43.783783,job_posted,C0908,J00110,,Bangalore,Marketing
E004523,2026-06-18 10:48:38.918918,job_viewed,C0725,J00771,U1171,Noida,HR
E004813,2026-06-18 10:48:38.918918,job_viewed,C0836,J00876,U1949,Hyderabad,Sales
E000936,2026-06-18 11:14:35.675675,company_signup,C0936,,,Delhi,
E002752,2026-06-18 11:40:32.432432,job_viewed,C0814,J00175,U1723,Mumbai,Data Analyst
E001573,2026-06-18 12:32:25.945945,job_posted,C0903,J00573,,Lucknow,Marketing
E003559,2026-06-18 12:32:25.945945,job_viewed,C0792,J00447,U2805,Pune,HR
E003556,2026-06-18 12:32:25.945945,job_viewed,C0792,J00447,U0528,Pune,HR
E006462,2026-06-18 13:12:58.378378,application_submitted,C0865,J00952,U2245,Noida,Data Analyst
E005533,2026-06-18 14:03:14.594594,job_viewed,C0809,J01131,U1429,Noida,Business Analyst
E000937,2026-06-18 15:34:03.243243,company_signup,C0937,,,Noida,
E004550,2026-06-18 16:51:53.513513,job_viewed,C0793,J00781,U0624,Bangalore,Data Analyst
E002968,2026-06-18 18:48:38.918918,job_viewed,C0799,J00246,U2828,Lucknow,Marketing
E005144,2026-06-18 19:40:32.432432,job_viewed,C0777,J00994,U2527,Hyderabad,Data Analyst
E000938,2026-06-18 19:53:30.810810,company_signup,C0938,,,Pune,
E006457,2026-06-18 21:03:14.594594,application_submitted,C0735,J00945,U0317,Delhi,Marketing
E003305,2026-06-18 21:24:19.459459,job_viewed,C0844,J00350,U0948,Bangalore,Marketing
E004486,2026-06-18 21:24:19.459459,job_viewed,C0733,J00754,U2441,Bangalore,HR
E001177,2026-06-18 21:37:17.837837,job_posted,C0894,J00177,,Bangalore,HR
E006138,2026-06-18 21:43:47.027027,application_submitted,C0808,J00507,U2265,Lucknow,Marketing
E000939,2026-06-19 00:12:58.378378,company_signup,C0939,,,Noida,
E003707,2026-06-19 00:12:58.378378,job_viewed,C0828,J00500,U2485,Bangalore,HR
E002093,2026-06-19 02:22:42.162162,job_posted,C0884,J01093,,Delhi,Data Analyst
E003418,2026-06-19 02:48:38.918918,job_viewed,C0873,J00390,U1056,Mumbai,Business Analyst
E003974,2026-06-19 03:27:34.054054,job_viewed,C0912,J00589,U1843,Pune,Marketing
E000940,2026-06-19 04:32:25.945945,company_signup,C0940,,,Mumbai,
E001616,2026-06-19 04:45:24.324324,job_posted,C0879,J00616,,Delhi,Sales
E001618,2026-06-19 04:45:24.324324,job_posted,C0879,J00618,,Lucknow,Data Analyst
E004057,2026-06-19 04:45:24.324324,job_viewed,C0879,J00617,U1260,Gurgaon,Business Analyst
E004984,2026-06-19 04:58:22.702702,job_viewed,C0818,J00940,U0307,Hyderabad,Marketing
E002552,2026-06-19 05:11:21.081081,job_viewed,C0868,J00114,U1716,Noida,Software Engineer
E002197,2026-06-19 05:50:16.216216,job_posted,C0907,J01197,,Mumbai,Data Analyst
E006590,2026-06-19 06:03:14.594594,application_submitted,C0809,J01131,U0521,Noida,Business Analyst
E004892,2026-06-19 06:03:14.594594,job_viewed,C0846,J00907,U0584,Bangalore,Data Analyst
E005004,2026-06-19 06:03:14.594594,job_viewed,C0735,J00944,U0655,Bangalore,Software Engineer
E001281,2026-06-19 06:55:08.108108,job_posted,C0935,J00281,,Mumbai,Software Engineer
E005893,2026-06-19 07:35:40.540540,application_submitted,C0786,J00181,U1106,Bangalore,HR
E004507,2026-06-19 08:12:58.378378,job_viewed,C0902,J00765,U0089,Bangalore,Business Analyst
E005161,2026-06-19 08:38:55.135135,job_viewed,C0780,J00998,U2771,Bangalore,Business Analyst
E000941,2026-06-19 08:51:53.513513,company_signup,C0941,,,Hyderabad,
E001763,2026-06-19 09:43:47.027027,job_posted,C0919,J00763,,Hyderabad,Business Analyst
E002781,2026-06-19 10:35:40.540540,job_viewed,C0786,J00182,U2673,Delhi,Marketing
E002776,2026-06-19 10:35:40.540540,job_viewed,C0786,J00181,U2358,Bangalore,HR
E004809,2026-06-19 10:48:38.918918,job_viewed,C0836,J00875,U1330,Noida,Software Engineer
E004042,2026-06-19 11:01:37.297297,job_viewed,C0775,J00614,U2469,Lucknow,Sales
E001208,2026-06-19 11:53:30.810810,job_posted,C0864,J00208,,Noida,Data Analyst
E000942,2026-06-19 13:11:21.081081,company_signup,C0942,,,Pune,
E005538,2026-06-19 14:03:14.594594,job_viewed,C0809,J01131,U2052,Noida,Business Analyst
E002033,2026-06-19 14:55:08.108108,job_posted,C0898,J01033,,Hyderabad,Software Engineer
E002818,2026-06-19 15:34:03.243243,job_viewed,C0715,J00193,U1455,Hyderabad,Marketing
E003204,2026-06-19 16:25:56.756756,job_viewed,C0804,J00318,U1220,Noida,HR
E000943,2026-06-19 17:30:48.648648,company_signup,C0943,,,Lucknow,
E003795,2026-06-19 17:43:47.027027,job_viewed,C0882,J00529,U2290,Delhi,Marketing
E003792,2026-06-19 17:43:47.027027,job_viewed,C0882,J00529,U1910,Delhi,Marketing
E003682,2026-06-19 18:35:40.540540,job_viewed,C0749,J00493,U1640,Mumbai,Data Analyst
E002200,2026-06-19 19:40:32.432432,job_posted,C0888,J01200,,Bangalore,Data Analyst
E005138,2026-06-19 19:40:32.432432,job_viewed,C0777,J00993,U2206,Lucknow,HR
E001134,2026-06-19 20:32:25.945945,job_posted,C0866,J00134,,Hyderabad,Sales
E005271,2026-06-19 20:32:25.945945,job_viewed,C0755,J01027,U2221,Bangalore,Sales
E000944,2026-06-19 21:50:16.216216,company_signup,C0944,,,Pune,
E005801,2026-06-19 21:51:53.513513,application_submitted,C0756,J00056,U1213,Gurgaon,Business Analyst
E004104,2026-06-19 22:16:12.972972,job_viewed,C0822,J00633,U1817,Gurgaon,Business Analyst
E006591,2026-06-20 02:03:14.594594,application_submitted,C0809,J01131,U2052,Noida,Business Analyst
E004114,2026-06-20 02:09:43.783783,job_viewed,C0834,J00634,U2543,Lucknow,Software Engineer
E000945,2026-06-20 02:09:43.783783,company_signup,C0945,,,Pune,
E005945,2026-06-20 02:48:38.918918,application_submitted,C0799,J00246,U2828,Lucknow,Marketing
E001676,2026-06-20 03:01:37.297297,job_posted,C0923,J00676,,Mumbai,Business Analyst
E002786,2026-06-20 03:40:32.432432,job_viewed,C0851,J00184,U2496,Gurgaon,Business Analyst
E005105,2026-06-20 04:19:27.567567,job_viewed,C0890,J00980,U1802,Bangalore,Data Analyst
E004059,2026-06-20 04:45:24.324324,job_viewed,C0879,J00617,U2961,Gurgaon,Business Analyst
E005323,2026-06-20 05:11:21.081081,job_viewed,C0757,J01049,U1743,Bangalore,Marketing
E005739,2026-06-20 05:50:16.216216,job_viewed,C0907,J01196,U1522,Mumbai,Sales
E005741,2026-06-20 05:50:16.216216,job_viewed,C0907,J01196,U1528,Mumbai,Sales
E000946,2026-06-20 06:29:11.351351,company_signup,C0946,,,Gurgaon,
E002062,2026-06-20 06:42:09.729729,job_posted,C0885,J01062,,Pune,Business Analyst
E005708,2026-06-20 07:08:06.486486,job_viewed,C0874,J01182,U0332,Bangalore,Sales
E004499,2026-06-20 07:47:01.621621,job_viewed,C0802,J00761,U2805,Bangalore,Sales
E003351,2026-06-20 08:51:53.513513,job_viewed,C0830,J00362,U2543,Noida,Marketing
E003753,2026-06-20 09:17:50.270270,job_viewed,C0819,J00513,U2405,Gurgaon,Data Analyst
E001572,2026-06-20 09:30:48.648648,job_posted,C0869,J00572,,Bangalore,Data Analyst
E004801,2026-06-20 09:30:48.648648,job_viewed,C0758,J00873,U1711,Delhi,Software Engineer
E000947,2026-06-20 10:48:38.918918,company_signup,C0947,,,Pune,
E004806,2026-06-20 10:48:38.918918,job_viewed,C0836,J00874,U0529,Mumbai,Data Analyst
E004039,2026-06-20 11:01:37.297297,job_viewed,C0775,J00614,U0297,Lucknow,Sales
E006130,2026-06-20 11:12:58.378378,application_submitted,C0828,J00500,U2485,Bangalore,HR
E002749,2026-06-20 11:40:32.432432,job_viewed,C0814,J00175,U1322,Mumbai,Data Analyst
E006481,2026-06-20 12:19:27.567567,application_submitted,C0890,J00980,U1802,Bangalore,Data Analyst
E005342,2026-06-20 13:24:19.459459,job_viewed,C0770,J01057,U2482,Hyderabad,Marketing
E005394,2026-06-20 13:37:17.837837,job_viewed,C0820,J01081,U2537,Pune,Software Engineer
E000948,2026-06-20 15:08:06.486486,company_signup,C0948,,,Lucknow,
E005024,2026-06-20 15:34:03.243243,job_viewed,C0826,J00950,U1593,Pune,Marketing
E003096,2026-06-20 15:47:01.621621,job_viewed,C0765,J00286,U2522,Lucknow,HR
E003197,2026-06-20 16:25:56.756756,job_viewed,C0804,J00317,U2666,Lucknow,Sales
E004552,2026-06-20 16:51:53.513513,job_viewed,C0793,J00781,U0223,Bangalore,Data Analyst
E002350,2026-06-20 18:35:40.540540,job_viewed,C0860,J00045,U0076,Delhi,Marketing
E000949,2026-06-20 19:27:34.054054,company_signup,C0949,,,Noida,
E005752,2026-06-20 19:40:32.432432,job_viewed,C0888,J01200,U0517,Bangalore,Data Analyst
E005889,2026-06-20 19:40:32.432432,application_submitted,C0814,J00175,U1322,Mumbai,Data Analyst
E006312,2026-06-20 20:24:19.459459,application_submitted,C0733,J00754,U2441,Bangalore,HR
E005267,2026-06-20 20:32:25.945945,job_viewed,C0755,J01026,U0532,Delhi,Business Analyst
E005265,2026-06-20 20:32:25.945945,job_viewed,C0755,J01026,U0783,Delhi,Business Analyst
E006424,2026-06-20 21:03:14.594594,application_submitted,C0846,J00907,U0584,Bangalore,Data Analyst
E002732,2026-06-20 22:42:09.729729,job_viewed,C0811,J00171,U2379,Pune,Sales
E000950,2026-06-20 23:47:01.621621,company_signup,C0950,,,Pune,
E002582,2026-06-21 00:00:00.000000,job_viewed,C0778,J00127,U2382,Gurgaon,Sales
E006402,2026-06-21 00:48:38.918918,application_submitted,C0836,J00874,U0529,Mumbai,Data Analyst
E002886,2026-06-21 02:48:38.918918,job_viewed,C0762,J00217,U2495,Noida,HR
E005041,2026-06-21 03:14:35.675675,job_viewed,C0862,J00956,U0614,Gurgaon,Marketing
E002784,2026-06-21 03:40:32.432432,job_viewed,C0851,J00184,U2641,Gurgaon,Business Analyst
E002120,2026-06-21 03:53:30.810810,job_posted,C0901,J01120,,Noida,Marketing
E000951,2026-06-21 04:06:29.189189,company_signup,C0951,,,Bangalore,
E003591,2026-06-21 04:45:24.324324,job_viewed,C0768,J00462,U2666,Pune,Software Engineer
E004052,2026-06-21 04:45:24.324324,job_viewed,C0879,J00616,U1850,Delhi,Sales
E002087,2026-06-21 06:29:11.351351,job_posted,C0946,J01087,,Lucknow,HR
E005071,2026-06-21 07:21:04.864864,job_viewed,C0813,J00971,U0293,Pune,Software Engineer
E000952,2026-06-21 08:25:56.756756,company_signup,C0952,,,Hyderabad,
E003250,2026-06-21 08:25:56.756756,job_viewed,C0841,J00337,U1094,Hyderabad,Data Analyst
E001715,2026-06-21 09:17:50.270270,job_posted,C0930,J00715,,Gurgaon,HR
E005894,2026-06-21 09:40:32.432432,application_submitted,C0851,J00184,U2496,Gurgaon,Business Analyst
E003582,2026-06-21 09:56:45.405405,job_viewed,C0858,J00459,U0259,Delhi,Sales
E001706,2026-06-21 10:35:40.540540,job_posted,C0897,J00706,,Noida,Marketing
E002773,2026-06-21 10:35:40.540540,job_viewed,C0786,J00181,U2813,Bangalore,HR
E003558,2026-06-21 12:32:25.945945,job_viewed,C0792,J00447,U1565,Pune,HR
E000953,2026-06-21 12:45:24.324324,company_signup,C0953,,,Pune,
E005397,2026-06-21 13:37:17.837837,job_viewed,C0820,J01081,U1648,Pune,Software Engineer
E005280,2026-06-21 14:55:08.108108,job_viewed,C0898,J01034,U2034,Hyderabad,HR
E005028,2026-06-21 16:12:58.378378,job_viewed,C0865,J00952,U2780,Noida,Data Analyst
E000954,2026-06-21 17:04:51.891891,company_signup,C0954,,,Hyderabad,
E003787,2026-06-21 17:43:47.027027,job_viewed,C0882,J00528,U2839,Pune,Data Analyst
E004287,2026-06-21 19:14:35.675675,job_viewed,C0788,J00690,U1441,Hyderabad,Data Analyst
E000955,2026-06-21 21:24:19.459459,company_signup,C0955,,,Bangalore,
E001623,2026-06-21 23:08:06.486486,job_posted,C0911,J00623,,Hyderabad,Marketing
E005503,2026-06-21 23:47:01.621621,job_viewed,C0839,J01123,U1369,Lucknow,HR
E003706,2026-06-22 00:12:58.378378,job_viewed,C0828,J00500,U1223,Bangalore,HR
E004684,2026-06-22 00:51:53.513513,job_viewed,C0867,J00827,U0734,Mumbai,Sales
E000956,2026-06-22 01:43:47.027027,company_signup,C0956,,,Bangalore,
E006209,2026-06-22 02:01:37.297297,application_submitted,C0775,J00614,U0297,Lucknow,Sales
E003417,2026-06-22 02:48:38.918918,job_viewed,C0873,J00390,U2697,Mumbai,Business Analyst
E006129,2026-06-22 03:12:58.378378,application_submitted,C0828,J00500,U1223,Bangalore,HR
E005042,2026-06-22 03:14:35.675675,job_viewed,C0862,J00956,U1695,Gurgaon,Marketing
E006014,2026-06-22 03:25:56.756756,application_submitted,C0841,J00337,U1094,Hyderabad,Data Analyst
E002785,2026-06-22 03:40:32.432432,job_viewed,C0851,J00184,U2373,Gurgaon,Business Analyst
E004985,2026-06-22 04:58:22.702702,job_viewed,C0818,J00940,U1119,Hyderabad,Marketing
E006364,2026-06-22 05:51:53.513513,application_submitted,C0867,J00827,U0734,Mumbai,Sales
E000957,2026-06-22 06:03:14.594594,company_signup,C0957,,,Hyderabad,
E005367,2026-06-22 06:42:09.729729,job_viewed,C0885,J01062,U0554,Pune,Business Analyst
E005365,2026-06-22 06:42:09.729729,job_viewed,C0885,J01062,U1905,Pune,Business Analyst
E001200,2026-06-22 07:21:04.864864,job_posted,C0924,J00200,,Hyderabad,Marketing
E006461,2026-06-22 07:34:03.243243,application_submitted,C0826,J00950,U1593,Pune,Marketing
E001386,2026-06-22 09:04:51.891891,job_posted,C0880,J00386,,Lucknow,Software Engineer
E004379,2026-06-22 09:17:50.270270,job_viewed,C0930,J00715,U2339,Gurgaon,HR
E003732,2026-06-22 09:43:47.027027,job_viewed,C0808,J00508,U0118,Noida,HR
E003584,2026-06-22 09:56:45.405405,job_viewed,C0858,J00459,U0993,Delhi,Sales
E003991,2026-06-22 10:22:42.162162,job_viewed,C0736,J00596,U1290,Gurgaon,HR
E000958,2026-06-22 10:22:42.162162,company_signup,C0958,,,Delhi,
E006515,2026-06-22 11:32:25.945945,application_submitted,C0755,J01026,U0783,Delhi,Business Analyst
E000959,2026-06-22 14:42:09.729729,company_signup,C0959,,,Mumbai,
E004279,2026-06-22 14:55:08.108108,job_viewed,C0787,J00688,U0804,Noida,HR
E001807,2026-06-22 15:08:06.486486,job_posted,C0948,J00807,,Pune,Software Engineer
E001023,2026-06-22 16:25:56.756756,job_posted,C0915,J00023,,Hyderabad,Sales
E001392,2026-06-22 17:04:51.891891,job_posted,C0954,J00392,,Bangalore,Sales
E006139,2026-06-22 17:43:47.027027,application_submitted,C0808,J00508,U0118,Noida,HR
E003791,2026-06-22 17:43:47.027027,job_viewed,C0882,J00529,U2738,Delhi,Marketing
E001527,2026-06-22 17:43:47.027027,job_posted,C0882,J00527,,Delhi,Data Analyst
E001139,2026-06-22 17:56:45.405405,job_posted,C0932,J00139,,Gurgaon,Data Analyst
E006448,2026-06-22 18:58:22.702702,application_submitted,C0818,J00940,U1119,Hyderabad,Marketing
E000960,2026-06-22 19:01:37.297297,company_signup,C0960,,,Gurgaon,
E002964,2026-06-22 20:06:29.189189,job_viewed,C0766,J00244,U1038,Pune,Sales
E006578,2026-06-22 20:47:01.621621,application_submitted,C0839,J01123,U1369,Lucknow,HR
E004080,2026-06-22 23:08:06.486486,job_viewed,C0911,J00623,U0142,Hyderabad,Marketing
E004083,2026-06-22 23:08:06.486486,job_viewed,C0911,J00623,U2961,Hyderabad,Marketing
E000961,2026-06-22 23:21:04.864864,company_signup,C0961,,,Delhi,
E003976,2026-06-23 03:27:34.054054,job_viewed,C0912,J00589,U0169,Pune,Marketing
E000962,2026-06-23 03:40:32.432432,company_signup,C0962,,,Delhi,
E005103,2026-06-23 04:19:27.567567,job_viewed,C0890,J00979,U2760,Delhi,Sales
E002550,2026-06-23 05:11:21.081081,job_viewed,C0868,J00113,U1783,Mumbai,Business Analyst
E002545,2026-06-23 05:11:21.081081,job_viewed,C0868,J00112,U1566,Mumbai,HR
E006553,2026-06-23 05:37:17.837837,application_submitted,C0820,J01081,U1648,Pune,Software Engineer
E003368,2026-06-23 05:50:16.216216,job_viewed,C0796,J00372,U2546,Bangalore,Sales
E005362,2026-06-23 06:42:09.729729,job_viewed,C0885,J01062,U2655,Pune,Business Analyst
E004500,2026-06-23 07:47:01.621621,job_viewed,C0802,J00761,U2390,Bangalore,Sales
E000963,2026-06-23 08:00:00.000000,company_signup,C0963,,,Noida,
E001705,2026-06-23 10:35:40.540540,job_posted,C0897,J00705,,Gurgaon,Marketing
E000964,2026-06-23 12:19:27.567567,company_signup,C0964,,,Gurgaon,
E004688,2026-06-23 12:45:24.324324,job_viewed,C0842,J00828,U0297,Bangalore,Software Engineer
E002633,2026-06-23 12:58:22.702702,job_viewed,C0892,J00142,U1463,Lucknow,Data Analyst
E005839,2026-06-23 15:11:21.081081,application_submitted,C0868,J00112,U1566,Mumbai,HR
E002164,2026-06-23 16:00:00.000000,job_posted,C0926,J01164,,Lucknow,HR
E003194,2026-06-23 16:25:56.756756,job_viewed,C0804,J00317,U0088,Lucknow,Sales
E000965,2026-06-23 16:38:55.135135,company_signup,C0965,,,Gurgaon,
E001138,2026-06-23 17:56:45.405405,job_posted,C0932,J00138,,Gurgaon,Data Analyst
E003947,2026-06-23 19:01:37.297297,job_viewed,C0849,J00581,U2512,Bangalore,Marketing
E005140,2026-06-23 19:40:32.432432,job_viewed,C0777,J00993,U0922,Lucknow,HR
E005146,2026-06-23 19:40:32.432432,job_viewed,C0777,J00994,U2572,Hyderabad,Data Analyst
E002602,2026-06-23 20:32:25.945945,job_viewed,C0866,J00136,U0323,Pune,Data Analyst
E002598,2026-06-23 20:32:25.945945,job_viewed,C0866,J00135,U2185,Noida,Software Engineer
E000966,2026-06-23 20:58:22.702702,company_signup,C0966,,,Delhi,
E004479,2026-06-23 21:24:19.459459,job_viewed,C0733,J00753,U2192,Lucknow,HR
E001584,2026-06-23 23:34:03.243243,job_posted,C0900,J00584,,Pune,Business Analyst
E000967,2026-06-24 01:17:50.270270,company_signup,C0967,,,Pune,
E002517,2026-06-24 01:43:47.027027,job_viewed,C0845,J00100,U1873,Delhi,Data Analyst
E002183,2026-06-24 01:43:47.027027,job_posted,C0956,J01183,,Noida,Marketing
E004113,2026-06-24 02:09:43.783783,job_viewed,C0834,J00634,U1316,Lucknow,Software Engineer
E003968,2026-06-24 03:27:34.054054,job_viewed,C0912,J00588,U1095,Pune,Sales
E003966,2026-06-24 03:27:34.054054,job_viewed,C0912,J00588,U1530,Pune,Sales
E002789,2026-06-24 03:40:32.432432,job_viewed,C0851,J00184,U2757,Gurgaon,Business Analyst
E002788,2026-06-24 03:40:32.432432,job_viewed,C0851,J00184,U1512,Gurgaon,Business Analyst
E006545,2026-06-24 03:42:09.729729,application_submitted,C0885,J01062,U2655,Pune,Business Analyst
E005500,2026-06-24 03:53:30.810810,job_viewed,C0901,J01120,U0771,Noida,Marketing
E006044,2026-06-24 04:50:16.216216,application_submitted,C0796,J00372,U2546,Bangalore,Sales
E002553,2026-06-24 05:11:21.081081,job_viewed,C0868,J00114,U0172,Noida,Software Engineer
E000968,2026-06-24 05:37:17.837837,company_signup,C0968,,,Noida,
E003369,2026-06-24 05:50:16.216216,job_viewed,C0796,J00372,U0676,Bangalore,Sales
E005743,2026-06-24 05:50:16.216216,job_viewed,C0907,J01196,U1760,Mumbai,Sales
E002085,2026-06-24 06:29:11.351351,job_posted,C0946,J01085,,Lucknow,Marketing
E006181,2026-06-24 08:01:37.297297,application_submitted,C0849,J00581,U2512,Bangalore,Marketing
E003730,2026-06-24 09:43:47.027027,job_viewed,C0808,J00508,U0824,Noida,HR
E000969,2026-06-24 09:56:45.405405,company_signup,C0969,,,Noida,
E006219,2026-06-24 11:08:06.486486,application_submitted,C0911,J00623,U2961,Hyderabad,Marketing
E002863,2026-06-24 11:53:30.810810,job_viewed,C0864,J00208,U1591,Noida,Data Analyst
E003189,2026-06-24 13:11:21.081081,job_viewed,C0831,J00316,U0960,Pune,Sales
E005393,2026-06-24 13:37:17.837837,job_viewed,C0820,J01080,U2787,Mumbai,Sales
E000970,2026-06-24 14:16:12.972972,company_signup,C0970,,,Bangalore,
E001808,2026-06-24 15:08:06.486486,job_posted,C0948,J00808,,Bangalore,Software Engineer
E005917,2026-06-24 15:53:30.810810,application_submitted,C0864,J00208,U1591,Noida,Data Analyst
E003790,2026-06-24 17:43:47.027027,job_viewed,C0882,J00528,U2836,Pune,Data Analyst
E003796,2026-06-24 17:43:47.027027,job_viewed,C0882,J00529,U0890,Delhi,Marketing
E000971,2026-06-24 18:35:40.540540,company_signup,C0971,,,Lucknow,
E003946,2026-06-24 19:01:37.297297,job_viewed,C0849,J00581,U0638,Bangalore,Marketing
E001897,2026-06-24 19:01:37.297297,job_posted,C0960,J00897,,Noida,Data Analyst
E006225,2026-06-24 19:09:43.783783,application_submitted,C0834,J00634,U1316,Lucknow,Software Engineer
E003580,2026-06-24 19:14:35.675675,job_viewed,C0899,J00457,U1307,Mumbai,Data Analyst
E000972,2026-06-24 22:55:08.108108,company_signup,C0972,,,Gurgaon,
E005841,2026-06-24 23:11:21.081081,application_submitted,C0868,J00113,U1783,Mumbai,Business Analyst
E006315,2026-06-24 23:47:01.621621,application_submitted,C0802,J00761,U2390,Bangalore,Sales
E002184,2026-06-25 01:43:47.027027,job_posted,C0956,J01184,,Hyderabad,HR
E002882,2026-06-25 02:48:38.918918,job_viewed,C0762,J00217,U0130,Noida,HR
E000973,2026-06-25 03:14:35.675675,company_signup,C0973,,,Delhi,
E003363,2026-06-25 04:06:29.189189,job_viewed,C0840,J00370,U2363,Delhi,Business Analyst
E001813,2026-06-25 04:32:25.945945,job_posted,C0940,J00813,,Noida,Marketing
E005865,2026-06-25 04:58:22.702702,application_submitted,C0892,J00142,U1463,Lucknow,Data Analyst
E004397,2026-06-25 05:37:17.837837,job_viewed,C0857,J00721,U1905,Hyderabad,Data Analyst
E004399,2026-06-25 05:37:17.837837,job_viewed,C0857,J00721,U2092,Hyderabad,Data Analyst
E000974,2026-06-25 07:34:03.243243,company_signup,C0974,,,Bangalore,
E001914,2026-06-25 08:00:00.000000,job_posted,C0963,J00914,,Bangalore,Sales
E006041,2026-06-25 10:06:29.189189,application_submitted,C0840,J00370,U2363,Delhi,Business Analyst
E005842,2026-06-25 11:11:21.081081,application_submitted,C0868,J00114,U0172,Noida,Software Engineer
E000975,2026-06-25 11:53:30.810810,company_signup,C0975,,,Hyderabad,
E006577,2026-06-25 11:53:30.810810,application_submitted,C0901,J01120,U0771,Noida,Marketing
E005856,2026-06-25 12:32:25.945945,application_submitted,C0866,J00136,U0323,Pune,Data Analyst
E002632,2026-06-25 12:58:22.702702,job_viewed,C0892,J00142,U2888,Lucknow,Data Analyst
E001249,2026-06-25 14:03:14.594594,job_posted,C0920,J00249,,Delhi,Software Engineer
E000976,2026-06-25 16:12:58.378378,company_signup,C0976,,,Mumbai,
E002273,2026-06-25 16:25:56.756756,job_viewed,C0915,J00023,U0800,Hyderabad,Sales
E006491,2026-06-25 17:40:32.432432,application_submitted,C0777,J00993,U0922,Lucknow,HR
E003793,2026-06-25 17:43:47.027027,job_viewed,C0882,J00529,U2209,Delhi,Marketing
E003788,2026-06-25 17:43:47.027027,job_viewed,C0882,J00528,U2269,Pune,Data Analyst
E002611,2026-06-25 17:56:45.405405,job_viewed,C0932,J00139,U0999,Gurgaon,Data Analyst
E002606,2026-06-25 17:56:45.405405,job_viewed,C0932,J00138,U2039,Gurgaon,Data Analyst
E003509,2026-06-25 19:27:34.054054,job_viewed,C0838,J00424,U2841,Mumbai,Business Analyst
E002962,2026-06-25 20:06:29.189189,job_viewed,C0766,J00243,U0422,Hyderabad,HR
E005694,2026-06-25 20:19:27.567567,job_viewed,C0816,J01179,U0774,Bangalore,Business Analyst
E000977,2026-06-25 20:32:25.945945,company_signup,C0977,,,Lucknow,
E005123,2026-06-25 20:45:24.324324,job_viewed,C0805,J00991,U2350,Mumbai,Business Analyst
E001868,2026-06-25 20:58:22.702702,job_posted,C0966,J00868,,Noida,HR
E003311,2026-06-25 21:24:19.459459,job_viewed,C0844,J00351,U1241,Gurgaon,HR
E006186,2026-06-25 21:27:34.054054,application_submitted,C0912,J00588,U1530,Pune,Sales
E001796,2026-06-25 22:16:12.972972,job_posted,C0933,J00796,,Bangalore,Marketing
E004105,2026-06-25 22:16:12.972972,job_viewed,C0822,J00633,U2121,Gurgaon,Business Analyst
E001303,2026-06-25 22:42:09.729729,job_posted,C0922,J00303,,Pune,HR
E003953,2026-06-25 23:34:03.243243,job_viewed,C0900,J00584,U0798,Pune,Business Analyst
E003708,2026-06-26 00:12:58.378378,job_viewed,C0828,J00500,U1778,Bangalore,HR
E000978,2026-06-26 00:51:53.513513,company_signup,C0978,,,Lucknow,
E005713,2026-06-26 01:43:47.027027,job_viewed,C0956,J01184,U2057,Hyderabad,HR
E002881,2026-06-26 02:48:38.918918,job_viewed,C0762,J00217,U0498,Noida,HR
E000979,2026-06-26 05:11:21.081081,company_signup,C0979,,,Lucknow,
E001451,2026-06-26 05:24:19.459459,job_posted,C0918,J00451,,Mumbai,HR
E002195,2026-06-26 05:50:16.216216,job_posted,C0907,J01195,,Delhi,Software Engineer
E005416,2026-06-26 06:29:11.351351,job_viewed,C0946,J01087,U1852,Lucknow,HR
E005707,2026-06-26 07:08:06.486486,job_viewed,C0874,J01182,U1897,Bangalore,Sales
E005920,2026-06-26 07:48:38.918918,application_submitted,C0762,J00217,U0130,Noida,HR
E005858,2026-06-26 07:56:45.405405,application_submitted,C0932,J00138,U2039,Gurgaon,Data Analyst
E000980,2026-06-26 09:30:48.648648,company_signup,C0980,,,Noida,
E003727,2026-06-26 09:43:47.027027,job_viewed,C0808,J00507,U0689,Lucknow,Marketing
E004329,2026-06-26 10:35:40.540540,job_viewed,C0897,J00705,U0644,Gurgaon,Marketing
E003192,2026-06-26 13:11:21.081081,job_viewed,C0831,J00316,U0816,Pune,Sales
E003181,2026-06-26 13:11:21.081081,job_viewed,C0831,J00315,U1062,Gurgaon,Software Engineer
E005343,2026-06-26 13:24:19.459459,job_viewed,C0770,J01057,U2663,Hyderabad,Marketing
E000981,2026-06-26 13:50:16.216216,company_signup,C0981,,,Hyderabad,
E005536,2026-06-26 14:03:14.594594,job_viewed,C0809,J01131,U1156,Noida,Business Analyst
E003286,2026-06-26 14:42:09.729729,job_viewed,C0848,J00345,U2171,Pune,Sales
E004627,2026-06-26 15:08:06.486486,job_viewed,C0948,J00808,U0975,Bangalore,Software Engineer
E002274,2026-06-26 16:25:56.756756,job_viewed,C0915,J00023,U2874,Hyderabad,Sales
E001483,2026-06-26 17:30:48.648648,job_posted,C0943,J00483,,Noida,Data Analyst
E004259,2026-06-26 17:30:48.648648,job_viewed,C0832,J00683,U2880,Pune,Data Analyst
E004171,2026-06-26 17:56:45.405405,job_viewed,C0821,J00651,U1039,Bangalore,Sales
E000982,2026-06-26 18:09:43.783783,company_signup,C0982,,,Lucknow,
E001522,2026-06-26 18:48:38.918918,job_posted,C0910,J00522,,Pune,Sales
E005751,2026-06-26 19:40:32.432432,job_viewed,C0888,J01200,U0284,Bangalore,Data Analyst
E005139,2026-06-26 19:40:32.432432,job_viewed,C0777,J00993,U1183,Lucknow,HR
E002960,2026-06-26 20:06:29.189189,job_viewed,C0766,J00243,U0405,Hyderabad,HR
E004213,2026-06-26 20:19:27.567567,job_viewed,C0927,J00668,U2016,Mumbai,Marketing
E002595,2026-06-26 20:32:25.945945,job_viewed,C0866,J00135,U1343,Noida,Software Engineer
E006632,2026-06-26 22:08:06.486486,application_submitted,C0874,J01182,U1897,Bangalore,Sales
E000983,2026-06-26 22:29:11.351351,company_signup,C0983,,,Hyderabad,
E005505,2026-06-26 23:47:01.621621,job_viewed,C0839,J01123,U1671,Lucknow,HR
E005453,2026-06-27 00:38:55.135135,job_viewed,C0817,J01105,U0593,Gurgaon,Business Analyst
E006237,2026-06-27 01:56:45.405405,application_submitted,C0821,J00651,U1039,Bangalore,Sales
E000984,2026-06-27 02:48:38.918918,company_signup,C0984,,,Pune,
E003970,2026-06-27 03:27:34.054054,job_viewed,C0912,J00588,U1305,Pune,Sales
E003972,2026-06-27 03:27:34.054054,job_viewed,C0912,J00589,U2108,Pune,Marketing
E001183,2026-06-27 04:06:29.189189,job_posted,C0951,J00183,,Lucknow,Marketing
E004053,2026-06-27 04:45:24.324324,job_viewed,C0879,J00616,U0186,Delhi,Sales
E001450,2026-06-27 05:24:19.459459,job_posted,C0918,J00450,,Hyderabad,Data Analyst
E004400,2026-06-27 05:37:17.837837,job_viewed,C0857,J00721,U0333,Hyderabad,Data Analyst
E005740,2026-06-27 05:50:16.216216,job_viewed,C0907,J01196,U1081,Mumbai,Sales
E000985,2026-06-27 07:08:06.486486,company_signup,C0985,,,Lucknow,
E005706,2026-06-27 07:08:06.486486,job_viewed,C0874,J01182,U0511,Bangalore,Sales
E001714,2026-06-27 09:17:50.270270,job_posted,C0930,J00714,,Noida,Data Analyst
E005853,2026-06-27 10:32:25.945945,application_submitted,C0866,J00135,U1343,Noida,Software Engineer
E004811,2026-06-27 10:48:38.918918,job_viewed,C0836,J00876,U2512,Hyderabad,Sales
E000986,2026-06-27 11:27:34.054054,company_signup,C0986,,,Mumbai,
E001900,2026-06-27 12:19:27.567567,job_posted,C0964,J00900,,Bangalore,Data Analyst
E004687,2026-06-27 12:45:24.324324,job_viewed,C0842,J00828,U1865,Bangalore,Software Engineer
E002630,2026-06-27 12:58:22.702702,job_viewed,C0892,J00142,U0419,Lucknow,Data Analyst
E002629,2026-06-27 12:58:22.702702,job_viewed,C0892,J00142,U2588,Lucknow,Data Analyst
E003186,2026-06-27 13:11:21.081081,job_viewed,C0831,J00315,U2595,Gurgaon,Software Engineer
E006027,2026-06-27 14:24:19.459459,application_submitted,C0844,J00351,U1241,Gurgaon,HR
E005282,2026-06-27 14:55:08.108108,job_viewed,C0898,J01035,U0546,Hyderabad,Data Analyst
E006187,2026-06-27 15:27:34.054054,application_submitted,C0912,J00589,U2108,Pune,Marketing
E000987,2026-06-27 15:47:01.621621,company_signup,C0987,,,Hyderabad,
E002349,2026-06-27 18:35:40.540540,job_viewed,C0860,J00045,U1885,Delhi,Marketing
E003768,2026-06-27 18:48:38.918918,job_viewed,C0910,J00521,U0881,Lucknow,Data Analyst
E003510,2026-06-27 19:27:34.054054,job_viewed,C0838,J00424,U2881,Mumbai,Business Analyst
E002153,2026-06-27 19:27:34.054054,job_posted,C0949,J01153,,Noida,Business Analyst
E000988,2026-06-27 20:06:29.189189,company_signup,C0988,,,Hyderabad,
E005692,2026-06-27 20:19:27.567567,job_viewed,C0816,J01179,U1624,Bangalore,Business Analyst
E001187,2026-06-27 20:32:25.945945,job_posted,C0977,J00187,,Lucknow,Business Analyst
E005127,2026-06-27 20:45:24.324324,job_viewed,C0805,J00991,U0932,Mumbai,Business Analyst
E001674,2026-06-27 22:29:11.351351,job_posted,C0983,J00674,,Bangalore,Business Analyst
E000989,2026-06-28 00:25:56.756756,company_signup,C0989,,,Mumbai,
E001530,2026-06-28 00:38:55.135135,job_posted,C0928,J00530,,Gurgaon,Data Analyst
E006521,2026-06-28 02:55:08.108108,application_submitted,C0898,J01035,U0546,Hyderabad,Data Analyst
E005495,2026-06-28 03:53:30.810810,job_viewed,C0901,J01120,U0249,Noida,Marketing
E005104,2026-06-28 04:19:27.567567,job_viewed,C0890,J00980,U1372,Bangalore,Data Analyst
E001814,2026-06-28 04:32:25.945945,job_posted,C0940,J00814,,Mumbai,Sales
E000990,2026-06-28 04:45:24.324324,company_signup,C0990,,,Lucknow,
E004396,2026-06-28 05:37:17.837837,job_viewed,C0857,J00721,U2838,Hyderabad,Data Analyst
E002086,2026-06-28 06:29:11.351351,job_posted,C0946,J01086,,Mumbai,Sales
E001282,2026-06-28 06:55:08.108108,job_posted,C0935,J00282,,Lucknow,HR
E000991,2026-06-28 09:04:51.891891,company_signup,C0991,,,Mumbai,
E001764,2026-06-28 09:43:47.027027,job_posted,C0919,J00764,,Bangalore,Marketing
E000992,2026-06-28 13:24:19.459459,company_signup,C0992,,,Hyderabad,
E005029,2026-06-28 16:12:58.378378,job_viewed,C0865,J00952,U1577,Noida,Data Analyst
E006248,2026-06-28 17:19:27.567567,application_submitted,C0927,J00668,U2016,Mumbai,Marketing
E004260,2026-06-28 17:30:48.648648,job_viewed,C0832,J00683,U1735,Pune,Data Analyst
E000993,2026-06-28 17:43:47.027027,company_signup,C0993,,,Mumbai,
E002352,2026-06-28 18:35:40.540540,job_viewed,C0860,J00045,U2448,Delhi,Marketing
E002793,2026-06-28 20:32:25.945945,job_viewed,C0977,J00187,U2578,Lucknow,Business Analyst
E002795,2026-06-28 20:32:25.945945,job_viewed,C0977,J00187,U0513,Lucknow,Business Analyst
E003307,2026-06-28 21:24:19.459459,job_viewed,C0844,J00350,U0888,Bangalore,Marketing
E000994,2026-06-28 22:03:14.594594,company_signup,C0994,,,Hyderabad,
E000995,2026-06-29 02:22:42.162162,company_signup,C0995,,,Hyderabad,
E001677,2026-06-29 03:01:37.297297,job_posted,C0923,J00677,,Bangalore,Data Analyst
E004650,2026-06-29 04:32:25.945945,job_viewed,C0940,J00814,U0647,Mumbai,Sales
E001002,2026-06-29 04:45:24.324324,job_posted,C0990,J00002,,Noida,Software Engineer
E001001,2026-06-29 04:45:24.324324,job_posted,C0990,J00001,,Mumbai,Sales
E006145,2026-06-29 04:48:38.918918,application_submitted,C0910,J00521,U0881,Lucknow,Data Analyst
E004986,2026-06-29 04:58:22.702702,job_viewed,C0818,J00940,U0246,Hyderabad,Marketing
E001732,2026-06-29 06:03:14.594594,job_posted,C0957,J00732,,Pune,HR
E005363,2026-06-29 06:42:09.729729,job_viewed,C0885,J01062,U1253,Pune,Business Analyst
E000996,2026-06-29 06:42:09.729729,company_signup,C0996,,,Pune,
E003082,2026-06-29 06:55:08.108108,job_viewed,C0935,J00281,U2636,Mumbai,Software Engineer
E003084,2026-06-29 06:55:08.108108,job_viewed,C0935,J00281,U2912,Mumbai,Software Engineer
E003252,2026-06-29 08:25:56.756756,job_viewed,C0841,J00337,U1876,Hyderabad,Data Analyst
E004814,2026-06-29 10:48:38.918918,job_viewed,C0836,J00876,U2128,Hyderabad,Sales
E000997,2026-06-29 11:01:37.297297,company_signup,C0997,,,Delhi,
E006480,2026-06-29 11:19:27.567567,application_submitted,C0890,J00980,U1372,Bangalore,Data Analyst
E003190,2026-06-29 13:11:21.081081,job_viewed,C0831,J00316,U2242,Pune,Sales
E001659,2026-06-29 13:11:21.081081,job_posted,C0942,J00659,,Hyderabad,Sales
E005532,2026-06-29 14:03:14.594594,job_viewed,C0809,J01130,U0731,Delhi,Data Analyst
E000998,2026-06-29 15:21:04.864864,company_signup,C0998,,,Hyderabad,
E001140,2026-06-29 17:56:45.405405,job_posted,C0932,J00140,,Mumbai,Marketing
E003512,2026-06-29 19:27:34.054054,job_viewed,C0838,J00424,U1417,Mumbai,Business Analyst
E000999,2026-06-29 19:40:32.432432,company_signup,C0999,,,Lucknow,
E005753,2026-06-29 19:40:32.432432,job_viewed,C0888,J01200,U1302,Bangalore,Data Analyst
E001880,2026-06-29 21:50:16.216216,job_posted,C0944,J00880,,Mumbai,Data Analyst
E002729,2026-06-29 22:42:09.729729,job_viewed,C0811,J00171,U2182,Pune,Sales
E002731,2026-06-29 22:42:09.729729,job_viewed,C0811,J00171,U1873,Pune,Sales
E001000,2026-06-30 00:00:00.000000,company_signup,C1000,,,Bangalore,
E005998,2026-06-30 00:11:21.081081,application_submitted,C0831,J00316,U2242,Pune,Sales
E002150,2026-06-30 00:51:53.513513,job_posted,C0978,J01150,,Delhi,Data Analyst
E005976,2026-06-30 00:55:08.108108,application_submitted,C0935,J00281,U2912,Mumbai,Software Engineer
E005645,2026-06-30 01:17:50.270270,job_viewed,C0856,J01160,U1041,Pune,Business Analyst
E003903,2026-06-30 03:01:37.297297,job_viewed,C0812,J00565,U2748,Delhi,Sales
E003964,2026-06-30 03:27:34.054054,job_viewed,C0912,J00588,U2019,Pune,Sales
E002541,2026-06-30 05:11:21.081081,job_viewed,C0868,J00112,U1736,Mumbai,HR
E003565,2026-06-30 05:24:19.459459,job_viewed,C0918,J00449,U2514,Noida,Business Analyst
E001305,2026-06-30 05:37:17.837837,job_posted,C0968,J00305,,Pune,Marketing
E005742,2026-06-30 05:50:16.216216,job_viewed,C0907,J01196,U0722,Mumbai,Sales
E005738,2026-06-30 05:50:16.216216,job_viewed,C0907,J01195,U1015,Delhi,Software Engineer
E004441,2026-06-30 06:03:14.594594,job_viewed,C0957,J00732,U0416,Pune,HR
E005366,2026-06-30 06:42:09.729729,job_viewed,C0885,J01062,U2284,Pune,Business Analyst
E005883,2026-06-30 06:42:09.729729,application_submitted,C0811,J00171,U1873,Pune,Sales
E003480,2026-06-30 07:47:01.621621,job_viewed,C0913,J00414,U0725,Gurgaon,Data Analyst
E006463,2026-06-30 10:12:58.378378,application_submitted,C0865,J00952,U1577,Noida,Data Analyst
E004808,2026-06-30 10:48:38.918918,job_viewed,C0836,J00875,U2886,Noida,Software Engineer
E006015,2026-06-30 11:25:56.756756,application_submitted,C0841,J00337,U1876,Hyderabad,Data Analyst
E002750,2026-06-30 11:40:32.432432,job_viewed,C0814,J00175,U0690,Mumbai,Data Analyst
E004625,2026-06-30 15:08:06.486486,job_viewed,C0948,J00807,U2112,Pune,Software Engineer
E002165,2026-06-30 16:00:00.000000,job_posted,C0926,J01165,,Delhi,Data Analyst
E003199,2026-06-30 16:25:56.756756,job_viewed,C0804,J00318,U0908,Noida,HR
E001484,2026-06-30 17:30:48.648648,job_posted,C0943,J00484,,Hyderabad,Data Analyst
E002621,2026-06-30 17:56:45.405405,job_viewed,C0932,J00140,U2963,Mumbai,Marketing
E002154,2026-06-30 19:27:34.054054,job_posted,C0949,J01154,,Gurgaon,Business Analyst
E005122,2026-06-30 20:45:24.324324,job_viewed,C0805,J00991,U0803,Mumbai,Business Analyst
E003306,2026-06-30 21:24:19.459459,job_viewed,C0844,J00350,U0863,Bangalore,Marketing
E002728,2026-06-30 22:42:09.729729,job_viewed,C0811,J00171,U0914,Pune,Sales
E001228,2026-06-30 23:47:01.621621,job_posted,C0950,J00228,,Noida,Software Engineer
E001227,2026-06-30 23:47:01.621621,job_posted,C0950,J00227,,Hyderabad,Data Analyst
E003799,2026-07-01 00:38:55.135135,job_viewed,C0928,J00530,U1442,Gurgaon,Data Analyst
E004110,2026-07-01 02:09:43.783783,job_viewed,C0834,J00634,U1807,Lucknow,Software Engineer
E002000,2026-07-01 02:48:38.918918,job_posted,C0984,J01000,,Bangalore,HR
E002001,2026-07-01 02:48:38.918918,job_posted,C0984,J01001,,Bangalore,Software Engineer
E005043,2026-07-01 03:14:35.675675,job_viewed,C0862,J00956,U1979,Gurgaon,Marketing
E005044,2026-07-01 03:14:35.675675,job_viewed,C0862,J00956,U1787,Gurgaon,Marketing
E002787,2026-07-01 03:40:32.432432,job_viewed,C0851,J00184,U2867,Gurgaon,Business Analyst
E002783,2026-07-01 04:06:29.189189,job_viewed,C0951,J00183,U0597,Lucknow,Marketing
E004649,2026-07-01 04:32:25.945945,job_viewed,C0940,J00814,U1551,Mumbai,Sales
E003567,2026-07-01 05:24:19.459459,job_viewed,C0918,J00449,U2849,Noida,Business Analyst
E003562,2026-07-01 05:24:19.459459,job_viewed,C0918,J00449,U0605,Noida,Business Analyst
E003370,2026-07-01 05:50:16.216216,job_viewed,C0796,J00372,U1357,Bangalore,Sales
E006466,2026-07-01 06:14:35.675675,application_submitted,C0862,J00956,U1787,Gurgaon,Marketing
E005882,2026-07-01 07:42:09.729729,application_submitted,C0811,J00171,U0914,Pune,Sales
E006094,2026-07-01 08:24:19.459459,application_submitted,C0918,J00449,U0605,Noida,Business Analyst
E003350,2026-07-01 08:51:53.513513,job_viewed,C0830,J00362,U0749,Noida,Marketing
E003347,2026-07-01 08:51:53.513513,job_viewed,C0830,J00362,U2625,Noida,Marketing
E006486,2026-07-01 09:45:24.324324,application_submitted,C0805,J00991,U0803,Mumbai,Business Analyst
E004810,2026-07-01 10:48:38.918918,job_viewed,C0836,J00876,U2801,Hyderabad,Sales
E001509,2026-07-01 11:14:35.675675,job_posted,C0936,J00509,,Bangalore,HR
E002859,2026-07-01 11:53:30.810810,job_viewed,C0864,J00208,U0027,Noida,Data Analyst
E005281,2026-07-01 14:55:08.108108,job_viewed,C0898,J01034,U0460,Hyderabad,HR
E003193,2026-07-01 16:25:56.756756,job_viewed,C0804,J00317,U0068,Lucknow,Sales
E003660,2026-07-01 17:30:48.648648,job_viewed,C0943,J00483,U0993,Noida,Data Analyst
E002616,2026-07-01 17:56:45.405405,job_viewed,C0932,J00139,U0705,Gurgaon,Data Analyst
E001682,2026-07-01 18:35:40.540540,job_posted,C0971,J00682,,Pune,Marketing
E004860,2026-07-01 19:01:37.297297,job_viewed,C0960,J00897,U1680,Noida,Data Analyst
E005749,2026-07-01 19:40:32.432432,job_viewed,C0888,J01200,U2946,Bangalore,Data Analyst
E002109,2026-07-01 20:06:29.189189,job_posted,C0988,J01109,,Pune,Marketing
E004215,2026-07-01 20:19:27.567567,job_viewed,C0927,J00668,U0860,Mumbai,Marketing
E005125,2026-07-01 20:45:24.324324,job_viewed,C0805,J00991,U1139,Mumbai,Business Analyst
E003308,2026-07-01 21:24:19.459459,job_viewed,C0844,J00350,U2795,Bangalore,Marketing
E004103,2026-07-01 22:16:12.972972,job_viewed,C0822,J00633,U0033,Gurgaon,Business Analyst
E005504,2026-07-01 23:47:01.621621,job_viewed,C0839,J01123,U1044,Lucknow,HR
E005895,2026-07-02 00:40:32.432432,application_submitted,C0851,J00184,U2867,Gurgaon,Business Analyst
E005838,2026-07-02 01:11:21.081081,application_submitted,C0868,J00112,U1736,Mumbai,HR
E005168,2026-07-02 02:48:38.918918,job_viewed,C0984,J01001,U2927,Bangalore,Software Engineer
E006045,2026-07-02 02:50:16.216216,application_submitted,C0796,J00372,U1357,Bangalore,Sales
E003408,2026-07-02 09:04:51.891891,job_viewed,C0880,J00385,U0720,Bangalore,HR
E004372,2026-07-02 09:17:50.270270,job_viewed,C0930,J00714,U1530,Noida,Data Analyst
E006645,2026-07-02 09:40:32.432432,application_submitted,C0888,J01200,U2946,Bangalore,Data Analyst
E001396,2026-07-02 11:27:34.054054,job_posted,C0986,J00396,,Mumbai,Marketing
E003205,2026-07-02 11:27:34.054054,job_viewed,C0875,J00319,U2043,Noida,Business Analyst
E002748,2026-07-02 11:40:32.432432,job_viewed,C0814,J00175,U1147,Mumbai,Data Analyst
E002861,2026-07-02 11:53:30.810810,job_viewed,C0864,J00208,U0567,Noida,Data Analyst
E001257,2026-07-02 11:53:30.810810,job_posted,C0975,J00257,,Hyderabad,HR
E003187,2026-07-02 13:11:21.081081,job_viewed,C0831,J00316,U2206,Pune,Sales
E006345,2026-07-02 14:08:06.486486,application_submitted,C0948,J00807,U2112,Pune,Software Engineer
E002061,2026-07-02 15:34:03.243243,job_posted,C0937,J01061,,Mumbai,HR
E003789,2026-07-02 17:43:47.027027,job_viewed,C0882,J00528,U1814,Pune,Data Analyst
E003784,2026-07-02 17:43:47.027027,job_viewed,C0882,J00527,U2744,Delhi,Data Analyst
E004173,2026-07-02 17:56:45.405405,job_viewed,C0821,J00651,U0585,Bangalore,Sales
E003772,2026-07-02 18:48:38.918918,job_viewed,C0910,J00522,U2909,Pune,Sales
E005631,2026-07-02 19:27:34.054054,job_viewed,C0949,J01154,U0849,Gurgaon,Business Analyst
E003511,2026-07-02 19:27:34.054054,job_viewed,C0838,J00424,U2906,Mumbai,Business Analyst
E006082,2026-07-02 20:27:34.054054,application_submitted,C0838,J00424,U2906,Mumbai,Business Analyst
E002597,2026-07-02 20:32:25.945945,job_viewed,C0866,J00135,U1179,Noida,Software Engineer
E002601,2026-07-02 20:32:25.945945,job_viewed,C0866,J00136,U0994,Pune,Data Analyst
E002733,2026-07-02 22:42:09.729729,job_viewed,C0811,J00171,U2942,Pune,Sales
E001226,2026-07-02 23:47:01.621621,job_posted,C0950,J00226,,Pune,HR
E006024,2026-07-03 01:24:19.459459,application_submitted,C0844,J00350,U2795,Bangalore,Marketing
E005432,2026-07-03 02:22:42.162162,job_viewed,C0884,J01094,U2281,Gurgaon,Marketing
E005106,2026-07-03 04:19:27.567567,job_viewed,C0890,J00980,U2150,Bangalore,Data Analyst
E005102,2026-07-03 04:19:27.567567,job_viewed,C0890,J00979,U2503,Delhi,Sales
E002549,2026-07-03 05:11:21.081081,job_viewed,C0868,J00113,U0405,Mumbai,Business Analyst
E002547,2026-07-03 05:11:21.081081,job_viewed,C0868,J00113,U0862,Mumbai,Business Analyst
E001987,2026-07-03 07:08:06.486486,job_posted,C0985,J00987,,Delhi,Sales
E001162,2026-07-03 07:34:03.243243,job_posted,C0974,J00162,,Lucknow,Software Engineer
E001915,2026-07-03 08:00:00.000000,job_posted,C0963,J00915,,Delhi,Business Analyst
E001455,2026-07-03 08:25:56.756756,job_posted,C0952,J00455,,Lucknow,Software Engineer
E003747,2026-07-03 09:17:50.270270,job_viewed,C0819,J00512,U0657,Mumbai,Software Engineer
E005855,2026-07-03 09:32:25.945945,application_submitted,C0866,J00135,U1179,Noida,Software Engineer
E004506,2026-07-03 09:43:47.027027,job_viewed,C0919,J00764,U2117,Bangalore,Marketing
E006411,2026-07-03 11:01:37.297297,application_submitted,C0960,J00897,U1680,Noida,Data Analyst
E005862,2026-07-03 13:56:45.405405,application_submitted,C0932,J00139,U0705,Gurgaon,Data Analyst
E005531,2026-07-03 14:03:14.594594,job_viewed,C0809,J01130,U2079,Delhi,Data Analyst
E002982,2026-07-03 14:03:14.594594,job_viewed,C0920,J00249,U2852,Delhi,Software Engineer
E004626,2026-07-03 15:08:06.486486,job_viewed,C0948,J00807,U0041,Pune,Software Engineer
E005025,2026-07-03 16:12:58.378378,job_viewed,C0865,J00952,U1962,Noida,Data Analyst
E003195,2026-07-03 16:25:56.756756,job_viewed,C0804,J00317,U2049,Lucknow,Sales
E002610,2026-07-03 17:56:45.405405,job_viewed,C0932,J00139,U1171,Gurgaon,Data Analyst
E003771,2026-07-03 18:48:38.918918,job_viewed,C0910,J00521,U1169,Lucknow,Data Analyst
E005461,2026-07-03 20:06:29.189189,job_viewed,C0988,J01109,U2670,Pune,Marketing
E002596,2026-07-03 20:32:25.945945,job_viewed,C0866,J00135,U2227,Noida,Software Engineer
E004076,2026-07-03 23:08:06.486486,job_viewed,C0911,J00622,U1466,Lucknow,Data Analyst
E005715,2026-07-04 01:43:47.027027,job_viewed,C0956,J01184,U0887,Hyderabad,HR
E006141,2026-07-04 02:17:50.270270,application_submitted,C0819,J00512,U0657,Mumbai,Software Engineer
E003419,2026-07-04 02:48:38.918918,job_viewed,C0873,J00391,U2252,Pune,HR
E001146,2026-07-04 03:14:35.675675,job_posted,C0973,J00146,,Bangalore,Marketing
E004051,2026-07-04 04:45:24.324324,job_viewed,C0879,J00616,U1294,Delhi,Sales
E004988,2026-07-04 04:58:22.702702,job_viewed,C0818,J00940,U1798,Hyderabad,Marketing
E005888,2026-07-04 06:40:32.432432,application_submitted,C0814,J00175,U1147,Mumbai,Data Analyst
E005861,2026-07-04 08:56:45.405405,application_submitted,C0932,J00139,U1171,Gurgaon,Data Analyst
E003925,2026-07-04 09:30:48.648648,job_viewed,C0869,J00572,U2369,Bangalore,Data Analyst
E004332,2026-07-04 10:35:40.540540,job_viewed,C0897,J00706,U2710,Noida,Marketing
E004803,2026-07-04 10:48:38.918918,job_viewed,C0836,J00874,U1418,Mumbai,Data Analyst
E003428,2026-07-04 11:27:34.054054,job_viewed,C0986,J00396,U2400,Mumbai,Marketing
E002634,2026-07-04 12:58:22.702702,job_viewed,C0892,J00142,U2262,Lucknow,Data Analyst
E003281,2026-07-04 14:42:09.729729,job_viewed,C0848,J00345,U1227,Pune,Sales
E003280,2026-07-04 14:42:09.729729,job_viewed,C0848,J00344,U2420,Mumbai,Marketing
E005030,2026-07-04 16:12:58.378378,job_viewed,C0865,J00952,U0990,Noida,Data Analyst
E003662,2026-07-04 17:30:48.648648,job_viewed,C0943,J00483,U2111,Noida,Data Analyst
E003659,2026-07-04 17:30:48.648648,job_viewed,C0943,J00483,U2148,Noida,Data Analyst
E003797,2026-07-04 17:43:47.027027,job_viewed,C0882,J00529,U2366,Delhi,Marketing
E002615,2026-07-04 17:56:45.405405,job_viewed,C0932,J00139,U1752,Gurgaon,Data Analyst
E001501,2026-07-04 19:40:32.432432,job_posted,C0999,J00501,,Pune,Data Analyst
E002108,2026-07-04 20:06:29.189189,job_posted,C0988,J01108,,Hyderabad,Data Analyst
E001186,2026-07-04 20:32:25.945945,job_posted,C0977,J00186,,Noida,Data Analyst
E002794,2026-07-04 20:32:25.945945,job_viewed,C0977,J00187,U0895,Lucknow,Business Analyst
E001137,2026-07-04 21:24:19.459459,job_posted,C0955,J00137,,Bangalore,Data Analyst
E005884,2026-07-04 21:42:09.729729,application_submitted,C0811,J00171,U2942,Pune,Sales
E004108,2026-07-04 22:16:12.972972,job_viewed,C0822,J00633,U0061,Gurgaon,Business Analyst
E004107,2026-07-04 22:16:12.972972,job_viewed,C0822,J00633,U1157,Gurgaon,Business Analyst
E006634,2026-07-04 23:43:47.027027,application_submitted,C0956,J01184,U0887,Hyderabad,HR
E002918,2026-07-04 23:47:01.621621,job_viewed,C0950,J00228,U1799,Noida,Software Engineer
E001130,2026-07-05 02:22:42.162162,job_posted,C0995,J00130,,Gurgaon,Data Analyst
E005169,2026-07-05 02:48:38.918918,job_viewed,C0984,J01001,U0007,Bangalore,Software Engineer
E001147,2026-07-05 03:14:35.675675,job_posted,C0973,J00147,,Lucknow,Software Engineer
E001145,2026-07-05 03:14:35.675675,job_posted,C0973,J00145,,Mumbai,Sales
E004055,2026-07-05 04:45:24.324324,job_viewed,C0879,J00617,U2760,Gurgaon,Business Analyst
E001304,2026-07-05 05:37:17.837837,job_posted,C0968,J00304,,Lucknow,Software Engineer
E006222,2026-07-05 07:16:12.972972,application_submitted,C0822,J00633,U0061,Gurgaon,Business Analyst
E006055,2026-07-05 07:27:34.054054,application_submitted,C0986,J00396,U2400,Mumbai,Marketing
E006150,2026-07-05 07:43:47.027027,application_submitted,C0882,J00529,U2366,Delhi,Marketing
E001454,2026-07-05 08:25:56.756756,job_posted,C0952,J00454,,Mumbai,Marketing
E003346,2026-07-05 08:51:53.513513,job_viewed,C0830,J00362,U1392,Noida,Marketing
E004505,2026-07-05 09:43:47.027027,job_viewed,C0919,J00764,U2776,Bangalore,Marketing
E003583,2026-07-05 09:56:45.405405,job_viewed,C0858,J00459,U1990,Delhi,Sales
E003736,2026-07-05 11:14:35.675675,job_viewed,C0936,J00509,U1104,Bangalore,HR
E005927,2026-07-05 12:47:01.621621,application_submitted,C0950,J00228,U1799,Noida,Software Engineer
E003182,2026-07-05 13:11:21.081081,job_viewed,C0831,J00315,U2559,Gurgaon,Software Engineer
E002980,2026-07-05 14:03:14.594594,job_viewed,C0920,J00249,U0469,Delhi,Software Engineer
E005896,2026-07-05 14:32:25.945945,application_submitted,C0977,J00187,U0895,Lucknow,Business Analyst
E003285,2026-07-05 14:42:09.729729,job_viewed,C0848,J00345,U1135,Pune,Sales
E003282,2026-07-05 14:42:09.729729,job_viewed,C0848,J00345,U2069,Pune,Sales
E005854,2026-07-05 16:32:25.945945,application_submitted,C0866,J00135,U2227,Noida,Software Engineer
E002608,2026-07-05 17:56:45.405405,job_viewed,C0932,J00138,U0495,Gurgaon,Data Analyst
E003776,2026-07-05 18:48:38.918918,job_viewed,C0910,J00522,U1959,Pune,Sales
E003773,2026-07-05 18:48:38.918918,job_viewed,C0910,J00522,U2660,Pune,Sales
E001898,2026-07-05 19:01:37.297297,job_posted,C0960,J00898,,Hyderabad,Data Analyst
E005628,2026-07-05 19:27:34.054054,job_viewed,C0949,J01153,U1393,Noida,Business Analyst
E005632,2026-07-05 19:27:34.054054,job_viewed,C0949,J01154,U0062,Gurgaon,Business Analyst
E002107,2026-07-05 20:06:29.189189,job_posted,C0988,J01107,,Hyderabad,Software Engineer
E002599,2026-07-05 20:32:25.945945,job_viewed,C0866,J00136,U2529,Pune,Data Analyst
E002730,2026-07-05 22:42:09.729729,job_viewed,C0811,J00171,U1945,Pune,Sales
E005619,2026-07-06 00:51:53.513513,job_viewed,C0978,J01150,U0237,Delhi,Data Analyst
E004683,2026-07-06 00:51:53.513513,job_viewed,C0867,J00827,U1690,Mumbai,Sales
E006274,2026-07-06 01:35:40.540540,application_submitted,C0897,J00706,U2710,Noida,Marketing
E002586,2026-07-06 02:22:42.162162,job_viewed,C0995,J00130,U2314,Gurgaon,Data Analyst
E005164,2026-07-06 02:48:38.918918,job_viewed,C0984,J01000,U1961,Bangalore,HR
E006499,2026-07-06 03:48:38.918918,application_submitted,C0984,J01000,U1961,Bangalore,HR
E001003,2026-07-06 04:45:24.324324,job_posted,C0990,J00003,,Bangalore,Software Engineer
E004987,2026-07-06 04:58:22.702702,job_viewed,C0818,J00940,U1659,Hyderabad,Marketing
E004989,2026-07-06 04:58:22.702702,job_viewed,C0818,J00940,U0785,Hyderabad,Marketing
E002544,2026-07-06 05:11:21.081081,job_viewed,C0868,J00112,U2655,Mumbai,HR
E003564,2026-07-06 05:24:19.459459,job_viewed,C0918,J00449,U1464,Noida,Business Analyst
E004398,2026-07-06 05:37:17.837837,job_viewed,C0857,J00721,U2939,Hyderabad,Data Analyst
E003576,2026-07-06 08:25:56.756756,job_viewed,C0952,J00455,U1018,Lucknow,Software Engineer
E006114,2026-07-06 08:30:48.648648,application_submitted,C0943,J00483,U2148,Noida,Data Analyst
E003751,2026-07-06 09:17:50.270270,job_viewed,C0819,J00512,U1679,Mumbai,Software Engineer
E003924,2026-07-06 09:30:48.648648,job_viewed,C0869,J00572,U0422,Bangalore,Data Analyst
E003581,2026-07-06 09:56:45.405405,job_viewed,C0858,J00459,U0829,Delhi,Sales
E006021,2026-07-06 14:42:09.729729,application_submitted,C0848,J00345,U1135,Pune,Sales
E006038,2026-07-06 14:51:53.513513,application_submitted,C0830,J00362,U1392,Noida,Marketing
E004262,2026-07-06 17:30:48.648648,job_viewed,C0832,J00683,U1691,Pune,Data Analyst
E002040,2026-07-06 17:43:47.027027,job_posted,C0993,J01040,,Noida,Business Analyst
E002609,2026-07-06 17:56:45.405405,job_viewed,C0932,J00138,U1138,Gurgaon,Data Analyst
E002607,2026-07-06 17:56:45.405405,job_viewed,C0932,J00138,U0175,Gurgaon,Data Analyst
E002603,2026-07-06 17:56:45.405405,job_viewed,C0932,J00138,U0148,Gurgaon,Data Analyst
E002613,2026-07-06 17:56:45.405405,job_viewed,C0932,J00139,U1038,Gurgaon,Data Analyst
E003777,2026-07-06 18:48:38.918918,job_viewed,C0910,J00522,U2736,Pune,Sales
E005860,2026-07-06 18:56:45.405405,application_submitted,C0932,J00138,U1138,Gurgaon,Data Analyst
E005633,2026-07-06 19:27:34.054054,job_viewed,C0949,J01154,U1818,Gurgaon,Business Analyst
E003309,2026-07-06 21:24:19.459459,job_viewed,C0844,J00350,U0438,Bangalore,Marketing
E006213,2026-07-06 23:45:24.324324,application_submitted,C0879,J00617,U2760,Gurgaon,Business Analyst
E001359,2026-07-07 00:00:00.000000,job_posted,C1000,J00359,,Delhi,Software Engineer
E004232,2026-07-07 03:01:37.297297,job_viewed,C0923,J00677,U0550,Bangalore,Data Analyst
E003967,2026-07-07 03:27:34.054054,job_viewed,C0912,J00588,U2368,Pune,Sales
E004054,2026-07-07 04:45:24.324324,job_viewed,C0879,J00616,U1438,Delhi,Sales
E006449,2026-07-07 04:58:22.702702,application_submitted,C0818,J00940,U1659,Hyderabad,Marketing
E002543,2026-07-07 05:11:21.081081,job_viewed,C0868,J00112,U1125,Mumbai,HR
E003563,2026-07-07 05:24:19.459459,job_viewed,C0918,J00449,U2206,Noida,Business Analyst
E005859,2026-07-07 08:56:45.405405,application_submitted,C0932,J00138,U0495,Gurgaon,Data Analyst
E003750,2026-07-07 09:17:50.270270,job_viewed,C0819,J00512,U1980,Mumbai,Software Engineer
E004378,2026-07-07 09:17:50.270270,job_viewed,C0930,J00714,U1002,Noida,Data Analyst
E003926,2026-07-07 09:30:48.648648,job_viewed,C0869,J00572,U2635,Bangalore,Data Analyst
E004804,2026-07-07 10:48:38.918918,job_viewed,C0836,J00874,U1292,Mumbai,Data Analyst
E001632,2026-07-07 11:01:37.297297,job_posted,C0997,J00632,,Bangalore,Sales
E003735,2026-07-07 11:14:35.675675,job_viewed,C0936,J00509,U2903,Bangalore,HR
E006025,2026-07-07 11:24:19.459459,application_submitted,C0844,J00350,U0438,Bangalore,Marketing
E003430,2026-07-07 11:27:34.054054,job_viewed,C0986,J00396,U0058,Mumbai,Marketing
E006363,2026-07-07 11:51:53.513513,application_submitted,C0867,J00827,U1690,Mumbai,Sales
E006147,2026-07-07 14:48:38.918918,application_submitted,C0910,J00522,U2660,Pune,Sales
E003664,2026-07-07 17:30:48.648648,job_viewed,C0943,J00484,U2687,Hyderabad,Data Analyst
E004859,2026-07-07 19:01:37.297297,job_viewed,C0960,J00897,U1289,Noida,Data Analyst
E005635,2026-07-07 19:27:34.054054,job_viewed,C0949,J01154,U1301,Gurgaon,Business Analyst
E003310,2026-07-07 21:24:19.459459,job_viewed,C0844,J00351,U0358,Gurgaon,HR
E006292,2026-07-08 00:37:17.837837,application_submitted,C0857,J00721,U2939,Hyderabad,Data Analyst
E003803,2026-07-08 00:38:55.135135,job_viewed,C0928,J00530,U1891,Gurgaon,Data Analyst
E005617,2026-07-08 00:51:53.513513,job_viewed,C0978,J01150,U1392,Delhi,Data Analyst
E006613,2026-07-08 01:27:34.054054,application_submitted,C0949,J01154,U1301,Gurgaon,Business Analyst
E005171,2026-07-08 02:48:38.918918,job_viewed,C0984,J01001,U2584,Bangalore,Software Engineer
E002002,2026-07-08 02:48:38.918918,job_posted,C0984,J01002,,Lucknow,Business Analyst
E005497,2026-07-08 03:53:30.810810,job_viewed,C0901,J01120,U1112,Noida,Marketing
E006095,2026-07-08 04:25:56.756756,application_submitted,C0952,J00455,U1018,Lucknow,Software Engineer
E004058,2026-07-08 04:45:24.324324,job_viewed,C0879,J00617,U1489,Gurgaon,Business Analyst
E002551,2026-07-08 05:11:21.081081,job_viewed,C0868,J00114,U0271,Noida,Software Engineer
E002548,2026-07-08 05:11:21.081081,job_viewed,C0868,J00113,U0905,Mumbai,Business Analyst
E002841,2026-07-08 07:21:04.864864,job_viewed,C0924,J00200,U0492,Hyderabad,Marketing
E002696,2026-07-08 07:34:03.243243,job_viewed,C0974,J00162,U1188,Lucknow,Software Engineer
E003749,2026-07-08 09:17:50.270270,job_viewed,C0819,J00512,U0626,Mumbai,Software Engineer
E003737,2026-07-08 11:14:35.675675,job_viewed,C0936,J00509,U0022,Bangalore,HR
E006575,2026-07-08 11:53:30.810810,application_submitted,C0901,J01120,U1112,Noida,Marketing
E001258,2026-07-08 11:53:30.810810,job_posted,C0975,J00258,,Hyderabad,HR
E006115,2026-07-08 13:30:48.648648,application_submitted,C0943,J00484,U2687,Hyderabad,Data Analyst
E003288,2026-07-08 14:42:09.729729,job_viewed,C0848,J00346,U2663,Gurgaon,Marketing
E003665,2026-07-08 17:30:48.648648,job_viewed,C0943,J00484,U1959,Hyderabad,Data Analyst
E002605,2026-07-08 17:56:45.405405,job_viewed,C0932,J00138,U2898,Gurgaon,Data Analyst
E006215,2026-07-08 18:45:24.324324,application_submitted,C0879,J00617,U1489,Gurgaon,Business Analyst
E005748,2026-07-08 19:40:32.432432,job_viewed,C0888,J01200,U1466,Bangalore,Data Analyst
E002790,2026-07-08 20:32:25.945945,job_viewed,C0977,J00186,U2880,Noida,Data Analyst
E001673,2026-07-08 22:29:11.351351,job_posted,C0983,J00673,,Bangalore,Data Analyst
E003954,2026-07-08 23:34:03.243243,job_viewed,C0900,J00584,U2748,Pune,Business Analyst
E005506,2026-07-08 23:47:01.621621,job_viewed,C0839,J01123,U1584,Lucknow,HR
E005507,2026-07-08 23:47:01.621621,job_viewed,C0839,J01123,U2317,Lucknow,HR
E001195,2026-07-09 00:25:56.756756,job_posted,C0989,J00195,,Noida,Data Analyst
E002149,2026-07-09 00:51:53.513513,job_posted,C0978,J01149,,Delhi,Sales
E005840,2026-07-09 02:11:21.081081,application_submitted,C0868,J00113,U0905,Mumbai,Business Analyst
E005165,2026-07-09 02:48:38.918918,job_viewed,C0984,J01000,U1058,Bangalore,HR
E005178,2026-07-09 02:48:38.918918,job_viewed,C0984,J01002,U1333,Lucknow,Business Analyst
E004235,2026-07-09 03:01:37.297297,job_viewed,C0923,J00677,U1638,Bangalore,Data Analyst
E003969,2026-07-09 03:27:34.054054,job_viewed,C0912,J00588,U2967,Pune,Sales
E005101,2026-07-09 04:19:27.567567,job_viewed,C0890,J00979,U1098,Delhi,Sales
E002206,2026-07-09 04:45:24.324324,job_viewed,C0990,J00003,U0149,Bangalore,Software Engineer
E006026,2026-07-09 05:24:19.459459,application_submitted,C0844,J00351,U0358,Gurgaon,HR
E006252,2026-07-09 06:01:37.297297,application_submitted,C0923,J00677,U1638,Bangalore,Data Analyst
E003083,2026-07-09 06:55:08.108108,job_viewed,C0935,J00281,U0866,Mumbai,Software Engineer
E004377,2026-07-09 09:17:50.270270,job_viewed,C0930,J00714,U1987,Noida,Data Analyst
E005975,2026-07-09 10:55:08.108108,application_submitted,C0935,J00281,U0866,Mumbai,Software Engineer
E002631,2026-07-09 12:58:22.702702,job_viewed,C0892,J00142,U0685,Lucknow,Data Analyst
E006579,2026-07-09 13:47:01.621621,application_submitted,C0839,J01123,U2317,Lucknow,HR
E004264,2026-07-09 17:30:48.648648,job_viewed,C0832,J00683,U2215,Pune,Data Analyst
E003658,2026-07-09 17:30:48.648648,job_viewed,C0943,J00483,U2357,Noida,Data Analyst
E005459,2026-07-09 20:06:29.189189,job_viewed,C0988,J01108,U0901,Hyderabad,Data Analyst
E005879,2026-07-09 21:34:03.243243,application_submitted,C0974,J00162,U1188,Lucknow,Software Engineer
E003801,2026-07-10 00:38:55.135135,job_viewed,C0928,J00530,U0158,Gurgaon,Data Analyst
E005616,2026-07-10 00:51:53.513513,job_viewed,C0978,J01150,U2626,Delhi,Data Analyst
E006140,2026-07-10 02:14:35.675675,application_submitted,C0936,J00509,U0022,Bangalore,HR
E005857,2026-07-10 02:56:45.405405,application_submitted,C0932,J00138,U2898,Gurgaon,Data Analyst
E006565,2026-07-10 03:06:29.189189,application_submitted,C0988,J01108,U0901,Hyderabad,Data Analyst
E003965,2026-07-10 03:27:34.054054,job_viewed,C0912,J00588,U1861,Pune,Sales
E005499,2026-07-10 03:53:30.810810,job_viewed,C0901,J01120,U2474,Noida,Marketing
E003365,2026-07-10 04:06:29.189189,job_viewed,C0840,J00371,U2209,Bangalore,Marketing
E003566,2026-07-10 05:24:19.459459,job_viewed,C0918,J00449,U2494,Noida,Business Analyst
E003575,2026-07-10 08:25:56.756756,job_viewed,C0952,J00455,U1296,Lucknow,Software Engineer
E006501,2026-07-10 14:48:38.918918,application_submitted,C0984,J01002,U1333,Lucknow,Business Analyst
E004742,2026-07-10 15:08:06.486486,job_viewed,C0837,J00846,U1602,Mumbai,Marketing
E002272,2026-07-10 16:25:56.756756,job_viewed,C0915,J00023,U1089,Hyderabad,Sales
E006116,2026-07-10 16:30:48.648648,application_submitted,C0943,J00484,U1959,Hyderabad,Data Analyst
E005629,2026-07-10 19:27:34.054054,job_viewed,C0949,J01153,U2392,Noida,Business Analyst
E005754,2026-07-10 19:40:32.432432,job_viewed,C0888,J01200,U0612,Bangalore,Data Analyst
E004075,2026-07-10 23:08:06.486486,job_viewed,C0911,J00622,U1747,Lucknow,Data Analyst
E003333,2026-07-11 00:00:00.000000,job_viewed,C1000,J00359,U2921,Delhi,Software Engineer
E006217,2026-07-11 02:08:06.486486,application_submitted,C0911,J00622,U1747,Lucknow,Data Analyst
E003971,2026-07-11 03:27:34.054054,job_viewed,C0912,J00589,U1186,Pune,Marketing
E006042,2026-07-11 08:06:29.189189,application_submitted,C0840,J00371,U2209,Bangalore,Marketing
E004502,2026-07-11 09:43:47.027027,job_viewed,C0919,J00764,U2143,Bangalore,Marketing
E001631,2026-07-11 11:01:37.297297,job_posted,C0997,J00631,,Mumbai,Data Analyst
E003424,2026-07-11 11:27:34.054054,job_viewed,C0986,J00396,U1666,Mumbai,Marketing
E006035,2026-07-11 12:00:00.000000,application_submitted,C1000,J00359,U2921,Delhi,Software Engineer
E003663,2026-07-11 17:30:48.648648,job_viewed,C0943,J00483,U1306,Noida,Data Analyst
E002618,2026-07-11 17:56:45.405405,job_viewed,C0932,J00140,U0439,Mumbai,Marketing
E005630,2026-07-11 19:27:34.054054,job_viewed,C0949,J01154,U1217,Gurgaon,Business Analyst
E006612,2026-07-11 20:27:34.054054,application_submitted,C0949,J01154,U1217,Gurgaon,Business Analyst
E004082,2026-07-11 23:08:06.486486,job_viewed,C0911,J00623,U2400,Hyderabad,Marketing
E003955,2026-07-11 23:34:03.243243,job_viewed,C0900,J00584,U1387,Pune,Business Analyst
E002916,2026-07-11 23:47:01.621621,job_viewed,C0950,J00228,U0567,Noida,Software Engineer
E003421,2026-07-12 02:48:38.918918,job_viewed,C0873,J00391,U2745,Pune,HR
E002542,2026-07-12 05:11:21.081081,job_viewed,C0868,J00112,U2646,Mumbai,HR
E003561,2026-07-12 05:24:19.459459,job_viewed,C0918,J00449,U2234,Noida,Business Analyst
E005413,2026-07-12 06:29:11.351351,job_viewed,C0946,J01085,U2061,Lucknow,Marketing
E005414,2026-07-12 06:29:11.351351,job_viewed,C0946,J01087,U2706,Lucknow,HR
E004376,2026-07-12 09:17:50.270270,job_viewed,C0930,J00714,U2833,Noida,Data Analyst
E004380,2026-07-12 09:17:50.270270,job_viewed,C0930,J00715,U2234,Gurgaon,HR
E004807,2026-07-12 10:48:38.918918,job_viewed,C0836,J00874,U1981,Mumbai,Data Analyst
E004094,2026-07-12 11:01:37.297297,job_viewed,C0997,J00631,U2878,Mumbai,Data Analyst
E002865,2026-07-12 11:53:30.810810,job_viewed,C0864,J00208,U0806,Noida,Data Analyst
E006380,2026-07-12 13:08:06.486486,application_submitted,C0837,J00846,U1602,Mumbai,Marketing
E005360,2026-07-12 15:34:03.243243,job_viewed,C0937,J01061,U0581,Mumbai,HR
E005361,2026-07-12 15:34:03.243243,job_viewed,C0937,J01061,U2418,Mumbai,HR
E006286,2026-07-12 19:17:50.270270,application_submitted,C0930,J00715,U2234,Gurgaon,HR
E006403,2026-07-12 19:48:38.918918,application_submitted,C0836,J00874,U1981,Mumbai,Data Analyst
E005462,2026-07-12 20:06:29.189189,job_viewed,C0988,J01109,U2692,Pune,Marketing
E005454,2026-07-12 20:06:29.189189,job_viewed,C0988,J01108,U0207,Hyderabad,Data Analyst
E003303,2026-07-12 21:24:19.459459,job_viewed,C0844,J00350,U2704,Bangalore,Marketing
E002914,2026-07-12 23:47:01.621621,job_viewed,C0950,J00226,U0787,Pune,HR
E002915,2026-07-12 23:47:01.621621,job_viewed,C0950,J00227,U0177,Hyderabad,Data Analyst
E006544,2026-07-13 01:34:03.243243,application_submitted,C0937,J01061,U2418,Mumbai,HR
E002644,2026-07-13 03:14:35.675675,job_viewed,C0973,J00147,U0435,Lucknow,Software Engineer
E002546,2026-07-13 05:11:21.081081,job_viewed,C0868,J00112,U2081,Mumbai,HR
E003143,2026-07-13 05:37:17.837837,job_viewed,C0968,J00305,U1208,Pune,Marketing
E006054,2026-07-13 05:48:38.918918,application_submitted,C0873,J00391,U2745,Pune,HR
E006221,2026-07-13 14:01:37.297297,application_submitted,C0997,J00631,U2878,Mumbai,Data Analyst
E004743,2026-07-13 15:08:06.486486,job_viewed,C0837,J00846,U0319,Mumbai,Marketing
E003661,2026-07-13 17:30:48.648648,job_viewed,C0943,J00483,U1378,Noida,Data Analyst
E003786,2026-07-13 17:43:47.027027,job_viewed,C0882,J00527,U0604,Delhi,Data Analyst
E002612,2026-07-13 17:56:45.405405,job_viewed,C0932,J00139,U2586,Gurgaon,Data Analyst
E003775,2026-07-13 18:48:38.918918,job_viewed,C0910,J00522,U2127,Pune,Sales
E005750,2026-07-13 19:40:32.432432,job_viewed,C0888,J01200,U1615,Bangalore,Data Analyst
E004078,2026-07-13 23:08:06.486486,job_viewed,C0911,J00623,U2765,Hyderabad,Marketing
E003332,2026-07-14 00:00:00.000000,job_viewed,C1000,J00359,U1066,Delhi,Software Engineer
E006558,2026-07-14 00:29:11.351351,application_submitted,C0946,J01087,U2706,Lucknow,HR
E005712,2026-07-14 01:43:47.027027,job_viewed,C0956,J01184,U0458,Hyderabad,HR
E005177,2026-07-14 02:48:38.918918,job_viewed,C0984,J01002,U1240,Lucknow,Business Analyst
E004234,2026-07-14 03:01:37.297297,job_viewed,C0923,J00677,U0359,Bangalore,Data Analyst
E005498,2026-07-14 03:53:30.810810,job_viewed,C0901,J01120,U0176,Noida,Marketing
E004056,2026-07-14 04:45:24.324324,job_viewed,C0879,J00617,U1160,Gurgaon,Business Analyst
E004891,2026-07-14 06:03:14.594594,job_viewed,C0846,J00907,U0511,Bangalore,Data Analyst
E002843,2026-07-14 07:21:04.864864,job_viewed,C0924,J00200,U1704,Hyderabad,Marketing
E006251,2026-07-14 09:01:37.297297,application_submitted,C0923,J00677,U0359,Bangalore,Data Analyst
E003922,2026-07-14 09:30:48.648648,job_viewed,C0869,J00572,U2486,Bangalore,Data Analyst
E004333,2026-07-14 10:35:40.540540,job_viewed,C0897,J00706,U2111,Noida,Marketing
E003427,2026-07-14 11:27:34.054054,job_viewed,C0986,J00396,U0047,Mumbai,Marketing
E003426,2026-07-14 11:27:34.054054,job_viewed,C0986,J00396,U2624,Mumbai,Marketing
E005867,2026-07-14 17:14:35.675675,application_submitted,C0973,J00147,U0435,Lucknow,Software Engineer
E003794,2026-07-14 17:43:47.027027,job_viewed,C0882,J00529,U1964,Delhi,Marketing
E002614,2026-07-14 17:56:45.405405,job_viewed,C0932,J00139,U2605,Gurgaon,Data Analyst
E003769,2026-07-14 18:48:38.918918,job_viewed,C0910,J00521,U0254,Lucknow,Data Analyst
E004214,2026-07-14 20:19:27.567567,job_viewed,C0927,J00668,U1734,Mumbai,Marketing
E006576,2026-07-14 21:53:30.810810,application_submitted,C0901,J01120,U0176,Noida,Marketing
E004228,2026-07-14 22:29:11.351351,job_viewed,C0983,J00673,U0794,Bangalore,Data Analyst
E004077,2026-07-14 23:08:06.486486,job_viewed,C0911,J00622,U0245,Lucknow,Data Analyst
E003330,2026-07-15 00:00:00.000000,job_viewed,C1000,J00359,U0727,Delhi,Software Engineer
E003800,2026-07-15 00:38:55.135135,job_viewed,C0928,J00530,U1068,Gurgaon,Data Analyst
E003802,2026-07-15 00:38:55.135135,job_viewed,C0928,J00530,U0827,Gurgaon,Data Analyst
E005167,2026-07-15 02:48:38.918918,job_viewed,C0984,J01001,U0289,Bangalore,Software Engineer
E003420,2026-07-15 02:48:38.918918,job_viewed,C0873,J00391,U2691,Pune,HR
E002645,2026-07-15 03:14:35.675675,job_viewed,C0973,J00147,U1159,Lucknow,Software Engineer
E002637,2026-07-15 03:14:35.675675,job_viewed,C0973,J00146,U0919,Bangalore,Marketing
E006214,2026-07-15 03:45:24.324324,application_submitted,C0879,J00617,U1160,Gurgaon,Business Analyst
E006146,2026-07-15 03:48:38.918918,application_submitted,C0910,J00521,U0254,Lucknow,Data Analyst
E005911,2026-07-15 05:21:04.864864,application_submitted,C0924,J00200,U1704,Hyderabad,Marketing
E006218,2026-07-15 06:08:06.486486,application_submitted,C0911,J00622,U0245,Lucknow,Data Analyst
E005412,2026-07-15 06:29:11.351351,job_viewed,C0946,J01085,U1776,Lucknow,Marketing
E003085,2026-07-15 06:55:08.108108,job_viewed,C0935,J00281,U2416,Mumbai,Software Engineer
E002698,2026-07-15 07:34:03.243243,job_viewed,C0974,J00162,U0549,Lucknow,Software Engineer
E003578,2026-07-15 08:25:56.756756,job_viewed,C0952,J00455,U2851,Lucknow,Software Engineer
E004334,2026-07-15 10:35:40.540540,job_viewed,C0897,J00706,U0668,Noida,Marketing
E002860,2026-07-15 11:53:30.810810,job_viewed,C0864,J00208,U0548,Noida,Data Analyst
E002864,2026-07-15 11:53:30.810810,job_viewed,C0864,J00208,U0848,Noida,Data Analyst
E006148,2026-07-15 13:43:47.027027,application_submitted,C0882,J00527,U0604,Delhi,Data Analyst
E002981,2026-07-15 14:03:14.594594,job_viewed,C0920,J00249,U1136,Delhi,Software Engineer
E006033,2026-07-15 15:00:00.000000,application_submitted,C1000,J00359,U0727,Delhi,Software Engineer
E005299,2026-07-15 17:43:47.027027,job_viewed,C0993,J01040,U1556,Noida,Business Analyst
E002604,2026-07-15 17:56:45.405405,job_viewed,C0932,J00138,U0850,Gurgaon,Data Analyst
E004864,2026-07-15 19:01:37.297297,job_viewed,C0960,J00898,U2303,Hyderabad,Data Analyst
E005636,2026-07-15 19:27:34.054054,job_viewed,C0949,J01154,U1139,Gurgaon,Business Analyst
E005457,2026-07-15 20:06:29.189189,job_viewed,C0988,J01108,U1883,Hyderabad,Data Analyst
E002797,2026-07-15 20:32:25.945945,job_viewed,C0977,J00187,U1707,Lucknow,Business Analyst
E006275,2026-07-15 23:35:40.540540,application_submitted,C0897,J00706,U0668,Noida,Marketing
E006179,2026-07-16 01:30:48.648648,application_submitted,C0869,J00572,U2486,Bangalore,Data Analyst
E002587,2026-07-16 02:22:42.162162,job_viewed,C0995,J00130,U1232,Gurgaon,Data Analyst
E006149,2026-07-16 02:43:47.027027,application_submitted,C0882,J00529,U1964,Delhi,Marketing
E003975,2026-07-16 03:27:34.054054,job_viewed,C0912,J00589,U0582,Pune,Marketing
E006151,2026-07-16 05:38:55.135135,application_submitted,C0928,J00530,U0827,Gurgaon,Data Analyst
E005897,2026-07-16 07:32:25.945945,application_submitted,C0977,J00187,U1707,Lucknow,Business Analyst
E004903,2026-07-16 08:00:00.000000,job_viewed,C0963,J00914,U0157,Bangalore,Sales
E003923,2026-07-16 09:30:48.648648,job_viewed,C0869,J00572,U0706,Bangalore,Data Analyst
E003002,2026-07-16 11:53:30.810810,job_viewed,C0975,J00257,U1017,Hyderabad,HR
E002862,2026-07-16 11:53:30.810810,job_viewed,C0864,J00208,U0185,Noida,Data Analyst
E005918,2026-07-16 13:53:30.810810,application_submitted,C0864,J00208,U0848,Noida,Data Analyst
E002979,2026-07-16 14:03:14.594594,job_viewed,C0920,J00249,U0740,Delhi,Software Engineer
E005300,2026-07-16 17:43:47.027027,job_viewed,C0993,J01040,U2797,Noida,Business Analyst
E003770,2026-07-16 18:48:38.918918,job_viewed,C0910,J00521,U2068,Lucknow,Data Analyst
E005977,2026-07-16 20:55:08.108108,application_submitted,C0935,J00281,U2416,Mumbai,Software Engineer
E005170,2026-07-17 02:48:38.918918,job_viewed,C0984,J01001,U1987,Bangalore,Software Engineer
E004233,2026-07-17 03:01:37.297297,job_viewed,C0923,J00677,U0568,Bangalore,Data Analyst
E002642,2026-07-17 03:14:35.675675,job_viewed,C0973,J00147,U1490,Lucknow,Software Engineer
E002638,2026-07-17 03:14:35.675675,job_viewed,C0973,J00146,U0491,Bangalore,Marketing
E003973,2026-07-17 03:27:34.054054,job_viewed,C0912,J00589,U1841,Pune,Marketing
E006428,2026-07-17 05:00:00.000000,application_submitted,C0963,J00914,U0157,Bangalore,Sales
E005916,2026-07-17 05:53:30.810810,application_submitted,C0864,J00208,U0185,Noida,Data Analyst
E004374,2026-07-17 09:17:50.270270,job_viewed,C0930,J00714,U1075,Noida,Data Analyst
E006285,2026-07-17 10:17:50.270270,application_submitted,C0930,J00714,U1075,Noida,Data Analyst
E004331,2026-07-17 10:35:40.540540,job_viewed,C0897,J00706,U0081,Noida,Marketing
E004330,2026-07-17 10:35:40.540540,job_viewed,C0897,J00706,U0147,Noida,Marketing
E004098,2026-07-17 11:01:37.297297,job_viewed,C0997,J00631,U0942,Mumbai,Data Analyst
E005947,2026-07-17 12:03:14.594594,application_submitted,C0920,J00249,U1136,Delhi,Software Engineer
E003785,2026-07-17 17:43:47.027027,job_viewed,C0882,J00527,U0844,Delhi,Data Analyst
E004079,2026-07-17 23:08:06.486486,job_viewed,C0911,J00623,U1737,Hyderabad,Marketing
E003804,2026-07-18 00:38:55.135135,job_viewed,C0928,J00530,U0512,Gurgaon,Data Analyst
E005618,2026-07-18 00:51:53.513513,job_viewed,C0978,J01150,U0849,Delhi,Data Analyst
E005611,2026-07-18 00:51:53.513513,job_viewed,C0978,J01149,U0171,Delhi,Sales
E005174,2026-07-18 02:48:38.918918,job_viewed,C0984,J01002,U0848,Lucknow,Business Analyst
E004231,2026-07-18 03:01:37.297297,job_viewed,C0923,J00677,U0271,Bangalore,Data Analyst
E005496,2026-07-18 03:53:30.810810,job_viewed,C0901,J01120,U0950,Noida,Marketing
E004647,2026-07-18 04:32:25.945945,job_viewed,C0940,J00813,U2652,Noida,Marketing
E006574,2026-07-18 04:53:30.810810,application_submitted,C0901,J01120,U0950,Noida,Marketing
E003141,2026-07-18 05:37:17.837837,job_viewed,C0968,J00304,U0998,Lucknow,Software Engineer
E003142,2026-07-18 05:37:17.837837,job_viewed,C0968,J00304,U2103,Lucknow,Software Engineer
E004439,2026-07-18 06:03:14.594594,job_viewed,C0957,J00732,U2863,Pune,HR
E002844,2026-07-18 07:21:04.864864,job_viewed,C0924,J00200,U2896,Hyderabad,Marketing
E004375,2026-07-18 09:17:50.270270,job_viewed,C0930,J00714,U1284,Noida,Data Analyst
E003422,2026-07-18 17:04:51.891891,job_viewed,C0954,J00392,U0386,Bangalore,Sales
E003956,2026-07-18 23:34:03.243243,job_viewed,C0900,J00584,U2250,Pune,Business Analyst
E002588,2026-07-19 02:22:42.162162,job_viewed,C0995,J00130,U1736,Gurgaon,Data Analyst
E005175,2026-07-19 02:48:38.918918,job_viewed,C0984,J01002,U1312,Lucknow,Business Analyst
E002640,2026-07-19 03:14:35.675675,job_viewed,C0973,J00146,U1941,Bangalore,Marketing
E006152,2026-07-19 04:38:55.135135,application_submitted,C0928,J00530,U0512,Gurgaon,Data Analyst
E003146,2026-07-19 05:37:17.837837,job_viewed,C0968,J00305,U0373,Pune,Marketing
E004443,2026-07-19 06:03:14.594594,job_viewed,C0957,J00732,U1096,Pune,HR
E005415,2026-07-19 06:29:11.351351,job_viewed,C0946,J01087,U1134,Lucknow,HR
E005417,2026-07-19 06:29:11.351351,job_viewed,C0946,J01087,U0279,Lucknow,HR
E005364,2026-07-19 06:42:09.729729,job_viewed,C0885,J01062,U0770,Pune,Business Analyst
E002842,2026-07-19 07:21:04.864864,job_viewed,C0924,J00200,U0061,Hyderabad,Marketing
E003577,2026-07-19 08:25:56.756756,job_viewed,C0952,J00455,U1448,Lucknow,Software Engineer
E002623,2026-07-19 17:56:45.405405,job_viewed,C0932,J00140,U2301,Mumbai,Marketing
E005455,2026-07-19 20:06:29.189189,job_viewed,C0988,J01108,U2351,Hyderabad,Data Analyst
E003798,2026-07-20 00:38:55.135135,job_viewed,C0928,J00530,U2749,Gurgaon,Data Analyst
E005714,2026-07-20 01:43:47.027027,job_viewed,C0956,J01184,U2997,Hyderabad,HR
E002782,2026-07-20 04:06:29.189189,job_viewed,C0951,J00183,U0130,Lucknow,Marketing
E004442,2026-07-20 06:03:14.594594,job_viewed,C0957,J00732,U0167,Pune,HR
E005991,2026-07-20 06:37:17.837837,application_submitted,C0968,J00305,U0373,Pune,Marketing
E005118,2026-07-20 07:08:06.486486,job_viewed,C0985,J00987,U0907,Delhi,Sales
E002845,2026-07-20 07:21:04.864864,job_viewed,C0924,J00200,U0065,Hyderabad,Marketing
E003579,2026-07-20 08:25:56.756756,job_viewed,C0952,J00455,U2069,Lucknow,Software Engineer
E003574,2026-07-20 08:25:56.756756,job_viewed,C0952,J00455,U0592,Lucknow,Software Engineer
E003429,2026-07-20 11:27:34.054054,job_viewed,C0986,J00396,U1646,Mumbai,Marketing
E005456,2026-07-20 20:06:29.189189,job_viewed,C0988,J01108,U1441,Hyderabad,Data Analyst
E004081,2026-07-20 23:08:06.486486,job_viewed,C0911,J00623,U1392,Hyderabad,Marketing
E005176,2026-07-21 02:48:38.918918,job_viewed,C0984,J01002,U2877,Lucknow,Business Analyst
E004440,2026-07-21 06:03:14.594594,job_viewed,C0957,J00732,U2251,Pune,HR
E006096,2026-07-21 12:25:56.756756,application_submitted,C0952,J00455,U2069,Lucknow,Software Engineer
E002617,2026-07-21 17:56:45.405405,job_viewed,C0932,J00140,U1874,Mumbai,Marketing
E002796,2026-07-21 20:32:25.945945,job_viewed,C0977,J00187,U2173,Lucknow,Business Analyst
E002639,2026-07-22 03:14:35.675675,job_viewed,C0973,J00146,U1879,Bangalore,Marketing
E004648,2026-07-22 04:32:25.945945,job_viewed,C0940,J00814,U2187,Mumbai,Sales
E002204,2026-07-22 04:45:24.324324,job_viewed,C0990,J00003,U0129,Bangalore,Software Engineer
E005411,2026-07-22 06:29:11.351351,job_viewed,C0946,J01085,U0667,Lucknow,Marketing
E005866,2026-07-22 10:14:35.675675,application_submitted,C0973,J00146,U1879,Bangalore,Marketing
E003003,2026-07-22 11:53:30.810810,job_viewed,C0975,J00257,U1962,Hyderabad,HR
E006352,2026-07-22 18:32:25.945945,application_submitted,C0940,J00814,U2187,Mumbai,Sales
E003774,2026-07-22 18:48:38.918918,job_viewed,C0910,J00522,U0503,Pune,Sales
E005460,2026-07-22 20:06:29.189189,job_viewed,C0988,J01109,U1094,Pune,Marketing
E003952,2026-07-22 23:34:03.243243,job_viewed,C0900,J00584,U2721,Pune,Business Analyst
E005620,2026-07-23 00:51:53.513513,job_viewed,C0978,J01150,U2426,Delhi,Data Analyst
E005163,2026-07-23 02:48:38.918918,job_viewed,C0984,J01000,U2062,Bangalore,HR
E005172,2026-07-23 02:48:38.918918,job_viewed,C0984,J01001,U2118,Bangalore,Software Engineer
E002646,2026-07-23 03:14:35.675675,job_viewed,C0973,J00147,U1456,Lucknow,Software Engineer
E002635,2026-07-23 03:14:35.675675,job_viewed,C0973,J00146,U0064,Bangalore,Marketing
E002208,2026-07-23 04:45:24.324324,job_viewed,C0990,J00003,U0628,Bangalore,Software Engineer
E003145,2026-07-23 05:37:17.837837,job_viewed,C0968,J00305,U1222,Pune,Marketing
E003144,2026-07-23 05:37:17.837837,job_viewed,C0968,J00305,U1392,Pune,Marketing
E005760,2026-07-23 11:45:24.324324,application_submitted,C0990,J00003,U0628,Bangalore,Software Engineer
E005302,2026-07-23 17:43:47.027027,job_viewed,C0993,J01040,U0662,Noida,Business Analyst
E004257,2026-07-23 18:35:40.540540,job_viewed,C0971,J00682,U2830,Pune,Marketing
E004861,2026-07-23 19:01:37.297297,job_viewed,C0960,J00898,U0139,Hyderabad,Data Analyst
E004866,2026-07-23 19:01:37.297297,job_viewed,C0960,J00898,U0676,Hyderabad,Data Analyst
E005615,2026-07-24 00:51:53.513513,job_viewed,C0978,J01150,U1133,Delhi,Data Analyst
E005296,2026-07-24 17:43:47.027027,job_viewed,C0993,J01040,U0948,Noida,Business Analyst
E005301,2026-07-24 17:43:47.027027,job_viewed,C0993,J01040,U2294,Noida,Business Analyst
E006500,2026-07-24 19:48:38.918918,application_submitted,C0984,J01001,U2118,Bangalore,Software Engineer
E002798,2026-07-24 20:32:25.945945,job_viewed,C0977,J00187,U1568,Lucknow,Business Analyst
E006524,2026-07-24 23:43:47.027027,application_submitted,C0993,J01040,U0948,Noida,Business Analyst
E005610,2026-07-25 00:51:53.513513,job_viewed,C0978,J01149,U2883,Delhi,Sales
E003568,2026-07-25 05:24:19.459459,job_viewed,C0918,J00451,U1974,Mumbai,HR
E006412,2026-07-25 08:01:37.297297,application_submitted,C0960,J00898,U0139,Hyderabad,Data Analyst
E004373,2026-07-25 09:17:50.270270,job_viewed,C0930,J00714,U1973,Noida,Data Analyst
E004504,2026-07-25 09:43:47.027027,job_viewed,C0919,J00764,U0254,Bangalore,Marketing
E004097,2026-07-25 11:01:37.297297,job_viewed,C0997,J00631,U2112,Mumbai,Data Analyst
E004093,2026-07-25 11:01:37.297297,job_viewed,C0997,J00631,U0606,Mumbai,Data Analyst
E003739,2026-07-25 11:14:35.675675,job_viewed,C0936,J00509,U1761,Bangalore,HR
E006526,2026-07-25 12:43:47.027027,application_submitted,C0993,J01040,U2294,Noida,Business Analyst
E005898,2026-07-25 16:32:25.945945,application_submitted,C0977,J00187,U1568,Lucknow,Business Analyst
E005634,2026-07-25 19:27:34.054054,job_viewed,C0949,J01154,U0792,Gurgaon,Business Analyst
E005463,2026-07-25 20:06:29.189189,job_viewed,C0988,J01109,U2013,Pune,Marketing
E006607,2026-07-25 21:51:53.513513,application_submitted,C0978,J01149,U2883,Delhi,Sales
E004095,2026-07-26 11:01:37.297297,job_viewed,C0997,J00631,U1295,Mumbai,Data Analyst
E004256,2026-07-26 18:35:40.540540,job_viewed,C0971,J00682,U2947,Pune,Marketing
E004865,2026-07-26 19:01:37.297297,job_viewed,C0960,J00898,U1556,Hyderabad,Data Analyst
E002791,2026-07-26 20:32:25.945945,job_viewed,C0977,J00186,U2722,Noida,Data Analyst
E002917,2026-07-26 23:47:01.621621,job_viewed,C0950,J00228,U1332,Noida,Software Engineer
E005179,2026-07-27 02:48:38.918918,job_viewed,C0984,J01002,U2380,Lucknow,Business Analyst
E002636,2026-07-27 03:14:35.675675,job_viewed,C0973,J00146,U2987,Bangalore,Marketing
E002697,2026-07-27 07:34:03.243243,job_viewed,C0974,J00162,U0653,Lucknow,Software Engineer
E004503,2026-07-27 09:43:47.027027,job_viewed,C0919,J00764,U2089,Bangalore,Marketing
E003740,2026-07-27 11:14:35.675675,job_viewed,C0936,J00509,U1117,Bangalore,HR
E006316,2026-07-27 14:43:47.027027,application_submitted,C0919,J00764,U2089,Bangalore,Marketing
E002620,2026-07-27 17:56:45.405405,job_viewed,C0932,J00140,U0699,Mumbai,Marketing
E002619,2026-07-27 17:56:45.405405,job_viewed,C0932,J00140,U1884,Mumbai,Marketing
E002622,2026-07-27 17:56:45.405405,job_viewed,C0932,J00140,U2939,Mumbai,Marketing
E002792,2026-07-27 20:32:25.945945,job_viewed,C0977,J00186,U0157,Noida,Data Analyst
E002205,2026-07-28 04:45:24.324324,job_viewed,C0990,J00003,U1602,Bangalore,Software Engineer
E002209,2026-07-28 04:45:24.324324,job_viewed,C0990,J00003,U1493,Bangalore,Software Engineer
E004904,2026-07-28 08:00:00.000000,job_viewed,C0963,J00915,U1728,Delhi,Business Analyst
E003741,2026-07-28 11:14:35.675675,job_viewed,C0936,J00509,U1127,Bangalore,HR
E005298,2026-07-28 17:43:47.027027,job_viewed,C0993,J01040,U2579,Noida,Business Analyst
E005863,2026-07-28 23:56:45.405405,application_submitted,C0932,J00140,U2939,Mumbai,Marketing
E002589,2026-07-29 02:22:42.162162,job_viewed,C0995,J00130,U0306,Gurgaon,Data Analyst
E005166,2026-07-29 02:48:38.918918,job_viewed,C0984,J01000,U0592,Bangalore,HR
E002641,2026-07-29 03:14:35.675675,job_viewed,C0973,J00146,U2663,Bangalore,Marketing
E002643,2026-07-29 03:14:35.675675,job_viewed,C0973,J00147,U1327,Lucknow,Software Engineer
E005759,2026-07-29 08:45:24.324324,application_submitted,C0990,J00003,U1602,Bangalore,Software Engineer
E004102,2026-07-29 11:01:37.297297,job_viewed,C0997,J00632,U1337,Bangalore,Sales
E004255,2026-07-29 18:35:40.540540,job_viewed,C0971,J00682,U2108,Pune,Marketing
E005612,2026-07-30 00:51:53.513513,job_viewed,C0978,J01149,U1554,Delhi,Sales
E005173,2026-07-30 02:48:38.918918,job_viewed,C0984,J01002,U2854,Lucknow,Business Analyst
E003140,2026-07-30 05:37:17.837837,job_viewed,C0968,J00304,U0639,Lucknow,Software Engineer
E003738,2026-07-30 11:14:35.675675,job_viewed,C0936,J00509,U0843,Bangalore,HR
E006608,2026-07-30 20:51:53.513513,application_submitted,C0978,J01149,U1554,Delhi,Sales
E002822,2026-07-31 00:25:56.756756,job_viewed,C0989,J00195,U0241,Noida,Data Analyst
E002207,2026-07-31 04:45:24.324324,job_viewed,C0990,J00003,U0852,Bangalore,Software Engineer
E006259,2026-07-31 10:35:40.540540,application_submitted,C0971,J00682,U2108,Pune,Marketing
E004096,2026-07-31 11:01:37.297297,job_viewed,C0997,J00631,U0746,Mumbai,Data Analyst
E003425,2026-07-31 11:27:34.054054,job_viewed,C0986,J00396,U0809,Mumbai,Marketing
E003005,2026-07-31 11:53:30.810810,job_viewed,C0975,J00258,U0738,Hyderabad,HR
E004101,2026-08-01 11:01:37.297297,job_viewed,C0997,J00632,U1588,Bangalore,Sales
E005297,2026-08-01 17:43:47.027027,job_viewed,C0993,J01040,U2458,Noida,Business Analyst
E006525,2026-08-01 18:43:47.027027,application_submitted,C0993,J01040,U2458,Noida,Business Analyst
E005614,2026-08-02 00:51:53.513513,job_viewed,C0978,J01149,U0027,Delhi,Sales
E003004,2026-08-02 11:53:30.810810,job_viewed,C0975,J00258,U0843,Hyderabad,HR
E005458,2026-08-02 20:06:29.189189,job_viewed,C0988,J01108,U0185,Hyderabad,Data Analyst
E004862,2026-08-03 19:01:37.297297,job_viewed,C0960,J00898,U2764,Hyderabad,Data Analyst
E004863,2026-08-03 19:01:37.297297,job_viewed,C0960,J00898,U0762,Hyderabad,Data Analyst
E005613,2026-08-04 00:51:53.513513,job_viewed,C0978,J01149,U1596,Delhi,Sales
E002210,2026-08-04 04:45:24.324324,job_viewed,C0990,J00003,U0884,Bangalore,Software Engineer
E004099,2026-08-04 11:01:37.297297,job_viewed,C0997,J00631,U2297,Mumbai,Data Analyst
E006414,2026-08-04 18:01:37.297297,application_submitted,C0960,J00898,U0762,Hyderabad,Data Analyst
E003331,2026-08-05 00:00:00.000000,job_viewed,C1000,J00359,U2602,Delhi,Software Engineer
E004100,2026-08-05 11:01:37.297297,job_viewed,C0997,J00632,U2783,Bangalore,Sales
E006609,2026-08-05 11:51:53.513513,application_submitted,C0978,J01149,U1596,Delhi,Sales
E006034,2026-08-05 15:00:00.000000,application_submitted,C1000,J00359,U2602,Delhi,Software Engineer
E006413,2026-08-05 17:01:37.297297,application_submitted,C0960,J00898,U2764,Hyderabad,Data Analyst
